game_id,season,round,round_name,stage,date,venue,home,away,home_goals,home_behinds,away_goals,away_behinds,home_score,away_score,home_shots,away_shots,home_accuracy,away_accuracy,margin,shot_margin,is_draw
2603,2015,1,Round 1,home_and_away,2015-04-02 19:20:00,M.C.G.,Carlton,Richmond,11,12,15,15,78,105,23,30,0.4782608695652174,0.5,-27,-7,False
2604,2015,1,Round 1,home_and_away,2015-04-04 13:40:00,M.C.G.,Melbourne,Gold Coast,17,13,13,11,115,89,30,24,0.5666666666666667,0.5416666666666666,26,6,False
2605,2015,1,Round 1,home_and_away,2015-04-04 16:35:00,Stadium Australia,Sydney,Essendon,10,12,9,6,72,60,22,15,0.45454545454545453,0.6,12,7,False
2606,2015,1,Round 1,home_and_away,2015-04-04 19:20:00,Gabba,Brisbane Lions,Collingwood,11,8,12,14,74,86,19,26,0.5789473684210527,0.46153846153846156,-12,-7,False
2607,2015,1,Round 1,home_and_away,2015-04-04 19:20:00,Docklands,Western Bulldogs,West Coast,14,13,14,3,97,87,27,17,0.5185185185185185,0.8235294117647058,10,10,False
2613,2015,1,Round 1,home_and_away,2015-04-05 13:10:00,Docklands,St Kilda,Greater Western Sydney,11,12,12,15,78,87,23,27,0.4782608695652174,0.4444444444444444,-9,-4,False
2614,2015,1,Round 1,home_and_away,2015-04-05 15:20:00,Adelaide Oval,Adelaide,North Melbourne,21,14,9,9,140,63,35,18,0.6,0.5,77,17,False
2615,2015,1,Round 1,home_and_away,2015-04-05 18:40:00,Subiaco,Fremantle,Port Adelaide,11,9,10,8,75,68,20,18,0.55,0.5555555555555556,7,2,False
2616,2015,1,Round 1,home_and_away,2015-04-06 15:20:00,M.C.G.,Hawthorn,Geelong,17,21,8,13,123,61,38,21,0.4473684210526316,0.38095238095238093,62,17,False
2617,2015,2,Round 2,home_and_away,2015-04-10 20:10:00,Subiaco,West Coast,Carlton,20,11,9,8,131,62,31,17,0.6451612903225806,0.5294117647058824,69,14,False
2618,2015,2,Round 2,home_and_away,2015-04-11 13:45:00,M.C.G.,Richmond,Western Bulldogs,9,12,12,13,66,85,21,25,0.42857142857142855,0.48,-19,-4,False
2619,2015,2,Round 2,home_and_away,2015-04-11 14:10:00,UNSW Canberra Oval,Greater Western Sydney,Melbourne,15,11,8,8,101,56,26,16,0.5769230769230769,0.5,45,10,False
2620,2015,2,Round 2,home_and_away,2015-04-11 16:35:00,Docklands,Collingwood,Adelaide,9,9,12,18,63,90,18,30,0.5,0.4,-27,-12,False
2621,2015,2,Round 2,home_and_away,2015-04-11 19:20:00,Carrara,Gold Coast,St Kilda,10,16,16,8,76,104,26,24,0.38461538461538464,0.6666666666666666,-28,2,False
2622,2015,2,Round 2,home_and_away,2015-04-11 19:40:00,Adelaide Oval,Port Adelaide,Sydney,6,8,14,8,44,92,14,22,0.42857142857142855,0.6363636363636364,-48,-8,False
2638,2015,2,Round 2,home_and_away,2015-04-12 13:10:00,GMHBA Stadium,Geelong,Fremantle,9,6,15,14,60,104,15,29,0.6,0.5172413793103449,-44,-14,False
2639,2015,2,Round 2,home_and_away,2015-04-12 15:20:00,M.C.G.,Essendon,Hawthorn,12,6,11,10,78,76,18,21,0.6666666666666666,0.5238095238095238,2,-3,False
2640,2015,2,Round 2,home_and_away,2015-04-12 16:40:00,Docklands,North Melbourne,Brisbane Lions,20,13,7,9,133,51,33,16,0.6060606060606061,0.4375,82,17,False
2641,2015,3,Round 3,home_and_away,2015-04-17 19:50:00,M.C.G.,Collingwood,St Kilda,21,14,10,6,140,66,35,16,0.6,0.625,74,19,False
2642,2015,3,Round 3,home_and_away,2015-04-18 13:45:00,M.C.G.,Carlton,Essendon,11,18,16,9,84,105,29,25,0.3793103448275862,0.64,-21,4,False
2654,2015,3,Round 3,home_and_away,2015-04-18 14:10:00,Adelaide Oval,Adelaide,Melbourne,12,8,7,13,80,55,20,20,0.6,0.35,25,0,False
2655,2015,3,Round 3,home_and_away,2015-04-18 16:35:00,S.C.G.,Sydney,Greater Western Sydney,16,15,12,18,111,90,31,30,0.5161290322580645,0.4,21,1,False
2657,2015,3,Round 3,home_and_away,2015-04-18 19:20:00,Gabba,Brisbane Lions,Richmond,8,10,21,11,58,137,18,32,0.4444444444444444,0.65625,-79,-14,False
2656,2015,3,Round 3,home_and_away,2015-04-18 19:20:00,Docklands,North Melbourne,Port Adelaide,16,9,17,11,105,113,25,28,0.64,0.6071428571428571,-8,-3,False
2658,2015,3,Round 3,home_and_away,2015-04-19 13:10:00,University of Tasmania Stadium,Hawthorn,Western Bulldogs,19,13,8,9,127,57,32,17,0.59375,0.47058823529411764,70,15,False
2659,2015,3,Round 3,home_and_away,2015-04-19 15:20:00,GMHBA Stadium,Geelong,Gold Coast,16,9,13,18,105,96,25,31,0.64,0.41935483870967744,9,-6,False
2660,2015,3,Round 3,home_and_away,2015-04-19 16:40:00,Subiaco,West Coast,Fremantle,12,9,17,9,81,111,21,26,0.5714285714285714,0.6538461538461539,-30,-5,False
2661,2015,4,Round 4,home_and_away,2015-04-24 19:50:00,M.C.G.,Richmond,Melbourne,6,15,12,11,51,83,21,23,0.2857142857142857,0.5217391304347826,-32,-2,False
2662,2015,4,Round 4,home_and_away,2015-04-25 11:10:00,Wellington,St Kilda,Carlton,12,9,18,13,81,121,21,31,0.5714285714285714,0.5806451612903226,-40,-10,False
2665,2015,4,Round 4,home_and_away,2015-04-25 14:40:00,M.C.G.,Essendon,Collingwood,6,13,9,15,49,69,19,24,0.3157894736842105,0.375,-20,-5,False
2666,2015,4,Round 4,home_and_away,2015-04-25 17:40:00,UNSW Canberra Oval,Greater Western Sydney,Gold Coast,16,23,7,11,119,53,39,18,0.41025641025641024,0.3888888888888889,66,21,False
2667,2015,4,Round 4,home_and_away,2015-04-25 19:40:00,Adelaide Oval,Port Adelaide,Hawthorn,15,9,13,13,99,91,24,26,0.625,0.5,8,-2,False
2668,2015,4,Round 4,home_and_away,2015-04-25 20:45:00,Subiaco,Fremantle,Sydney,11,8,8,12,74,60,19,20,0.5789473684210527,0.4,14,-1,False
2669,2015,4,Round 4,home_and_away,2015-04-26 13:10:00,Gabba,Brisbane Lions,West Coast,9,11,17,16,65,118,20,33,0.45,0.5151515151515151,-53,-13,False
2670,2015,4,Round 4,home_and_away,2015-04-26 15:20:00,GMHBA Stadium,Geelong,North Melbourne,9,13,12,11,67,83,22,23,0.4090909090909091,0.5217391304347826,-16,-1,False
2671,2015,4,Round 4,home_and_away,2015-04-26 16:40:00,Docklands,Western Bulldogs,Adelaide,18,17,10,8,125,68,35,18,0.5142857142857142,0.5555555555555556,57,17,False
2672,2015,5,Round 5,home_and_away,2015-05-01 19:50:00,M.C.G.,Carlton,Collingwood,6,9,18,12,45,120,15,30,0.4,0.6,-75,-15,False
2673,2015,5,Round 5,home_and_away,2015-05-02 13:45:00,M.C.G.,Richmond,Geelong,11,10,12,13,76,85,21,25,0.5238095238095238,0.48,-9,-4,False
2674,2015,5,Round 5,home_and_away,2015-05-02 14:10:00,S.C.G.,Sydney,Western Bulldogs,10,13,11,11,73,77,23,22,0.43478260869565216,0.5,-4,1,False
2675,2015,5,Round 5,home_and_away,2015-05-02 16:35:00,Carrara,Gold Coast,Brisbane Lions,18,10,7,12,118,54,28,19,0.6428571428571429,0.3684210526315789,64,9,False
2676,2015,5,Round 5,home_and_away,2015-05-02 19:20:00,Docklands,North Melbourne,Hawthorn,10,10,19,16,70,130,20,35,0.5,0.5428571428571428,-60,-15,False
2677,2015,5,Round 5,home_and_away,2015-05-02 19:40:00,Subiaco,West Coast,Greater Western Sydney,18,12,4,9,120,33,30,13,0.6,0.3076923076923077,87,17,False
2678,2015,5,Round 5,home_and_away,2015-05-03 13:10:00,M.C.G.,Melbourne,Fremantle,6,14,18,10,50,118,20,28,0.3,0.6428571428571429,-68,-8,False
2679,2015,5,Round 5,home_and_away,2015-05-03 15:20:00,Docklands,St Kilda,Essendon,11,14,11,16,80,82,25,27,0.44,0.4074074074074074,-2,-2,False
2680,2015,5,Round 5,home_and_away,2015-05-03 16:40:00,Adelaide Oval,Adelaide,Port Adelaide,13,13,18,7,91,115,26,25,0.5,0.72,-24,1,False
2681,2015,6,Round 6,home_and_away,2015-05-08 19:50:00,M.C.G.,Collingwood,Geelong,8,11,15,10,59,100,19,25,0.42105263157894735,0.6,-41,-6,False
2682,2015,6,Round 6,home_and_away,2015-05-09 13:45:00,Bellerive Oval,North Melbourne,Richmond,16,13,10,14,109,74,29,24,0.5517241379310345,0.4166666666666667,35,5,False
2694,2015,6,Round 6,home_and_away,2015-05-09 14:10:00,Docklands,Western Bulldogs,St Kilda,13,9,14,10,87,94,22,24,0.5909090909090909,0.5833333333333334,-7,-2,False
2695,2015,6,Round 6,home_and_away,2015-05-09 16:35:00,Sydney Showground,Greater Western Sydney,Hawthorn,16,12,14,14,108,98,28,28,0.5714285714285714,0.5,10,0,False
2696,2015,6,Round 6,home_and_away,2015-05-09 17:10:00,Carrara,Gold Coast,Adelaide,11,12,18,11,78,119,23,29,0.4782608695652174,0.6206896551724138,-41,-6,False
2697,2015,6,Round 6,home_and_away,2015-05-09 19:20:00,M.C.G.,Melbourne,Sydney,7,8,12,16,50,88,15,28,0.4666666666666667,0.42857142857142855,-38,-13,False
2698,2015,6,Round 6,home_and_away,2015-05-09 20:10:00,Subiaco,Fremantle,Essendon,12,8,7,10,80,52,20,17,0.6,0.4117647058823529,28,3,False
2699,2015,6,Round 6,home_and_away,2015-05-10 15:20:00,Docklands,Carlton,Brisbane Lions,11,9,12,12,75,84,20,24,0.55,0.5,-9,-4,False
2700,2015,6,Round 6,home_and_away,2015-05-10 16:40:00,Adelaide Oval,Port Adelaide,West Coast,10,8,11,12,68,78,18,23,0.5555555555555556,0.4782608695652174,-10,-5,False
2701,2015,7,Round 7,home_and_away,2015-05-15 19:50:00,Docklands,Essendon,North Melbourne,12,10,13,15,82,93,22,28,0.5454545454545454,0.4642857142857143,-11,-6,False
2702,2015,7,Round 7,home_and_away,2015-05-16 13:45:00,Adelaide Oval,Adelaide,St Kilda,18,11,10,13,119,73,29,23,0.6206896551724138,0.43478260869565216,46,6,False
2707,2015,7,Round 7,home_and_away,2015-05-16 14:10:00,M.C.G.,Hawthorn,Melbourne,24,11,7,8,155,50,35,15,0.6857142857142857,0.4666666666666667,105,20,False
2708,2015,7,Round 7,home_and_away,2015-05-16 16:35:00,Docklands,Carlton,Greater Western Sydney,9,3,19,21,57,135,12,40,0.75,0.475,-78,-28,False
2709,2015,7,Round 7,home_and_away,2015-05-16 19:20:00,Stadium Australia,Sydney,Geelong,18,12,11,11,120,77,30,22,0.6,0.5,43,8,False
2710,2015,7,Round 7,home_and_away,2015-05-16 19:40:00,Subiaco,West Coast,Gold Coast,21,9,6,7,135,43,30,13,0.7,0.46153846153846156,92,17,False
2711,2015,7,Round 7,home_and_away,2015-05-17 13:10:00,Docklands,Western Bulldogs,Fremantle,14,4,15,11,88,101,18,26,0.7777777777777778,0.5769230769230769,-13,-8,False
2712,2015,7,Round 7,home_and_away,2015-05-17 15:20:00,M.C.G.,Richmond,Collingwood,16,9,15,10,105,100,25,25,0.64,0.6,5,0,False
2713,2015,7,Round 7,home_and_away,2015-05-17 16:40:00,Gabba,Brisbane Lions,Port Adelaide,15,12,8,17,102,65,27,25,0.5555555555555556,0.32,37,2,False
2714,2015,8,Round 8,home_and_away,2015-05-22 19:50:00,Docklands,Geelong,Carlton,22,8,9,9,140,63,30,18,0.7333333333333333,0.5,77,12,False
2715,2015,8,Round 8,home_and_away,2015-05-23 13:45:00,Docklands,St Kilda,West Coast,12,6,20,11,78,131,18,31,0.6666666666666666,0.6451612903225806,-53,-13,False
2716,2015,8,Round 8,home_and_away,2015-05-23 14:10:00,Sydney Showground,Greater Western Sydney,Adelaide,16,12,12,12,108,84,28,24,0.5714285714285714,0.5,24,4,False
2717,2015,8,Round 8,home_and_away,2015-05-23 16:35:00,Carrara,Gold Coast,Collingwood,9,9,20,12,63,132,18,32,0.5,0.625,-69,-14,False
2718,2015,8,Round 8,home_and_away,2015-05-23 19:20:00,M.C.G.,Hawthorn,Sydney,9,15,11,7,69,73,24,18,0.375,0.6111111111111112,-4,6,False
2719,2015,8,Round 8,home_and_away,2015-05-23 19:40:00,Subiaco,Fremantle,North Melbourne,17,13,5,12,115,42,30,17,0.5666666666666667,0.29411764705882354,73,13,False
2720,2015,8,Round 8,home_and_away,2015-05-24 13:10:00,Docklands,Essendon,Brisbane Lions,21,10,12,6,136,78,31,18,0.6774193548387096,0.6666666666666666,58,13,False
2721,2015,8,Round 8,home_and_away,2015-05-24 15:20:00,M.C.G.,Melbourne,Western Bulldogs,15,13,9,10,103,64,28,19,0.5357142857142857,0.47368421052631576,39,9,False
2722,2015,8,Round 8,home_and_away,2015-05-24 16:40:00,Adelaide Oval,Port Adelaide,Richmond,5,13,11,10,43,76,18,21,0.2777777777777778,0.5238095238095238,-33,-3,False
2732,2015,9,Round 9,home_and_away,2015-05-29 19:50:00,S.C.G.,Sydney,Carlton,19,8,9,8,122,62,27,17,0.7037037037037037,0.5294117647058824,60,10,False
2733,2015,9,Round 9,home_and_away,2015-05-30 13:45:00,University of Tasmania Stadium,Hawthorn,Gold Coast,14,9,6,4,93,40,23,10,0.6086956521739131,0.6,53,13,False
2734,2015,9,Round 9,home_and_away,2015-05-30 14:10:00,Traeger Park,Melbourne,Port Adelaide,8,6,18,7,54,115,14,25,0.5714285714285714,0.72,-61,-11,False
2735,2015,9,Round 9,home_and_away,2015-05-30 16:35:00,Docklands,Western Bulldogs,Greater Western Sydney,16,17,11,2,113,68,33,13,0.48484848484848486,0.8461538461538461,45,20,False
2736,2015,9,Round 9,home_and_away,2015-05-30 19:20:00,M.C.G.,Richmond,Essendon,10,12,8,11,72,59,22,19,0.45454545454545453,0.42105263157894735,13,3,False
2737,2015,9,Round 9,home_and_away,2015-05-30 19:40:00,Adelaide Oval,Adelaide,Fremantle,7,15,10,8,57,68,22,18,0.3181818181818182,0.5555555555555556,-11,4,False
2738,2015,9,Round 9,home_and_away,2015-05-31 13:10:00,Gabba,Brisbane Lions,St Kilda,13,8,16,12,86,108,21,28,0.6190476190476191,0.5714285714285714,-22,-7,False
2739,2015,9,Round 9,home_and_away,2015-05-31 15:20:00,M.C.G.,Collingwood,North Melbourne,17,10,14,11,112,95,27,25,0.6296296296296297,0.56,17,2,False
2740,2015,9,Round 9,home_and_away,2015-05-31 16:40:00,Subiaco,West Coast,Geelong,16,24,10,4,120,64,40,14,0.4,0.7142857142857143,56,26,False
2741,2015,10,Round 10,home_and_away,2015-06-05 20:10:00,Subiaco,Fremantle,Richmond,10,10,15,7,70,97,20,22,0.5,0.6818181818181818,-27,-2,False
2742,2015,10,Round 10,home_and_away,2015-06-06 13:40:00,M.C.G.,Carlton,Adelaide,14,6,14,15,90,99,20,29,0.7,0.4827586206896552,-9,-9,False
2753,2015,10,Round 10,home_and_away,2015-06-06 16:35:00,Carrara,Gold Coast,Sydney,5,11,13,15,41,93,16,28,0.3125,0.4642857142857143,-52,-12,False
2754,2015,10,Round 10,home_and_away,2015-06-06 19:20:00,Docklands,Essendon,Geelong,7,11,19,8,53,122,18,27,0.3888888888888889,0.7037037037037037,-69,-9,False
2755,2015,10,Round 10,home_and_away,2015-06-06 19:40:00,Adelaide Oval,Port Adelaide,Western Bulldogs,16,4,9,8,100,62,20,17,0.8,0.5294117647058824,38,3,False
2756,2015,10,Round 10,home_and_away,2015-06-07 13:10:00,Sydney Showground,Greater Western Sydney,Brisbane Lions,14,13,10,7,97,67,27,17,0.5185185185185185,0.5882352941176471,30,10,False
2757,2015,10,Round 10,home_and_away,2015-06-07 15:20:00,Bellerive Oval,North Melbourne,West Coast,13,7,10,15,85,75,20,25,0.65,0.4,10,-5,False
2758,2015,10,Round 10,home_and_away,2015-06-07 16:40:00,Docklands,St Kilda,Hawthorn,10,9,20,12,69,132,19,32,0.5263157894736842,0.625,-63,-13,False
2759,2015,10,Round 10,home_and_away,2015-06-08 15:20:00,M.C.G.,Melbourne,Collingwood,13,7,17,8,85,110,20,25,0.65,0.68,-25,-5,False
2760,2015,11,Round 11,home_and_away,2015-06-12 19:50:00,Adelaide Oval,Port Adelaide,Geelong,11,3,14,8,69,92,14,22,0.7857142857142857,0.6363636363636364,-23,-8,False
2761,2015,11,Round 11,home_and_away,2015-06-13 13:40:00,Carrara,Gold Coast,Fremantle,7,4,6,17,46,53,11,23,0.6363636363636364,0.2608695652173913,-7,-12,False
2762,2015,11,Round 11,home_and_away,2015-06-13 16:35:00,Subiaco,West Coast,Essendon,14,12,6,10,96,46,26,16,0.5384615384615384,0.375,50,10,False
2766,2015,11,Round 11,home_and_away,2015-06-13 19:20:00,Docklands,North Melbourne,Sydney,10,15,14,7,75,91,25,21,0.4,0.6666666666666666,-16,4,False
2767,2015,11,Round 11,home_and_away,2015-06-14 13:10:00,M.C.G.,Collingwood,Greater Western Sydney,18,11,11,11,119,77,29,22,0.6206896551724138,0.5,42,7,False
2768,2015,11,Round 11,home_and_away,2015-06-14 16:40:00,Docklands,St Kilda,Melbourne,12,13,12,11,85,83,25,23,0.48,0.5217391304347826,2,2,False
2769,2015,12,Round 12,home_and_away,2015-06-18 19:50:00,Adelaide Oval,Adelaide,Hawthorn,12,13,17,12,85,114,25,29,0.48,0.5862068965517241,-29,-4,False
2770,2015,12,Round 12,home_and_away,2015-06-19 19:50:00,M.C.G.,Richmond,West Coast,10,10,13,12,70,90,20,25,0.5,0.52,-20,-5,False
2771,2015,12,Round 12,home_and_away,2015-06-20 13:40:00,M.C.G.,Carlton,Port Adelaide,17,8,16,10,110,106,25,26,0.68,0.6153846153846154,4,-1,False
2772,2015,12,Round 12,home_and_away,2015-06-20 16:35:00,Sydney Showground,Greater Western Sydney,North Melbourne,8,13,18,9,61,117,21,27,0.38095238095238093,0.6666666666666666,-56,-6,False
2773,2015,12,Round 12,home_and_away,2015-06-20 19:20:00,Docklands,Western Bulldogs,Brisbane Lions,22,14,11,8,146,74,36,19,0.6111111111111112,0.5789473684210527,72,17,False
2774,2015,12,Round 12,home_and_away,2015-06-21 15:20:00,GMHBA Stadium,Geelong,Melbourne,13,11,18,5,89,113,24,23,0.5416666666666666,0.782608695652174,-24,1,False
2775,2015,13,Round 13,home_and_away,2015-06-25 20:10:00,Subiaco,Fremantle,Collingwood,12,8,11,7,80,73,20,18,0.6,0.6111111111111112,7,2,False
2776,2015,13,Round 13,home_and_away,2015-06-26 19:50:00,S.C.G.,Sydney,Richmond,11,11,14,11,77,95,22,25,0.5,0.56,-18,-3,False
2777,2015,13,Round 13,home_and_away,2015-06-27 13:40:00,M.C.G.,Hawthorn,Essendon,16,18,11,10,114,76,34,21,0.47058823529411764,0.5238095238095238,38,13,False
2778,2015,13,Round 13,home_and_away,2015-06-27 16:35:00,Gabba,Brisbane Lions,Adelaide,10,9,11,16,69,82,19,27,0.5263157894736842,0.4074074074074074,-13,-8,False
2779,2015,13,Round 13,home_and_away,2015-06-27 19:20:00,Docklands,St Kilda,Western Bulldogs,7,14,9,8,56,62,21,17,0.3333333333333333,0.5294117647058824,-6,4,False
2780,2015,13,Round 13,home_and_away,2015-06-28 15:20:00,Docklands,Carlton,Gold Coast,14,19,9,15,103,69,33,24,0.42424242424242425,0.375,34,9,False
2781,2015,14,Round 14,home_and_away,2015-07-02 19:20:00,S.C.G.,Sydney,Port Adelaide,14,10,12,12,94,84,24,24,0.5833333333333334,0.5,10,0,False
2782,2015,14,Round 14,home_and_away,2015-07-03 19:50:00,M.C.G.,Collingwood,Hawthorn,12,19,15,11,91,101,31,26,0.3870967741935484,0.5769230769230769,-10,5,False
2796,2015,14,Round 14,home_and_away,2015-07-04 13:40:00,M.C.G.,Richmond,Greater Western Sydney,10,18,10,9,78,69,28,19,0.35714285714285715,0.5263157894736842,9,9,False
2797,2015,14,Round 14,home_and_away,2015-07-04 16:40:00,Carrara,Gold Coast,North Melbourne,19,11,10,10,125,70,30,20,0.6333333333333333,0.5,55,10,False
2798,2015,14,Round 14,home_and_away,2015-07-04 19:30:00,Docklands,Western Bulldogs,Carlton,9,10,7,11,64,53,19,18,0.47368421052631576,0.3888888888888889,11,1,False
2799,2015,14,Round 14,home_and_away,2015-07-04 19:40:00,Marrara Oval,Melbourne,West Coast,9,6,16,18,60,114,15,34,0.6,0.47058823529411764,-54,-19,False
2800,2015,14,Round 14,home_and_away,2015-07-05 13:10:00,Docklands,Essendon,St Kilda,8,4,25,12,52,162,12,37,0.6666666666666666,0.6756756756756757,-110,-25,False
2801,2015,14,Round 14,home_and_away,2015-07-05 16:40:00,Subiaco,Fremantle,Brisbane Lions,13,6,7,6,84,48,19,13,0.6842105263157895,0.5384615384615384,36,6,False
2802,2015,15,Round 15,home_and_away,2015-07-09 19:50:00,Adelaide Oval,Port Adelaide,Collingwood,9,12,9,9,66,63,21,18,0.42857142857142855,0.5,3,3,False
2812,2015,15,Round 15,home_and_away,2015-07-10 19:50:00,M.C.G.,Richmond,Carlton,10,11,5,11,71,41,21,16,0.47619047619047616,0.3125,30,5,False
2813,2015,15,Round 15,home_and_away,2015-07-11 13:40:00,M.C.G.,Essendon,Melbourne,10,9,7,18,69,60,19,25,0.5263157894736842,0.28,9,-6,False
2814,2015,15,Round 15,home_and_away,2015-07-11 16:35:00,Cazaly's Stadium,Western Bulldogs,Gold Coast,14,11,11,7,95,73,25,18,0.56,0.6111111111111112,22,7,False
2815,2015,15,Round 15,home_and_away,2015-07-11 19:20:00,Docklands,North Melbourne,Geelong,18,12,11,13,120,79,30,24,0.6,0.4583333333333333,41,6,False
2816,2015,15,Round 15,home_and_away,2015-07-11 19:40:00,Subiaco,West Coast,Adelaide,22,15,14,7,147,91,37,21,0.5945945945945946,0.6666666666666666,56,16,False
2817,2015,15,Round 15,home_and_away,2015-07-12 13:10:00,Sydney Showground,Greater Western Sydney,St Kilda,12,12,6,13,84,49,24,19,0.5,0.3157894736842105,35,5,False
2818,2015,15,Round 15,home_and_away,2015-07-12 15:20:00,University of Tasmania Stadium,Hawthorn,Fremantle,17,13,6,7,115,43,30,13,0.5666666666666667,0.46153846153846156,72,17,False
2819,2015,15,Round 15,home_and_away,2015-07-12 16:40:00,Gabba,Brisbane Lions,Sydney,7,7,10,10,49,70,14,20,0.5,0.5,-21,-6,False
2820,2015,16,Round 16,home_and_away,2015-07-17 19:50:00,Docklands,North Melbourne,Essendon,14,9,9,14,93,68,23,23,0.6086956521739131,0.391304347826087,25,0,False
2821,2015,16,Round 16,home_and_away,2015-07-18 13:45:00,GMHBA Stadium,Geelong,Western Bulldogs,10,12,9,10,72,64,22,19,0.45454545454545453,0.47368421052631576,8,3,False
2822,2015,16,Round 16,home_and_away,2015-07-18 14:10:00,Carrara,Gold Coast,Greater Western Sydney,12,7,13,16,79,94,19,29,0.631578947368421,0.4482758620689655,-15,-10,False
2835,2015,16,Round 16,home_and_away,2015-07-18 16:35:00,Docklands,Collingwood,West Coast,7,14,11,21,56,87,21,32,0.3333333333333333,0.34375,-31,-11,False
2836,2015,16,Round 16,home_and_away,2015-07-18 19:20:00,Stadium Australia,Sydney,Hawthorn,7,15,23,8,57,146,22,31,0.3181818181818182,0.7419354838709677,-89,-9,False
2837,2015,16,Round 16,home_and_away,2015-07-18 19:40:00,Subiaco,Fremantle,Carlton,13,17,8,5,95,53,30,13,0.43333333333333335,0.6153846153846154,42,17,False
2838,2015,16,Round 16,home_and_away,2015-07-19 13:10:00,M.C.G.,Melbourne,Brisbane Lions,8,12,4,12,60,36,20,16,0.4,0.25,24,4,False
2839,2015,16,Round 16,home_and_away,2015-07-19 15:20:00,Adelaide Oval,Port Adelaide,Adelaide,17,11,18,8,113,116,28,26,0.6071428571428571,0.6923076923076923,-3,2,False
2840,2015,16,Round 16,home_and_away,2015-07-19 16:40:00,Docklands,St Kilda,Richmond,10,13,13,11,73,89,23,24,0.43478260869565216,0.5416666666666666,-16,-1,False
2841,2015,17,Round 17,home_and_away,2015-07-24 19:50:00,Docklands,Carlton,Hawthorn,4,11,27,11,35,173,15,38,0.26666666666666666,0.7105263157894737,-138,-23,False
2842,2015,17,Round 17,home_and_away,2015-07-25 13:45:00,UNSW Canberra Oval,Greater Western Sydney,Geelong,6,6,9,15,42,69,12,24,0.5,0.375,-27,-12,False
2847,2015,17,Round 17,home_and_away,2015-07-25 14:10:00,Adelaide Oval,Adelaide,Gold Coast,19,11,12,8,125,80,30,20,0.6333333333333333,0.6,45,10,False
2848,2015,17,Round 17,home_and_away,2015-07-25 16:35:00,M.C.G.,Richmond,Fremantle,10,18,12,10,78,82,28,22,0.35714285714285715,0.5454545454545454,-4,6,False
2849,2015,17,Round 17,home_and_away,2015-07-25 19:20:00,Gabba,Brisbane Lions,North Melbourne,5,8,16,14,38,110,13,30,0.38461538461538464,0.5333333333333333,-72,-17,False
2850,2015,17,Round 17,home_and_away,2015-07-25 19:20:00,Docklands,Essendon,Port Adelaide,17,14,20,9,116,129,31,29,0.5483870967741935,0.6896551724137931,-13,2,False
2851,2015,17,Round 17,home_and_away,2015-07-26 13:10:00,Docklands,Western Bulldogs,Collingwood,15,14,13,8,104,86,29,21,0.5172413793103449,0.6190476190476191,18,8,False
2852,2015,17,Round 17,home_and_away,2015-07-26 15:20:00,M.C.G.,Melbourne,St Kilda,6,10,12,11,46,83,16,23,0.375,0.5217391304347826,-37,-7,False
2853,2015,17,Round 17,home_and_away,2015-07-26 16:40:00,Subiaco,West Coast,Sydney,15,13,7,9,103,51,28,16,0.5357142857142857,0.4375,52,12,False
2854,2015,18,Round 18,home_and_away,2015-07-31 19:50:00,M.C.G.,Hawthorn,Richmond,7,11,10,11,53,71,18,21,0.3888888888888889,0.47619047619047616,-18,-3,False
2855,2015,18,Round 18,home_and_away,2015-08-01 13:45:00,GMHBA Stadium,Geelong,Brisbane Lions,17,11,8,9,113,57,28,17,0.6071428571428571,0.47058823529411764,56,11,False
2856,2015,18,Round 18,home_and_away,2015-08-01 14:10:00,M.C.G.,Collingwood,Melbourne,7,12,13,13,54,91,19,26,0.3684210526315789,0.5,-37,-7,False
2857,2015,18,Round 18,home_and_away,2015-08-01 16:35:00,S.C.G.,Sydney,Adelaide,17,15,9,11,117,65,32,20,0.53125,0.45,52,12,False
2858,2015,18,Round 18,home_and_away,2015-08-01 19:20:00,Docklands,Carlton,North Melbourne,8,6,18,10,54,118,14,28,0.5714285714285714,0.6428571428571429,-64,-14,False
2859,2015,18,Round 18,home_and_away,2015-08-01 19:20:00,Carrara,Gold Coast,West Coast,12,11,11,17,83,83,23,28,0.5217391304347826,0.39285714285714285,0,-5,True
2860,2015,18,Round 18,home_and_away,2015-08-02 13:10:00,Adelaide Oval,Port Adelaide,St Kilda,17,10,6,13,112,49,27,19,0.6296296296296297,0.3157894736842105,63,8,False
2861,2015,18,Round 18,home_and_away,2015-08-02 15:20:00,Docklands,Essendon,Western Bulldogs,5,10,19,13,40,127,15,32,0.3333333333333333,0.59375,-87,-17,False
2862,2015,18,Round 18,home_and_away,2015-08-02 16:40:00,Subiaco,Fremantle,Greater Western Sydney,12,12,9,9,84,63,24,18,0.5,0.5,21,6,False
2872,2015,19,Round 19,home_and_away,2015-08-07 19:50:00,Adelaide Oval,Adelaide,Richmond,11,22,8,4,88,52,33,12,0.3333333333333333,0.6666666666666666,36,21,False
2873,2015,19,Round 19,home_and_away,2015-08-08 13:45:00,M.C.G.,Collingwood,Carlton,16,9,13,9,105,87,25,22,0.64,0.5909090909090909,18,3,False
2874,2015,19,Round 19,home_and_away,2015-08-08 14:10:00,Docklands,Western Bulldogs,Port Adelaide,19,14,9,10,128,64,33,19,0.5757575757575758,0.47368421052631576,64,14,False
2875,2015,19,Round 19,home_and_away,2015-08-08 16:35:00,Gabba,Brisbane Lions,Gold Coast,14,16,17,12,100,114,30,29,0.4666666666666667,0.5862068965517241,-14,1,False
2876,2015,19,Round 19,home_and_away,2015-08-08 19:20:00,GMHBA Stadium,Geelong,Sydney,14,11,9,9,95,63,25,18,0.56,0.5,32,7,False
2877,2015,19,Round 19,home_and_away,2015-08-08 19:40:00,Subiaco,West Coast,Hawthorn,11,8,13,10,74,88,19,23,0.5789473684210527,0.5652173913043478,-14,-4,False
2878,2015,19,Round 19,home_and_away,2015-08-09 13:10:00,M.C.G.,Melbourne,North Melbourne,14,8,19,13,92,127,22,32,0.6363636363636364,0.59375,-35,-10,False
2879,2015,19,Round 19,home_and_away,2015-08-09 15:20:00,Sydney Showground,Greater Western Sydney,Essendon,14,9,8,13,93,61,23,21,0.6086956521739131,0.38095238095238093,32,2,False
2880,2015,19,Round 19,home_and_away,2015-08-09 16:40:00,Docklands,St Kilda,Fremantle,8,11,15,6,59,96,19,21,0.42105263157894735,0.7142857142857143,-37,-2,False
2881,2015,20,Round 20,home_and_away,2015-08-14 19:50:00,S.C.G.,Sydney,Collingwood,13,9,10,16,87,76,22,26,0.5909090909090909,0.38461538461538464,11,-4,False
2882,2015,20,Round 20,home_and_away,2015-08-15 13:45:00,Docklands,Essendon,Adelaide,8,11,27,9,59,171,19,36,0.42105263157894735,0.75,-112,-17,False
2893,2015,20,Round 20,home_and_away,2015-08-15 14:10:00,Bellerive Oval,North Melbourne,St Kilda,18,12,11,17,120,83,30,28,0.6,0.39285714285714285,37,2,False
2894,2015,20,Round 20,home_and_away,2015-08-15 16:35:00,Adelaide Oval,Port Adelaide,Greater Western Sydney,16,15,13,12,111,90,31,25,0.5161290322580645,0.52,21,6,False
2896,2015,20,Round 20,home_and_away,2015-08-15 19:20:00,Gabba,Brisbane Lions,Carlton,20,11,9,13,131,67,31,22,0.6451612903225806,0.4090909090909091,64,9,False
2895,2015,20,Round 20,home_and_away,2015-08-15 19:20:00,M.C.G.,Geelong,Hawthorn,12,13,19,7,85,121,25,26,0.48,0.7307692307692307,-36,-1,False
2897,2015,20,Round 20,home_and_away,2015-08-16 13:10:00,M.C.G.,Richmond,Gold Coast,22,6,8,7,138,55,28,15,0.7857142857142857,0.5333333333333333,83,13,False
2898,2015,20,Round 20,home_and_away,2015-08-16 15:20:00,Docklands,Western Bulldogs,Melbourne,24,9,8,7,153,55,33,15,0.7272727272727273,0.5333333333333333,98,18,False
2899,2015,20,Round 20,home_and_away,2015-08-16 16:40:00,Subiaco,Fremantle,West Coast,11,14,15,14,80,104,25,29,0.44,0.5172413793103449,-24,-4,False
2900,2015,21,Round 21,home_and_away,2015-08-21 19:50:00,Docklands,Hawthorn,Port Adelaide,13,8,16,12,86,108,21,28,0.6190476190476191,0.5714285714285714,-22,-7,False
2901,2015,21,Round 21,home_and_away,2015-08-22 13:45:00,M.C.G.,Collingwood,Richmond,7,14,23,9,56,147,21,32,0.3333333333333333,0.71875,-91,-11,False
2902,2015,21,Round 21,home_and_away,2015-08-22 14:10:00,Sydney Showground,Greater Western Sydney,Sydney,6,8,20,13,44,133,14,33,0.42857142857142855,0.6060606060606061,-89,-19,False
2906,2015,21,Round 21,home_and_away,2015-08-22 16:35:00,Carrara,Gold Coast,Essendon,14,13,14,11,97,95,27,25,0.5185185185185185,0.56,2,2,False
2907,2015,21,Round 21,home_and_away,2015-08-22 19:20:00,Docklands,St Kilda,Geelong,14,13,15,7,97,97,27,22,0.5185185185185185,0.6818181818181818,0,5,True
2908,2015,21,Round 21,home_and_away,2015-08-22 19:40:00,Adelaide Oval,Adelaide,Brisbane Lions,20,11,6,8,131,44,31,14,0.6451612903225806,0.42857142857142855,87,17,False
2909,2015,21,Round 21,home_and_away,2015-08-23 13:10:00,Docklands,North Melbourne,Fremantle,14,10,12,11,94,83,24,23,0.5833333333333334,0.5217391304347826,11,1,False
2910,2015,21,Round 21,home_and_away,2015-08-23 15:20:00,M.C.G.,Carlton,Melbourne,12,6,7,13,78,55,18,20,0.6666666666666666,0.35,23,-2,False
2911,2015,21,Round 21,home_and_away,2015-08-23 16:40:00,Subiaco,West Coast,Western Bulldogs,25,12,13,7,162,85,37,20,0.6756756756756757,0.65,77,17,False
2912,2015,22,Round 22,home_and_away,2015-08-28 19:50:00,M.C.G.,Geelong,Collingwood,9,8,17,8,62,110,17,25,0.5294117647058824,0.68,-48,-8,False
2913,2015,22,Round 22,home_and_away,2015-08-29 13:45:00,Sydney Showground,Greater Western Sydney,Carlton,20,12,7,9,132,51,32,16,0.625,0.4375,81,16,False
2914,2015,22,Round 22,home_and_away,2015-08-29 14:10:00,University of Tasmania Stadium,Hawthorn,Brisbane Lions,21,8,9,8,134,62,29,17,0.7241379310344828,0.5294117647058824,72,12,False
2915,2015,22,Round 22,home_and_away,2015-08-29 16:35:00,Docklands,North Melbourne,Western Bulldogs,10,13,14,12,73,96,23,26,0.43478260869565216,0.5384615384615384,-23,-3,False
2916,2015,22,Round 22,home_and_away,2015-08-29 19:20:00,M.C.G.,Essendon,Richmond,7,5,10,14,47,74,12,24,0.5833333333333334,0.4166666666666667,-27,-12,False
2917,2015,22,Round 22,home_and_away,2015-08-29 19:20:00,Carrara,Gold Coast,Port Adelaide,7,9,12,16,51,88,16,28,0.4375,0.42857142857142855,-37,-12,False
2918,2015,22,Round 22,home_and_away,2015-08-30 13:10:00,Adelaide Oval,Adelaide,West Coast,19,12,10,9,126,69,31,19,0.6129032258064516,0.5263157894736842,57,12,False
2919,2015,22,Round 22,home_and_away,2015-08-30 15:20:00,Docklands,St Kilda,Sydney,4,14,20,15,38,135,18,35,0.2222222222222222,0.5714285714285714,-97,-17,False
2920,2015,22,Round 22,home_and_away,2015-08-30 16:40:00,Subiaco,Fremantle,Melbourne,17,6,8,6,108,54,23,14,0.7391304347826086,0.5714285714285714,54,9,False
2921,2015,23,Round 23,home_and_away,2015-09-04 19:50:00,Docklands,Richmond,North Melbourne,16,12,10,7,108,67,28,17,0.5714285714285714,0.5882352941176471,41,11,False
2922,2015,23,Round 23,home_and_away,2015-09-05 13:05:00,GMHBA Stadium,Geelong,Adelaide,17,17,11,14,119,80,34,25,0.5,0.44,39,9,False
2934,2015,23,Round 23,home_and_away,2015-09-05 13:45:00,Gabba,Brisbane Lions,Western Bulldogs,19,16,19,8,130,122,35,27,0.5428571428571428,0.7037037037037037,8,8,False
2935,2015,23,Round 23,home_and_away,2015-09-05 15:50:00,Adelaide Oval,Port Adelaide,Fremantle,18,14,8,5,122,53,32,13,0.5625,0.6153846153846154,69,19,False
2936,2015,23,Round 23,home_and_away,2015-09-05 16:40:00,M.C.G.,Hawthorn,Carlton,17,11,8,8,113,56,28,16,0.6071428571428571,0.5,57,12,False
2937,2015,23,Round 23,home_and_away,2015-09-05 19:20:00,S.C.G.,Sydney,Gold Coast,19,13,9,10,127,64,32,19,0.59375,0.47368421052631576,63,13,False
2938,2015,23,Round 23,home_and_away,2015-09-05 19:40:00,Subiaco,West Coast,St Kilda,18,17,4,6,125,30,35,10,0.5142857142857142,0.4,95,25,False
2939,2015,23,Round 23,home_and_away,2015-09-06 13:10:00,Docklands,Melbourne,Greater Western Sydney,15,13,11,11,103,77,28,22,0.5357142857142857,0.5,26,6,False
2940,2015,23,Round 23,home_and_away,2015-09-06 15:20:00,M.C.G.,Collingwood,Essendon,14,8,14,11,92,95,22,25,0.6363636363636364,0.56,-3,-3,False
2941,2015,24,Finals Week 1,qualifying_final,2015-09-11 20:20:00,Subiaco,West Coast,Hawthorn,14,12,9,10,96,64,26,19,0.5384615384615384,0.47368421052631576,32,7,False
2942,2015,24,Finals Week 1,qualifying_final,2015-09-12 15:20:00,Subiaco,Fremantle,Sydney,10,9,7,18,69,60,19,25,0.5263157894736842,0.28,9,-6,False
2945,2015,24,Finals Week 1,elimination_final,2015-09-12 19:20:00,M.C.G.,Western Bulldogs,Adelaide,14,18,16,13,102,109,32,29,0.4375,0.5517241379310345,-7,3,False
2946,2015,24,Finals Week 1,elimination_final,2015-09-13 15:20:00,M.C.G.,Richmond,North Melbourne,14,4,15,15,88,105,18,30,0.7777777777777778,0.5,-17,-12,False
2947,2015,25,Semi-Finals,semi_final,2015-09-18 19:50:00,M.C.G.,Hawthorn,Adelaide,21,9,8,13,135,61,30,21,0.7,0.38095238095238093,74,9,False
2948,2015,25,Semi-Finals,semi_final,2015-09-19 19:20:00,Stadium Australia,Sydney,North Melbourne,7,9,11,11,51,77,16,22,0.4375,0.5,-26,-6,False
2949,2015,26,Preliminary Finals,preliminary_final,2015-09-25 20:20:00,Subiaco,Fremantle,Hawthorn,10,7,15,4,67,94,17,19,0.5882352941176471,0.7894736842105263,-27,-2,False
2950,2015,26,Preliminary Finals,preliminary_final,2015-09-26 19:45:00,Subiaco,West Coast,North Melbourne,10,20,7,13,80,55,30,20,0.3333333333333333,0.35,25,10,False
2951,2015,27,Grand Final,grand_final,2015-10-03 14:30:00,M.C.G.,Hawthorn,West Coast,16,11,8,13,107,61,27,21,0.5925925925925926,0.38095238095238093,46,6,False
690,2016,1,Round 1,home_and_away,2016-03-24 19:20:00,M.C.G.,Richmond,Carlton,14,8,12,11,92,83,22,23,0.6363636363636364,0.5217391304347826,9,-1,False
691,2016,1,Round 1,home_and_away,2016-03-26 13:40:00,M.C.G.,Melbourne,Greater Western Sydney,12,8,10,18,80,78,20,28,0.6,0.35714285714285715,2,-8,False
692,2016,1,Round 1,home_and_away,2016-03-26 15:35:00,Carrara,Gold Coast,Essendon,17,19,9,6,121,60,36,15,0.4722222222222222,0.6,61,21,False
694,2016,1,Round 1,home_and_away,2016-03-26 19:25:00,Docklands,North Melbourne,Adelaide,16,11,14,13,107,97,27,27,0.5925925925925926,0.5185185185185185,10,0,False
693,2016,1,Round 1,home_and_away,2016-03-26 19:25:00,S.C.G.,Sydney,Collingwood,18,25,7,11,133,53,43,18,0.4186046511627907,0.3888888888888889,80,25,False
695,2016,1,Round 1,home_and_away,2016-03-27 13:10:00,Docklands,Western Bulldogs,Fremantle,15,13,5,8,103,38,28,13,0.5357142857142857,0.38461538461538464,65,15,False
702,2016,1,Round 1,home_and_away,2016-03-27 14:50:00,Adelaide Oval,Port Adelaide,St Kilda,20,13,15,10,133,100,33,25,0.6060606060606061,0.6,33,8,False
703,2016,1,Round 1,home_and_away,2016-03-27 16:40:00,Subiaco,West Coast,Brisbane Lions,26,10,15,12,166,102,36,27,0.7222222222222222,0.5555555555555556,64,9,False
704,2016,1,Round 1,home_and_away,2016-03-28 15:20:00,M.C.G.,Geelong,Hawthorn,18,8,12,14,116,86,26,26,0.6923076923076923,0.46153846153846156,30,0,False
705,2016,2,Round 2,home_and_away,2016-04-01 19:50:00,M.C.G.,Collingwood,Richmond,13,9,12,14,87,86,22,26,0.5909090909090909,0.46153846153846156,1,-4,False
706,2016,2,Round 2,home_and_away,2016-04-02 13:15:00,Adelaide Oval,Adelaide,Port Adelaide,22,12,11,20,144,86,34,31,0.6470588235294118,0.3548387096774194,58,3,False
718,2016,2,Round 2,home_and_away,2016-04-02 14:10:00,M.C.G.,Essendon,Melbourne,11,14,10,7,80,67,25,17,0.44,0.5882352941176471,13,8,False
719,2016,2,Round 2,home_and_away,2016-04-02 15:35:00,Gabba,Brisbane Lions,North Melbourne,11,17,17,15,83,117,28,32,0.39285714285714285,0.53125,-34,-4,False
721,2016,2,Round 2,home_and_away,2016-04-02 16:40:00,Subiaco,Fremantle,Gold Coast,14,16,19,12,100,126,30,31,0.4666666666666667,0.6129032258064516,-26,-1,False
720,2016,2,Round 2,home_and_away,2016-04-02 19:25:00,Docklands,St Kilda,Western Bulldogs,5,6,13,15,36,93,11,28,0.45454545454545453,0.4642857142857143,-57,-17,False
722,2016,2,Round 2,home_and_away,2016-04-03 13:10:00,Manuka Oval,Greater Western Sydney,Geelong,13,11,11,10,89,76,24,21,0.5416666666666666,0.5238095238095238,13,3,False
723,2016,2,Round 2,home_and_away,2016-04-03 15:20:00,M.C.G.,Hawthorn,West Coast,14,15,7,11,99,53,29,18,0.4827586206896552,0.3888888888888889,46,11,False
724,2016,2,Round 2,home_and_away,2016-04-03 16:40:00,Docklands,Carlton,Sydney,10,11,20,11,71,131,21,31,0.47619047619047616,0.6451612903225806,-60,-10,False
725,2016,3,Round 3,home_and_away,2016-04-08 19:20:00,Adelaide Oval,Port Adelaide,Essendon,17,10,7,9,112,51,27,16,0.6296296296296297,0.4375,61,11,False
726,2016,3,Round 3,home_and_away,2016-04-09 13:45:00,M.C.G.,St Kilda,Collingwood,18,11,14,6,119,90,29,20,0.6206896551724138,0.7,29,9,False
738,2016,3,Round 3,home_and_away,2016-04-09 14:10:00,Docklands,Richmond,Adelaide,13,14,19,14,92,128,27,33,0.48148148148148145,0.5757575757575758,-36,-6,False
739,2016,3,Round 3,home_and_away,2016-04-09 16:35:00,S.C.G.,Sydney,Greater Western Sydney,14,9,10,8,93,68,23,18,0.6086956521739131,0.5555555555555556,25,5,False
741,2016,3,Round 3,home_and_away,2016-04-09 17:40:00,Subiaco,West Coast,Fremantle,12,20,8,11,92,59,32,19,0.375,0.42105263157894735,33,13,False
740,2016,3,Round 3,home_and_away,2016-04-09 19:25:00,Carrara,Gold Coast,Carlton,13,17,5,11,95,41,30,16,0.43333333333333335,0.3125,54,14,False
742,2016,3,Round 3,home_and_away,2016-04-10 13:10:00,Bellerive Oval,North Melbourne,Melbourne,21,10,20,11,136,131,31,31,0.6774193548387096,0.6451612903225806,5,0,False
743,2016,3,Round 3,home_and_away,2016-04-10 15:20:00,Docklands,Western Bulldogs,Hawthorn,13,12,14,9,90,93,25,23,0.52,0.6086956521739131,-3,2,False
744,2016,3,Round 3,home_and_away,2016-04-10 16:40:00,Kardinia Park,Geelong,Brisbane Lions,18,17,7,14,125,56,35,21,0.5142857142857142,0.3333333333333333,69,14,False
745,2016,4,Round 4,home_and_away,2016-04-15 18:10:00,Subiaco,West Coast,Richmond,18,17,9,3,125,57,35,12,0.5142857142857142,0.75,68,23,False
746,2016,4,Round 4,home_and_away,2016-04-16 13:45:00,M.C.G.,Essendon,Geelong,6,6,9,18,42,72,12,27,0.5,0.3333333333333333,-30,-15,False
757,2016,4,Round 4,home_and_away,2016-04-16 14:10:00,York Park,Hawthorn,St Kilda,13,9,13,6,87,84,22,19,0.5909090909090909,0.6842105263157895,3,3,False
758,2016,4,Round 4,home_and_away,2016-04-16 16:35:00,Gabba,Brisbane Lions,Gold Coast,14,23,14,10,107,94,37,24,0.3783783783783784,0.5833333333333334,13,13,False
760,2016,4,Round 4,home_and_away,2016-04-16 19:10:00,Adelaide Oval,Adelaide,Sydney,16,17,15,13,113,103,33,28,0.48484848484848486,0.5357142857142857,10,5,False
759,2016,4,Round 4,home_and_away,2016-04-16 19:25:00,Docklands,Carlton,Western Bulldogs,7,7,13,7,49,85,14,20,0.5,0.65,-36,-6,False
761,2016,4,Round 4,home_and_away,2016-04-17 13:10:00,Manuka Oval,Greater Western Sydney,Port Adelaide,22,19,9,11,151,65,41,20,0.5365853658536586,0.45,86,21,False
762,2016,4,Round 4,home_and_away,2016-04-17 15:20:00,M.C.G.,Collingwood,Melbourne,9,13,16,6,67,102,22,22,0.4090909090909091,0.7272727272727273,-35,0,False
763,2016,4,Round 4,home_and_away,2016-04-17 16:40:00,Docklands,North Melbourne,Fremantle,20,12,14,17,132,101,32,31,0.625,0.45161290322580644,31,1,False
764,2016,5,Round 5,home_and_away,2016-04-22 19:50:00,M.C.G.,Hawthorn,Adelaide,17,10,17,7,112,109,27,24,0.6296296296296297,0.7083333333333334,3,3,False
765,2016,5,Round 5,home_and_away,2016-04-23 13:45:00,S.C.G.,Sydney,West Coast,12,16,7,7,88,49,28,14,0.42857142857142855,0.5,39,14,False
766,2016,5,Round 5,home_and_away,2016-04-23 16:35:00,Carrara,Gold Coast,North Melbourne,11,15,18,11,81,119,26,29,0.4230769230769231,0.6206896551724138,-38,-3,False
771,2016,5,Round 5,home_and_away,2016-04-23 19:15:00,Adelaide Oval,Port Adelaide,Geelong,8,11,16,11,59,107,19,27,0.42105263157894735,0.5925925925925926,-48,-8,False
770,2016,5,Round 5,home_and_away,2016-04-23 19:25:00,Docklands,Western Bulldogs,Brisbane Lions,17,18,10,7,120,67,35,17,0.4857142857142857,0.5882352941176471,53,18,False
772,2016,5,Round 5,home_and_away,2016-04-24 13:10:00,Docklands,St Kilda,Greater Western Sydney,12,7,19,12,79,126,19,31,0.631578947368421,0.6129032258064516,-47,-12,False
773,2016,5,Round 5,home_and_away,2016-04-24 14:15:00,Subiaco,Fremantle,Carlton,9,14,10,12,68,72,23,22,0.391304347826087,0.45454545454545453,-4,1,False
774,2016,5,Round 5,home_and_away,2016-04-24 19:10:00,M.C.G.,Melbourne,Richmond,20,9,14,12,129,96,29,26,0.6896551724137931,0.5384615384615384,33,3,False
775,2016,5,Round 5,home_and_away,2016-04-25 15:20:00,M.C.G.,Collingwood,Essendon,22,10,11,7,142,73,32,18,0.6875,0.6111111111111112,69,14,False
776,2016,6,Round 6,home_and_away,2016-04-29 19:50:00,Docklands,North Melbourne,Western Bulldogs,9,7,6,9,61,45,16,15,0.5625,0.4,16,1,False
778,2016,6,Round 6,home_and_away,2016-04-30 13:40:00,Adelaide Oval,Adelaide,Fremantle,14,13,8,16,97,64,27,24,0.5185185185185185,0.3333333333333333,33,3,False
777,2016,6,Round 6,home_and_away,2016-04-30 13:45:00,Docklands,Melbourne,St Kilda,15,6,20,15,96,135,21,35,0.7142857142857143,0.5714285714285714,-39,-14,False
779,2016,6,Round 6,home_and_away,2016-04-30 16:35:00,Sydney Showground,Greater Western Sydney,Hawthorn,24,14,12,11,158,83,38,23,0.631578947368421,0.5217391304347826,75,15,False
781,2016,6,Round 6,home_and_away,2016-04-30 19:25:00,Kardinia Park,Geelong,Gold Coast,25,18,7,6,168,48,43,13,0.5813953488372093,0.5384615384615384,120,30,False
780,2016,6,Round 6,home_and_away,2016-04-30 19:25:00,M.C.G.,Richmond,Port Adelaide,8,11,13,16,59,94,19,29,0.42105263157894735,0.4482758620689655,-35,-10,False
782,2016,6,Round 6,home_and_away,2016-05-01 13:10:00,Gabba,Brisbane Lions,Sydney,14,10,15,7,94,97,24,22,0.5833333333333334,0.6818181818181818,-3,2,False
784,2016,6,Round 6,home_and_away,2016-05-01 14:40:00,Subiaco,West Coast,Collingwood,18,16,9,8,124,62,34,17,0.5294117647058824,0.5294117647058824,62,17,False
783,2016,6,Round 6,home_and_away,2016-05-01 15:20:00,M.C.G.,Carlton,Essendon,10,12,8,9,72,57,22,17,0.45454545454545453,0.47058823529411764,15,5,False
785,2016,7,Round 7,home_and_away,2016-05-06 19:50:00,M.C.G.,Richmond,Hawthorn,13,12,21,10,90,136,25,31,0.52,0.6774193548387096,-46,-6,False
786,2016,7,Round 7,home_and_away,2016-05-07 13:45:00,M.C.G.,Collingwood,Carlton,12,12,15,9,84,99,24,24,0.5,0.625,-15,0,False
798,2016,7,Round 7,home_and_away,2016-05-07 14:10:00,Kardinia Park,Geelong,West Coast,18,15,12,7,123,79,33,19,0.5454545454545454,0.631578947368421,44,14,False
799,2016,7,Round 7,home_and_away,2016-05-07 16:35:00,S.C.G.,Sydney,Essendon,20,15,7,12,135,54,35,19,0.5714285714285714,0.3684210526315789,81,16,False
800,2016,7,Round 7,home_and_away,2016-05-07 17:10:00,Carrara,Gold Coast,Melbourne,14,3,24,16,87,160,17,40,0.8235294117647058,0.6,-73,-23,False
802,2016,7,Round 7,home_and_away,2016-05-07 18:10:00,Subiaco,Fremantle,Greater Western Sydney,11,11,14,11,77,95,22,25,0.5,0.56,-18,-3,False
801,2016,7,Round 7,home_and_away,2016-05-07 19:40:00,Docklands,Western Bulldogs,Adelaide,18,15,17,6,123,108,33,23,0.5454545454545454,0.7391304347826086,15,10,False
803,2016,7,Round 7,home_and_away,2016-05-08 15:20:00,Docklands,St Kilda,North Melbourne,11,9,11,16,75,82,20,27,0.55,0.4074074074074074,-7,-7,False
804,2016,7,Round 7,home_and_away,2016-05-08 16:10:00,Adelaide Oval,Port Adelaide,Brisbane Lions,21,10,7,17,136,59,31,24,0.6774193548387096,0.2916666666666667,77,7,False
805,2016,8,Round 8,home_and_away,2016-05-13 19:20:00,Adelaide Oval,Adelaide,Geelong,11,6,13,20,72,98,17,33,0.6470588235294118,0.3939393939393939,-26,-16,False
806,2016,8,Round 8,home_and_away,2016-05-14 13:45:00,Docklands,Essendon,North Melbourne,8,12,10,14,60,74,20,24,0.4,0.4166666666666667,-14,-4,False
809,2016,8,Round 8,home_and_away,2016-05-14 14:10:00,York Park,Hawthorn,Fremantle,17,14,11,9,116,75,31,20,0.5483870967741935,0.55,41,11,False
810,2016,8,Round 8,home_and_away,2016-05-14 16:35:00,Sydney Showground,Greater Western Sydney,Gold Coast,22,17,9,4,149,58,39,13,0.5641025641025641,0.6923076923076923,91,26,False
812,2016,8,Round 8,home_and_away,2016-05-14 19:25:00,Gabba,Brisbane Lions,Collingwood,10,5,20,23,65,143,15,43,0.6666666666666666,0.46511627906976744,-78,-28,False
811,2016,8,Round 8,home_and_away,2016-05-14 19:25:00,M.C.G.,Richmond,Sydney,14,17,15,10,101,100,31,25,0.45161290322580644,0.6,1,6,False
813,2016,8,Round 8,home_and_away,2016-05-15 13:10:00,Docklands,Carlton,Port Adelaide,14,9,13,13,93,91,23,26,0.6086956521739131,0.5,2,-3,False
815,2016,8,Round 8,home_and_away,2016-05-15 14:40:00,Subiaco,West Coast,St Kilda,20,12,3,11,132,29,32,14,0.625,0.21428571428571427,103,18,False
814,2016,8,Round 8,home_and_away,2016-05-15 15:20:00,M.C.G.,Melbourne,Western Bulldogs,12,10,17,12,82,114,22,29,0.5454545454545454,0.5862068965517241,-32,-7,False
816,2016,9,Round 9,home_and_away,2016-05-20 19:50:00,M.C.G.,Hawthorn,Sydney,7,13,10,9,55,69,20,19,0.35,0.5263157894736842,-14,1,False
817,2016,9,Round 9,home_and_away,2016-05-21 13:45:00,M.C.G.,Collingwood,Geelong,16,8,11,14,104,80,24,25,0.6666666666666666,0.44,24,-1,False
818,2016,9,Round 9,home_and_away,2016-05-21 14:10:00,Carrara,Gold Coast,Adelaide,11,8,22,17,74,149,19,39,0.5789473684210527,0.5641025641025641,-75,-20,False
819,2016,9,Round 9,home_and_away,2016-05-21 16:05:00,Adelaide Oval,Port Adelaide,West Coast,13,8,14,10,86,94,21,24,0.6190476190476191,0.5833333333333334,-8,-3,False
821,2016,9,Round 9,home_and_away,2016-05-21 17:40:00,Subiaco,Fremantle,Richmond,6,9,11,17,45,83,15,28,0.4,0.39285714285714285,-38,-13,False
820,2016,9,Round 9,home_and_away,2016-05-21 19:25:00,Docklands,North Melbourne,Carlton,17,11,6,10,113,46,28,16,0.6071428571428571,0.375,67,12,False
822,2016,9,Round 9,home_and_away,2016-05-22 13:10:00,M.C.G.,Melbourne,Brisbane Lions,19,17,9,14,131,68,36,23,0.5277777777777778,0.391304347826087,63,13,False
823,2016,9,Round 9,home_and_away,2016-05-22 15:20:00,Sydney Showground,Greater Western Sydney,Western Bulldogs,15,8,10,13,98,73,23,23,0.6521739130434783,0.43478260869565216,25,0,False
824,2016,9,Round 9,home_and_away,2016-05-22 16:40:00,Docklands,St Kilda,Essendon,16,13,9,9,109,63,29,18,0.5517241379310345,0.5,46,11,False
825,2016,10,Round 10,home_and_away,2016-05-27 19:50:00,S.C.G.,Sydney,North Melbourne,14,7,9,11,91,65,21,20,0.6666666666666666,0.45,26,1,False
838,2016,10,Round 10,home_and_away,2016-05-28 13:40:00,Traeger Park,Melbourne,Port Adelaide,10,16,18,13,76,121,26,31,0.38461538461538464,0.5806451612903226,-45,-5,False
826,2016,10,Round 10,home_and_away,2016-05-28 13:45:00,Gabba,Brisbane Lions,Hawthorn,13,9,21,9,87,135,22,30,0.5909090909090909,0.7,-48,-8,False
839,2016,10,Round 10,home_and_away,2016-05-28 16:35:00,Docklands,St Kilda,Fremantle,15,11,10,7,101,67,26,17,0.5769230769230769,0.5882352941176471,34,9,False
841,2016,10,Round 10,home_and_away,2016-05-28 19:10:00,Adelaide Oval,Adelaide,Greater Western Sydney,15,17,13,7,107,85,32,20,0.46875,0.65,22,12,False
840,2016,10,Round 10,home_and_away,2016-05-28 19:25:00,M.C.G.,Essendon,Richmond,10,7,16,9,67,105,17,25,0.5882352941176471,0.64,-38,-8,False
842,2016,10,Round 10,home_and_away,2016-05-29 13:10:00,Docklands,Carlton,Geelong,16,8,12,13,104,85,24,25,0.6666666666666666,0.48,19,-1,False
844,2016,10,Round 10,home_and_away,2016-05-29 14:40:00,Subiaco,West Coast,Gold Coast,20,12,7,13,132,55,32,20,0.625,0.35,77,12,False
843,2016,10,Round 10,home_and_away,2016-05-29 15:20:00,M.C.G.,Collingwood,Western Bulldogs,7,11,11,8,53,74,18,19,0.3888888888888889,0.5789473684210527,-21,-1,False
845,2016,11,Round 11,home_and_away,2016-06-03 19:50:00,Bellerive Oval,North Melbourne,Richmond,18,16,7,12,124,54,34,19,0.5294117647058824,0.3684210526315789,70,15,False
846,2016,11,Round 11,home_and_away,2016-06-04 13:45:00,M.C.G.,Hawthorn,Melbourne,11,16,10,4,82,64,27,14,0.4074074074074074,0.7142857142857143,18,13,False
851,2016,11,Round 11,home_and_away,2016-06-04 14:10:00,Docklands,Carlton,Brisbane Lions,16,6,9,10,102,64,22,19,0.7272727272727273,0.47368421052631576,38,3,False
852,2016,11,Round 11,home_and_away,2016-06-04 16:35:00,Kardinia Park,Geelong,Greater Western Sydney,14,14,14,4,98,88,28,18,0.5,0.7777777777777778,10,10,False
854,2016,11,Round 11,home_and_away,2016-06-04 17:40:00,Subiaco,Fremantle,Essendon,20,6,6,11,126,47,26,17,0.7692307692307693,0.35294117647058826,79,9,False
853,2016,11,Round 11,home_and_away,2016-06-04 19:25:00,Carrara,Gold Coast,Sydney,6,5,11,13,41,79,11,24,0.5454545454545454,0.4583333333333333,-38,-13,False
855,2016,11,Round 11,home_and_away,2016-06-05 13:10:00,M.C.G.,Collingwood,Port Adelaide,7,16,19,11,58,125,23,30,0.30434782608695654,0.6333333333333333,-67,-7,False
856,2016,11,Round 11,home_and_away,2016-06-05 15:20:00,Docklands,Western Bulldogs,West Coast,12,11,11,9,83,75,23,20,0.5217391304347826,0.55,8,3,False
857,2016,11,Round 11,home_and_away,2016-06-05 16:10:00,Adelaide Oval,Adelaide,St Kilda,19,19,6,9,133,45,38,15,0.5,0.4,88,23,False
858,2016,12,Round 12,home_and_away,2016-06-10 19:50:00,Docklands,Essendon,Hawthorn,6,7,23,13,43,151,13,36,0.46153846153846156,0.6388888888888888,-108,-23,False
859,2016,12,Round 12,home_and_away,2016-06-11 13:10:00,Adelaide Oval,Port Adelaide,Western Bulldogs,14,13,15,10,97,100,27,25,0.5185185185185185,0.6,-3,2,False
860,2016,12,Round 12,home_and_away,2016-06-11 16:35:00,Gabba,Brisbane Lions,Fremantle,9,10,23,9,64,147,19,32,0.47368421052631576,0.71875,-83,-13,False
862,2016,12,Round 12,home_and_away,2016-06-11 17:40:00,Subiaco,West Coast,Adelaide,11,10,15,15,76,105,21,30,0.5238095238095238,0.5,-29,-9,False
861,2016,12,Round 12,home_and_away,2016-06-11 19:25:00,Docklands,Geelong,North Melbourne,15,15,12,2,105,74,30,14,0.5,0.8571428571428571,31,16,False
863,2016,12,Round 12,home_and_away,2016-06-12 13:10:00,Docklands,St Kilda,Carlton,17,8,12,6,110,78,25,18,0.68,0.6666666666666666,32,7,False
864,2016,12,Round 12,home_and_away,2016-06-12 15:20:00,M.C.G.,Richmond,Gold Coast,17,12,15,7,114,97,29,22,0.5862068965517241,0.6818181818181818,17,7,False
865,2016,12,Round 12,home_and_away,2016-06-12 16:40:00,Sydney Showground,Greater Western Sydney,Sydney,15,15,9,9,105,63,30,18,0.5,0.5,42,12,False
866,2016,12,Round 12,home_and_away,2016-06-13 15:20:00,M.C.G.,Melbourne,Collingwood,16,8,8,10,104,58,24,18,0.6666666666666666,0.4444444444444444,46,6,False
876,2016,13,Round 13,home_and_away,2016-06-17 19:50:00,Docklands,North Melbourne,Hawthorn,11,18,14,9,84,93,29,23,0.3793103448275862,0.6086956521739131,-9,6,False
877,2016,13,Round 13,home_and_away,2016-06-18 13:40:00,Gabba,Brisbane Lions,West Coast,12,10,20,11,82,131,22,31,0.5454545454545454,0.6451612903225806,-49,-9,False
878,2016,13,Round 13,home_and_away,2016-06-18 14:35:00,Subiaco,Fremantle,Port Adelaide,12,14,9,15,86,69,26,24,0.46153846153846156,0.375,17,2,False
879,2016,13,Round 13,home_and_away,2016-06-18 19:25:00,Docklands,Western Bulldogs,Geelong,5,13,16,4,43,100,18,20,0.2777777777777778,0.8,-57,-2,False
880,2016,13,Round 13,home_and_away,2016-06-19 13:10:00,S.C.G.,Sydney,Melbourne,12,14,4,7,86,31,26,11,0.46153846153846156,0.36363636363636365,55,15,False
881,2016,13,Round 13,home_and_away,2016-06-19 16:40:00,Docklands,Essendon,Greater Western Sydney,12,18,17,15,90,117,30,32,0.4,0.53125,-27,-2,False
882,2016,14,Round 14,home_and_away,2016-06-23 19:20:00,Adelaide Oval,Adelaide,North Melbourne,12,28,10,7,100,67,40,17,0.3,0.5882352941176471,33,23,False
883,2016,14,Round 14,home_and_away,2016-06-24 19:50:00,M.C.G.,Collingwood,Fremantle,12,13,5,7,85,37,25,12,0.48,0.4166666666666667,48,13,False
884,2016,14,Round 14,home_and_away,2016-06-25 13:40:00,M.C.G.,Richmond,Brisbane Lions,17,15,11,9,117,75,32,20,0.53125,0.55,42,12,False
885,2016,14,Round 14,home_and_away,2016-06-25 16:35:00,Sydney Showground,Greater Western Sydney,Carlton,18,19,9,11,127,65,37,20,0.4864864864864865,0.45,62,17,False
886,2016,14,Round 14,home_and_away,2016-06-25 19:25:00,Docklands,St Kilda,Geelong,14,9,13,12,93,90,23,25,0.6086956521739131,0.52,3,-2,False
896,2016,14,Round 14,home_and_away,2016-06-26 15:20:00,York Park,Hawthorn,Gold Coast,12,14,8,12,86,60,26,20,0.46153846153846156,0.4,26,6,False
897,2016,15,Round 15,home_and_away,2016-06-30 18:10:00,Subiaco,West Coast,Essendon,20,10,7,10,130,52,30,17,0.6666666666666666,0.4117647058823529,78,13,False
898,2016,15,Round 15,home_and_away,2016-07-01 19:20:00,Adelaide Oval,Port Adelaide,Richmond,14,10,8,8,94,56,24,16,0.5833333333333334,0.5,38,8,False
899,2016,15,Round 15,home_and_away,2016-07-02 13:40:00,Carrara,Gold Coast,St Kilda,15,18,8,20,108,68,33,28,0.45454545454545453,0.2857142857142857,40,5,False
900,2016,15,Round 15,home_and_away,2016-07-02 16:35:00,S.C.G.,Sydney,Western Bulldogs,11,13,13,5,79,83,24,18,0.4583333333333333,0.7222222222222222,-4,6,False
901,2016,15,Round 15,home_and_away,2016-07-02 19:25:00,M.C.G.,Carlton,Collingwood,6,9,8,9,45,57,15,17,0.4,0.47058823529411764,-12,-2,False
902,2016,15,Round 15,home_and_away,2016-07-03 15:20:00,M.C.G.,Melbourne,Adelaide,15,8,18,12,98,120,23,30,0.6521739130434783,0.6,-22,-7,False
903,2016,16,Round 16,home_and_away,2016-07-07 19:20:00,Adelaide Oval,Port Adelaide,Hawthorn,12,7,15,11,79,101,19,26,0.631578947368421,0.5769230769230769,-22,-7,False
904,2016,16,Round 16,home_and_away,2016-07-08 19:50:00,Kardinia Park,Geelong,Sydney,9,6,15,8,60,98,15,23,0.6,0.6521739130434783,-38,-8,False
905,2016,16,Round 16,home_and_away,2016-07-09 13:40:00,Sydney Showground,Greater Western Sydney,Collingwood,14,9,19,11,93,125,23,30,0.6086956521739131,0.6333333333333333,-32,-7,False
906,2016,16,Round 16,home_and_away,2016-07-09 16:35:00,Carrara,Gold Coast,Brisbane Lions,22,7,17,11,139,113,29,28,0.7586206896551724,0.6071428571428571,26,1,False
918,2016,16,Round 16,home_and_away,2016-07-09 19:10:00,Marrara Oval,Melbourne,Fremantle,12,15,8,7,87,55,27,15,0.4444444444444444,0.5333333333333333,32,12,False
917,2016,16,Round 16,home_and_away,2016-07-09 19:25:00,Docklands,Western Bulldogs,Richmond,12,13,11,9,85,75,25,20,0.48,0.55,10,5,False
919,2016,16,Round 16,home_and_away,2016-07-10 13:10:00,M.C.G.,Carlton,Adelaide,7,5,16,11,47,107,12,27,0.5833333333333334,0.5925925925925926,-60,-15,False
920,2016,16,Round 16,home_and_away,2016-07-10 13:20:00,Subiaco,West Coast,North Melbourne,16,8,11,6,104,72,24,17,0.6666666666666666,0.6470588235294118,32,7,False
921,2016,16,Round 16,home_and_away,2016-07-10 16:40:00,Docklands,Essendon,St Kilda,14,14,17,7,98,109,28,24,0.5,0.7083333333333334,-11,4,False
922,2016,17,Round 17,home_and_away,2016-07-14 19:20:00,S.C.G.,Sydney,Hawthorn,10,10,11,9,70,75,20,20,0.5,0.55,-5,0,False
923,2016,17,Round 17,home_and_away,2016-07-15 18:10:00,Subiaco,Fremantle,Geelong,9,7,11,12,61,78,16,23,0.5625,0.4782608695652174,-17,-7,False
924,2016,17,Round 17,home_and_away,2016-07-16 13:40:00,M.C.G.,Richmond,Essendon,16,6,11,17,102,83,22,28,0.7272727272727273,0.39285714285714285,19,-6,False
925,2016,17,Round 17,home_and_away,2016-07-16 16:35:00,Docklands,North Melbourne,Port Adelaide,10,17,16,9,77,105,27,25,0.37037037037037035,0.64,-28,2,False
940,2016,17,Round 17,home_and_away,2016-07-16 19:10:00,Adelaide Oval,Adelaide,Collingwood,14,13,10,9,97,69,27,19,0.5185185185185185,0.5263157894736842,28,8,False
926,2016,17,Round 17,home_and_away,2016-07-16 19:25:00,Cazaly's Stadium,Western Bulldogs,Gold Coast,15,17,8,11,107,59,32,19,0.46875,0.42105263157894735,48,13,False
941,2016,17,Round 17,home_and_away,2016-07-17 13:10:00,M.C.G.,Carlton,West Coast,11,9,12,10,75,82,20,22,0.55,0.5454545454545454,-7,-2,False
942,2016,17,Round 17,home_and_away,2016-07-17 15:20:00,Docklands,St Kilda,Melbourne,15,20,11,8,110,74,35,19,0.42857142857142855,0.5789473684210527,36,16,False
943,2016,17,Round 17,home_and_away,2016-07-17 16:40:00,Gabba,Brisbane Lions,Greater Western Sydney,9,13,22,14,67,146,22,36,0.4090909090909091,0.6111111111111112,-79,-14,False
944,2016,18,Round 18,home_and_away,2016-07-22 19:50:00,Docklands,Collingwood,North Melbourne,12,12,18,16,84,124,24,34,0.5,0.5294117647058824,-40,-10,False
945,2016,18,Round 18,home_and_away,2016-07-23 13:45:00,S.C.G.,Sydney,Carlton,10,14,10,8,74,68,24,18,0.4166666666666667,0.5555555555555556,6,6,False
946,2016,18,Round 18,home_and_away,2016-07-23 14:10:00,Carrara,Gold Coast,Fremantle,16,9,12,9,105,81,25,21,0.64,0.5714285714285714,24,4,False
950,2016,18,Round 18,home_and_away,2016-07-23 14:35:00,Subiaco,West Coast,Melbourne,10,6,8,12,66,60,16,20,0.625,0.4,6,-4,False
952,2016,18,Round 18,home_and_away,2016-07-23 19:25:00,Kardinia Park,Geelong,Adelaide,12,13,7,13,85,55,25,20,0.48,0.35,30,5,False
951,2016,18,Round 18,home_and_away,2016-07-23 19:25:00,Docklands,Western Bulldogs,St Kilda,9,6,11,9,60,75,15,20,0.6,0.55,-15,-5,False
953,2016,18,Round 18,home_and_away,2016-07-24 13:10:00,Docklands,Essendon,Brisbane Lions,12,19,20,8,91,128,31,28,0.3870967741935484,0.7142857142857143,-37,3,False
954,2016,18,Round 18,home_and_away,2016-07-24 15:20:00,M.C.G.,Hawthorn,Richmond,16,18,5,14,114,44,34,19,0.47058823529411764,0.2631578947368421,70,15,False
955,2016,18,Round 18,home_and_away,2016-07-24 16:10:00,Adelaide Oval,Port Adelaide,Greater Western Sydney,9,6,11,13,60,79,15,24,0.6,0.4583333333333333,-19,-9,False
956,2016,19,Round 19,home_and_away,2016-07-29 19:50:00,Kardinia Park,Geelong,Western Bulldogs,16,7,11,12,103,78,23,23,0.6956521739130435,0.4782608695652174,25,0,False
957,2016,19,Round 19,home_and_away,2016-07-30 13:45:00,Manuka Oval,Greater Western Sydney,Richmond,17,9,3,5,111,23,26,8,0.6538461538461539,0.375,88,18,False
958,2016,19,Round 19,home_and_away,2016-07-30 14:10:00,York Park,Hawthorn,Carlton,10,14,7,13,74,55,24,20,0.4166666666666667,0.35,19,4,False
959,2016,19,Round 19,home_and_away,2016-07-30 16:35:00,M.C.G.,Collingwood,West Coast,13,13,11,6,91,72,26,17,0.5,0.6470588235294118,19,9,False
961,2016,19,Round 19,home_and_away,2016-07-30 19:25:00,Gabba,Brisbane Lions,Port Adelaide,11,13,25,23,79,173,24,48,0.4583333333333333,0.5208333333333334,-94,-24,False
960,2016,19,Round 19,home_and_away,2016-07-30 19:25:00,Docklands,North Melbourne,St Kilda,12,13,8,14,85,62,25,22,0.48,0.36363636363636365,23,3,False
962,2016,19,Round 19,home_and_away,2016-07-31 13:10:00,M.C.G.,Melbourne,Gold Coast,9,12,9,10,66,64,21,19,0.42857142857142855,0.47368421052631576,2,2,False
963,2016,19,Round 19,home_and_away,2016-07-31 13:20:00,Subiaco,Fremantle,Sydney,7,5,21,11,47,137,12,32,0.5833333333333334,0.65625,-90,-20,False
964,2016,19,Round 19,home_and_away,2016-07-31 16:10:00,Adelaide Oval,Adelaide,Essendon,22,11,9,7,143,61,33,16,0.6666666666666666,0.5625,82,17,False
965,2016,20,Round 20,home_and_away,2016-08-05 19:50:00,M.C.G.,Richmond,Collingwood,14,8,11,11,92,77,22,22,0.6363636363636364,0.5,15,0,False
966,2016,20,Round 20,home_and_away,2016-08-06 13:45:00,S.C.G.,Sydney,Port Adelaide,14,16,4,9,100,33,30,13,0.4666666666666667,0.3076923076923077,67,17,False
978,2016,20,Round 20,home_and_away,2016-08-06 14:10:00,M.C.G.,Melbourne,Hawthorn,17,8,11,15,110,81,25,26,0.68,0.4230769230769231,29,-1,False
979,2016,20,Round 20,home_and_away,2016-08-06 16:35:00,Carrara,Gold Coast,Greater Western Sydney,13,6,14,8,84,92,19,22,0.6842105263157895,0.6363636363636364,-8,-3,False
981,2016,20,Round 20,home_and_away,2016-08-06 19:10:00,Adelaide Oval,Adelaide,Brisbane Lions,27,15,6,3,177,39,42,9,0.6428571428571429,0.6666666666666666,138,33,False
980,2016,20,Round 20,home_and_away,2016-08-06 19:25:00,Docklands,Western Bulldogs,North Melbourne,9,7,7,5,61,47,16,12,0.5625,0.5833333333333334,14,4,False
983,2016,20,Round 20,home_and_away,2016-08-07 13:10:00,M.C.G.,Carlton,St Kilda,7,9,19,8,51,122,16,27,0.4375,0.7037037037037037,-71,-11,False
984,2016,20,Round 20,home_and_away,2016-08-07 14:40:00,Subiaco,Fremantle,West Coast,9,10,17,8,64,110,19,25,0.47368421052631576,0.68,-46,-6,False
982,2016,20,Round 20,home_and_away,2016-08-07 15:20:00,Docklands,Geelong,Essendon,15,10,4,10,100,34,25,14,0.6,0.2857142857142857,66,11,False
985,2016,21,Round 21,home_and_away,2016-08-12 19:50:00,Docklands,Western Bulldogs,Collingwood,14,11,14,8,95,92,25,22,0.56,0.6363636363636364,3,3,False
986,2016,21,Round 21,home_and_away,2016-08-13 13:45:00,Gabba,Brisbane Lions,Carlton,15,9,13,17,99,95,24,30,0.625,0.43333333333333335,4,-6,False
991,2016,21,Round 21,home_and_away,2016-08-13 14:10:00,M.C.G.,Hawthorn,North Melbourne,14,12,8,9,96,57,26,17,0.5384615384615384,0.47058823529411764,39,9,False
992,2016,21,Round 21,home_and_away,2016-08-13 16:35:00,Sydney Showground,Greater Western Sydney,West Coast,14,12,14,13,96,97,26,27,0.5384615384615384,0.5185185185185185,-1,-1,False
994,2016,21,Round 21,home_and_away,2016-08-13 19:10:00,Adelaide Oval,Port Adelaide,Melbourne,8,6,13,16,54,94,14,29,0.5714285714285714,0.4482758620689655,-40,-15,False
993,2016,21,Round 21,home_and_away,2016-08-13 19:25:00,Docklands,St Kilda,Sydney,11,10,23,8,76,146,21,31,0.5238095238095238,0.7419354838709677,-70,-10,False
995,2016,21,Round 21,home_and_away,2016-08-14 13:10:00,Docklands,Essendon,Gold Coast,11,9,9,15,75,69,20,24,0.55,0.375,6,-4,False
997,2016,21,Round 21,home_and_away,2016-08-14 14:40:00,Subiaco,Fremantle,Adelaide,11,4,21,16,70,142,15,37,0.7333333333333333,0.5675675675675675,-72,-22,False
996,2016,21,Round 21,home_and_away,2016-08-14 15:20:00,M.C.G.,Richmond,Geelong,12,6,10,22,78,82,18,32,0.6666666666666666,0.3125,-4,-14,False
998,2016,22,Round 22,home_and_away,2016-08-19 18:10:00,Subiaco,West Coast,Hawthorn,13,14,10,7,92,67,27,17,0.48148148148148145,0.5882352941176471,25,10,False
999,2016,22,Round 22,home_and_away,2016-08-20 13:45:00,Bellerive Oval,North Melbourne,Sydney,10,16,12,13,76,85,26,25,0.38461538461538464,0.48,-9,1,False
1000,2016,22,Round 22,home_and_away,2016-08-20 14:10:00,M.C.G.,Richmond,St Kilda,6,10,7,13,46,55,16,20,0.375,0.35,-9,-4,False
1001,2016,22,Round 22,home_and_away,2016-08-20 16:35:00,Sydney Showground,Greater Western Sydney,Fremantle,19,15,5,7,129,37,34,12,0.5588235294117647,0.4166666666666667,92,22,False
1003,2016,22,Round 22,home_and_away,2016-08-20 19:10:00,Adelaide Oval,Port Adelaide,Adelaide,14,10,15,19,94,109,24,34,0.5833333333333334,0.4411764705882353,-15,-10,False
1002,2016,22,Round 22,home_and_away,2016-08-20 19:25:00,Docklands,Collingwood,Gold Coast,16,22,6,11,118,47,38,17,0.42105263157894735,0.35294117647058826,71,21,False
1004,2016,22,Round 22,home_and_away,2016-08-21 13:10:00,M.C.G.,Carlton,Melbourne,11,12,7,16,78,58,23,23,0.4782608695652174,0.30434782608695654,20,0,False
1005,2016,22,Round 22,home_and_away,2016-08-21 15:20:00,Gabba,Brisbane Lions,Geelong,10,9,19,15,69,129,19,34,0.5263157894736842,0.5588235294117647,-60,-15,False
1006,2016,22,Round 22,home_and_away,2016-08-21 16:40:00,Docklands,Essendon,Western Bulldogs,7,11,14,9,53,93,18,23,0.3888888888888889,0.6086956521739131,-40,-5,False
1016,2016,23,Round 23,home_and_away,2016-08-26 19:40:00,Adelaide Oval,Adelaide,West Coast,10,11,14,16,71,100,21,30,0.47619047619047616,0.4666666666666667,-29,-9,False
1017,2016,23,Round 23,home_and_away,2016-08-27 13:45:00,Kardinia Park,Geelong,Melbourne,24,11,6,8,155,44,35,14,0.6857142857142857,0.42857142857142855,111,21,False
1018,2016,23,Round 23,home_and_away,2016-08-27 14:10:00,M.C.G.,Essendon,Carlton,15,13,10,19,103,79,28,29,0.5357142857142857,0.3448275862068966,24,-1,False
1019,2016,23,Round 23,home_and_away,2016-08-27 16:35:00,S.C.G.,Sydney,Richmond,25,14,7,9,164,51,39,16,0.6410256410256411,0.4375,113,23,False
1020,2016,23,Round 23,home_and_away,2016-08-27 19:25:00,Carrara,Gold Coast,Port Adelaide,9,12,13,11,66,89,21,24,0.42857142857142855,0.5416666666666666,-23,-3,False
1021,2016,23,Round 23,home_and_away,2016-08-27 19:25:00,Docklands,North Melbourne,Greater Western Sydney,9,9,14,16,63,100,18,30,0.5,0.4666666666666667,-37,-12,False
1022,2016,23,Round 23,home_and_away,2016-08-28 13:10:00,Docklands,St Kilda,Brisbane Lions,25,11,15,13,161,103,36,28,0.6944444444444444,0.5357142857142857,58,8,False
1024,2016,23,Round 23,home_and_away,2016-08-28 14:40:00,Subiaco,Fremantle,Western Bulldogs,10,9,6,13,69,49,19,19,0.5263157894736842,0.3157894736842105,20,0,False
1023,2016,23,Round 23,home_and_away,2016-08-28 15:20:00,M.C.G.,Hawthorn,Collingwood,17,10,17,9,112,111,27,26,0.6296296296296297,0.6538461538461539,1,1,False
1025,2016,24,Finals Week 1,elimination_final,2016-09-08 18:10:00,Subiaco,West Coast,Western Bulldogs,7,10,14,15,52,99,17,29,0.4117647058823529,0.4827586206896552,-47,-12,False
1026,2016,24,Finals Week 1,qualifying_final,2016-09-09 19:50:00,M.C.G.,Geelong,Hawthorn,12,13,12,11,85,83,25,23,0.48,0.5217391304347826,2,2,False
1037,2016,24,Finals Week 1,qualifying_final,2016-09-10 15:20:00,Stadium Australia,Sydney,Greater Western Sydney,7,13,12,19,55,91,20,31,0.35,0.3870967741935484,-36,-11,False
1038,2016,24,Finals Week 1,elimination_final,2016-09-10 19:10:00,Adelaide Oval,Adelaide,North Melbourne,21,15,12,7,141,79,36,19,0.5833333333333334,0.631578947368421,62,17,False
1039,2016,25,Semi-Finals,semi_final,2016-09-16 19:50:00,M.C.G.,Hawthorn,Western Bulldogs,12,12,16,11,84,107,24,27,0.5,0.5925925925925926,-23,-3,False
1040,2016,25,Semi-Finals,semi_final,2016-09-17 19:25:00,S.C.G.,Sydney,Adelaide,18,10,12,10,118,82,28,22,0.6428571428571429,0.5454545454545454,36,6,False
1041,2016,26,Preliminary Finals,preliminary_final,2016-09-23 19:50:00,M.C.G.,Geelong,Sydney,8,12,15,7,60,97,20,22,0.4,0.6818181818181818,-37,-2,False
1042,2016,26,Preliminary Finals,preliminary_final,2016-09-24 17:15:00,Sydney Showground,Greater Western Sydney,Western Bulldogs,12,11,13,11,83,89,23,24,0.5217391304347826,0.5416666666666666,-6,-1,False
1043,2016,27,Grand Final,grand_final,2016-10-01 14:30:00,M.C.G.,Sydney,Western Bulldogs,10,7,13,11,67,89,17,24,0.5882352941176471,0.5416666666666666,-22,-7,False
1,2017,1,Round 1,home_and_away,2017-03-23 19:20:00,M.C.G.,Carlton,Richmond,14,5,20,12,89,132,19,32,0.7368421052631579,0.625,-43,-13,False
2,2017,1,Round 1,home_and_away,2017-03-24 19:50:00,M.C.G.,Collingwood,Western Bulldogs,12,14,15,10,86,100,26,25,0.46153846153846156,0.6,-14,1,False
4,2017,1,Round 1,home_and_away,2017-03-25 16:35:00,Docklands,St Kilda,Melbourne,13,12,18,12,90,120,25,30,0.52,0.6,-30,-5,False
3,2017,1,Round 1,home_and_away,2017-03-25 16:35:00,S.C.G.,Sydney,Port Adelaide,12,10,17,8,82,110,22,25,0.5454545454545454,0.68,-28,-3,False
6,2017,1,Round 1,home_and_away,2017-03-25 19:25:00,M.C.G.,Essendon,Hawthorn,17,14,12,19,116,91,31,31,0.5483870967741935,0.3870967741935484,25,0,False
5,2017,1,Round 1,home_and_away,2017-03-25 20:05:00,Carrara,Gold Coast,Brisbane Lions,14,12,15,8,96,98,26,23,0.5384615384615384,0.6521739130434783,-2,3,False
7,2017,1,Round 1,home_and_away,2017-03-26 13:10:00,Docklands,North Melbourne,West Coast,13,15,21,10,93,136,28,31,0.4642857142857143,0.6774193548387096,-43,-3,False
8,2017,1,Round 1,home_and_away,2017-03-26 15:20:00,Adelaide Oval,Adelaide,Greater Western Sydney,22,15,14,7,147,91,37,21,0.5945945945945946,0.6666666666666666,56,16,False
9,2017,1,Round 1,home_and_away,2017-03-26 19:40:00,Subiaco,Fremantle,Geelong,10,13,18,7,73,115,23,25,0.43478260869565216,0.72,-42,-2,False
10,2017,2,Round 2,home_and_away,2017-03-30 19:20:00,M.C.G.,Richmond,Collingwood,14,15,11,14,99,80,29,25,0.4827586206896552,0.44,19,4,False
11,2017,2,Round 2,home_and_away,2017-03-31 19:50:00,Docklands,Western Bulldogs,Sydney,16,14,13,9,110,87,30,22,0.5333333333333333,0.5909090909090909,23,8,False
12,2017,2,Round 2,home_and_away,2017-04-01 13:45:00,M.C.G.,Hawthorn,Adelaide,13,11,16,17,89,113,24,33,0.5416666666666666,0.48484848484848486,-24,-9,False
13,2017,2,Round 2,home_and_away,2017-04-01 16:35:00,Sydney Showground,Greater Western Sydney,Gold Coast,24,16,8,10,160,58,40,18,0.6,0.4444444444444444,102,22,False
14,2017,2,Round 2,home_and_away,2017-04-01 19:25:00,Gabba,Brisbane Lions,Essendon,12,12,17,9,84,111,24,26,0.5,0.6538461538461539,-27,-2,False
15,2017,2,Round 2,home_and_away,2017-04-01 19:40:00,Subiaco,West Coast,St Kilda,18,8,13,19,116,97,26,32,0.6923076923076923,0.40625,19,-6,False
16,2017,2,Round 2,home_and_away,2017-04-02 13:10:00,Docklands,Geelong,North Melbourne,17,10,17,9,112,111,27,26,0.6296296296296297,0.6538461538461539,1,1,False
17,2017,2,Round 2,home_and_away,2017-04-02 15:20:00,M.C.G.,Melbourne,Carlton,13,8,9,10,86,64,21,19,0.6190476190476191,0.47368421052631576,22,2,False
18,2017,2,Round 2,home_and_away,2017-04-02 16:40:00,Adelaide Oval,Port Adelaide,Fremantle,22,13,8,8,145,56,35,16,0.6285714285714286,0.5,89,19,False
37,2017,3,Round 3,home_and_away,2017-04-07 19:50:00,S.C.G.,Sydney,Collingwood,11,13,11,14,79,80,24,25,0.4583333333333333,0.44,-1,-1,False
38,2017,3,Round 3,home_and_away,2017-04-08 13:45:00,Bellerive Oval,North Melbourne,Greater Western Sydney,10,7,15,19,67,109,17,34,0.5882352941176471,0.4411764705882353,-42,-17,False
50,2017,3,Round 3,home_and_away,2017-04-08 14:10:00,M.C.G.,Richmond,West Coast,11,10,8,17,76,65,21,25,0.5238095238095238,0.32,11,-4,False
51,2017,3,Round 3,home_and_away,2017-04-08 16:35:00,Docklands,Geelong,Melbourne,20,6,13,19,126,97,26,32,0.7692307692307693,0.40625,29,-6,False
53,2017,3,Round 3,home_and_away,2017-04-08 19:40:00,Subiaco,Fremantle,Western Bulldogs,13,11,10,13,89,73,24,23,0.5416666666666666,0.43478260869565216,16,1,False
52,2017,3,Round 3,home_and_away,2017-04-08 19:40:00,Adelaide Oval,Port Adelaide,Adelaide,12,11,15,10,83,100,23,25,0.5217391304347826,0.6,-17,-2,False
54,2017,3,Round 3,home_and_away,2017-04-09 13:10:00,Docklands,St Kilda,Brisbane Lions,14,23,11,10,107,76,37,21,0.3783783783783784,0.5238095238095238,31,16,False
55,2017,3,Round 3,home_and_away,2017-04-09 15:20:00,M.C.G.,Carlton,Essendon,7,15,6,6,57,42,22,12,0.3181818181818182,0.5,15,10,False
56,2017,3,Round 3,home_and_away,2017-04-09 16:40:00,Carrara,Gold Coast,Hawthorn,21,13,7,11,139,53,34,18,0.6176470588235294,0.3888888888888889,86,16,False
57,2017,4,Round 4,home_and_away,2017-04-13 20:10:00,Subiaco,West Coast,Sydney,13,13,10,5,91,65,26,15,0.5,0.6666666666666666,26,11,False
58,2017,4,Round 4,home_and_away,2017-04-14 16:20:00,Docklands,North Melbourne,Western Bulldogs,12,14,12,17,86,89,26,29,0.46153846153846156,0.41379310344827586,-3,-3,False
63,2017,4,Round 4,home_and_away,2017-04-15 13:45:00,M.C.G.,Melbourne,Fremantle,15,14,16,10,104,106,29,26,0.5172413793103449,0.6153846153846154,-2,3,False
64,2017,4,Round 4,home_and_away,2017-04-15 16:35:00,UNSW Canberra Oval,Greater Western Sydney,Port Adelaide,16,16,11,15,112,81,32,26,0.5,0.4230769230769231,31,6,False
65,2017,4,Round 4,home_and_away,2017-04-15 19:25:00,Docklands,Carlton,Gold Coast,12,10,17,6,82,108,22,23,0.5454545454545454,0.7391304347826086,-26,-1,False
66,2017,4,Round 4,home_and_away,2017-04-15 19:40:00,Adelaide Oval,Adelaide,Essendon,24,9,13,10,153,88,33,23,0.7272727272727273,0.5652173913043478,65,10,False
67,2017,4,Round 4,home_and_away,2017-04-16 15:20:00,Docklands,Collingwood,St Kilda,7,13,9,15,55,69,20,24,0.35,0.375,-14,-4,False
68,2017,4,Round 4,home_and_away,2017-04-16 16:40:00,Gabba,Brisbane Lions,Richmond,10,7,17,17,67,119,17,34,0.5882352941176471,0.5,-52,-17,False
69,2017,4,Round 4,home_and_away,2017-04-17 15:20:00,M.C.G.,Hawthorn,Geelong,6,12,20,14,48,134,18,34,0.3333333333333333,0.5882352941176471,-86,-16,False
70,2017,5,Round 5,home_and_away,2017-04-21 19:50:00,Adelaide Oval,Port Adelaide,Carlton,20,17,6,11,137,47,37,17,0.5405405405405406,0.35294117647058826,90,20,False
71,2017,5,Round 5,home_and_away,2017-04-22 13:45:00,Docklands,Western Bulldogs,Brisbane Lions,17,20,14,6,122,90,37,20,0.4594594594594595,0.7,32,17,False
72,2017,5,Round 5,home_and_away,2017-04-22 16:35:00,Carrara,Gold Coast,Adelaide,13,8,23,15,86,153,21,38,0.6190476190476191,0.6052631578947368,-67,-17,False
73,2017,5,Round 5,home_and_away,2017-04-22 19:25:00,S.C.G.,Sydney,Greater Western Sydney,9,9,15,15,63,105,18,30,0.5,0.5,-42,-12,False
74,2017,5,Round 5,home_and_away,2017-04-22 19:40:00,Subiaco,Fremantle,North Melbourne,9,13,9,8,67,62,22,17,0.4090909090909091,0.5294117647058824,5,5,False
75,2017,5,Round 5,home_and_away,2017-04-23 15:20:00,Docklands,St Kilda,Geelong,13,10,19,12,88,126,23,31,0.5652173913043478,0.6129032258064516,-38,-8,False
76,2017,5,Round 5,home_and_away,2017-04-23 16:40:00,M.C.G.,Hawthorn,West Coast,19,11,11,9,125,75,30,20,0.6333333333333333,0.55,50,10,False
77,2017,5,Round 5,home_and_away,2017-04-24 19:25:00,M.C.G.,Richmond,Melbourne,12,16,11,9,88,75,28,20,0.42857142857142855,0.55,13,8,False
78,2017,5,Round 5,home_and_away,2017-04-25 15:20:00,M.C.G.,Essendon,Collingwood,15,10,11,16,100,82,25,27,0.6,0.4074074074074074,18,-2,False
88,2017,6,Round 6,home_and_away,2017-04-28 19:50:00,UNSW Canberra Oval,Greater Western Sydney,Western Bulldogs,11,9,9,19,75,73,20,28,0.55,0.32142857142857145,2,-8,False
89,2017,6,Round 6,home_and_away,2017-04-29 13:45:00,University of Tasmania Stadium,Hawthorn,St Kilda,8,7,19,16,55,130,15,35,0.5333333333333333,0.5428571428571428,-75,-20,False
90,2017,6,Round 6,home_and_away,2017-04-29 14:10:00,M.C.G.,Carlton,Sydney,15,7,11,12,97,78,22,23,0.6818181818181818,0.4782608695652174,19,-1,False
91,2017,6,Round 6,home_and_away,2017-04-29 16:35:00,Gabba,Brisbane Lions,Port Adelaide,10,7,22,18,67,150,17,40,0.5882352941176471,0.55,-83,-23,False
92,2017,6,Round 6,home_and_away,2017-04-29 19:25:00,Docklands,North Melbourne,Gold Coast,16,11,14,10,107,94,27,24,0.5925925925925926,0.5833333333333334,13,3,False
93,2017,6,Round 6,home_and_away,2017-04-29 20:10:00,Subiaco,West Coast,Fremantle,16,7,9,8,103,62,23,17,0.6956521739130435,0.5294117647058824,41,6,False
94,2017,6,Round 6,home_and_away,2017-04-30 13:10:00,Docklands,Essendon,Melbourne,10,14,17,10,74,112,24,27,0.4166666666666667,0.6296296296296297,-38,-3,False
95,2017,6,Round 6,home_and_away,2017-04-30 15:20:00,M.C.G.,Geelong,Collingwood,11,12,15,17,78,107,23,32,0.4782608695652174,0.46875,-29,-9,False
96,2017,6,Round 6,home_and_away,2017-04-30 16:40:00,Adelaide Oval,Adelaide,Richmond,21,14,10,4,140,64,35,14,0.6,0.7142857142857143,76,21,False
97,2017,7,Round 7,home_and_away,2017-05-05 19:50:00,Docklands,St Kilda,Greater Western Sydney,16,12,12,13,108,85,28,25,0.5714285714285714,0.48,23,3,False
98,2017,7,Round 7,home_and_away,2017-05-06 13:45:00,Bellerive Oval,North Melbourne,Adelaide,22,13,13,8,145,86,35,21,0.6285714285714286,0.6190476190476191,59,14,False
109,2017,7,Round 7,home_and_away,2017-05-06 14:10:00,M.C.G.,Collingwood,Carlton,8,8,12,7,56,79,16,19,0.5,0.631578947368421,-23,-3,False
110,2017,7,Round 7,home_and_away,2017-05-06 16:35:00,Adelaide Oval,Port Adelaide,West Coast,12,15,15,7,87,97,27,22,0.4444444444444444,0.6818181818181818,-10,5,False
111,2017,7,Round 7,home_and_away,2017-05-06 19:25:00,Carrara,Gold Coast,Geelong,18,16,15,9,124,99,34,24,0.5294117647058824,0.625,25,10,False
112,2017,7,Round 7,home_and_away,2017-05-06 19:25:00,Docklands,Western Bulldogs,Richmond,11,14,11,9,80,75,25,20,0.44,0.55,5,5,False
113,2017,7,Round 7,home_and_away,2017-05-07 13:10:00,S.C.G.,Sydney,Brisbane Lions,20,15,12,9,135,81,35,21,0.5714285714285714,0.5714285714285714,54,14,False
114,2017,7,Round 7,home_and_away,2017-05-07 15:20:00,M.C.G.,Melbourne,Hawthorn,14,7,14,10,91,94,21,24,0.6666666666666666,0.5833333333333334,-3,-3,False
115,2017,7,Round 7,home_and_away,2017-05-07 16:40:00,Subiaco,Fremantle,Essendon,17,14,11,13,116,79,31,24,0.5483870967741935,0.4583333333333333,37,7,False
116,2017,8,Round 8,home_and_away,2017-05-12 20:10:00,Subiaco,West Coast,Western Bulldogs,9,15,8,13,69,61,24,21,0.375,0.38095238095238093,8,3,False
117,2017,8,Round 8,home_and_away,2017-05-13 13:45:00,University of Tasmania Stadium,Hawthorn,Brisbane Lions,17,11,11,9,113,75,28,20,0.6071428571428571,0.55,38,8,False
118,2017,8,Round 8,home_and_away,2017-05-13 14:10:00,Docklands,St Kilda,Carlton,12,13,10,6,85,66,25,16,0.48,0.625,19,9,False
122,2017,8,Round 8,home_and_away,2017-05-13 16:35:00,Sydney Showground,Greater Western Sydney,Collingwood,15,12,15,9,102,99,27,24,0.5555555555555556,0.625,3,3,False
123,2017,8,Round 8,home_and_away,2017-05-13 19:25:00,M.C.G.,Essendon,Geelong,17,8,13,15,110,93,25,28,0.68,0.4642857142857143,17,-3,False
124,2017,8,Round 8,home_and_away,2017-05-13 19:40:00,Adelaide Oval,Adelaide,Melbourne,9,12,17,5,66,107,21,22,0.42857142857142855,0.7727272727272727,-41,-1,False
125,2017,8,Round 8,home_and_away,2017-05-14 13:10:00,M.C.G.,Richmond,Fremantle,10,10,10,12,70,72,20,22,0.5,0.45454545454545453,-2,-2,False
126,2017,8,Round 8,home_and_away,2017-05-14 15:15:00,Adelaide Arena at Jiangwan Stadium,Gold Coast,Port Adelaide,4,14,16,14,38,110,18,30,0.2222222222222222,0.5333333333333333,-72,-12,False
127,2017,8,Round 8,home_and_away,2017-05-14 16:40:00,Docklands,North Melbourne,Sydney,11,12,18,12,78,120,23,30,0.4782608695652174,0.6,-42,-7,False
128,2017,9,Round 9,home_and_away,2017-05-19 19:50:00,GMHBA Stadium,Geelong,Western Bulldogs,16,8,12,9,104,81,24,21,0.6666666666666666,0.5714285714285714,23,3,False
129,2017,9,Round 9,home_and_away,2017-05-20 13:45:00,Docklands,St Kilda,Sydney,10,8,18,10,68,118,18,28,0.5555555555555556,0.6428571428571429,-50,-10,False
130,2017,9,Round 9,home_and_away,2017-05-20 16:35:00,Sydney Showground,Greater Western Sydney,Richmond,11,12,10,15,78,75,23,25,0.4782608695652174,0.4,3,-2,False
131,2017,9,Round 9,home_and_away,2017-05-20 19:25:00,Gabba,Brisbane Lions,Adelaide,7,18,21,14,60,140,25,35,0.28,0.6,-80,-10,False
132,2017,9,Round 9,home_and_away,2017-05-20 19:25:00,M.C.G.,Collingwood,Hawthorn,13,12,11,6,90,72,25,17,0.52,0.6470588235294118,18,8,False
133,2017,9,Round 9,home_and_away,2017-05-21 13:10:00,Docklands,Essendon,West Coast,19,11,8,16,125,64,30,24,0.6333333333333333,0.3333333333333333,61,6,False
134,2017,9,Round 9,home_and_away,2017-05-21 15:20:00,M.C.G.,Melbourne,North Melbourne,13,12,15,14,90,104,25,29,0.52,0.5172413793103449,-14,-4,False
135,2017,9,Round 9,home_and_away,2017-05-21 16:40:00,Subiaco,Fremantle,Carlton,13,8,7,9,86,51,21,16,0.6190476190476191,0.4375,35,5,False
136,2017,10,Round 10,home_and_away,2017-05-25 19:20:00,GMHBA Stadium,Geelong,Port Adelaide,11,15,11,13,81,79,26,24,0.4230769230769231,0.4583333333333333,2,2,False
137,2017,10,Round 10,home_and_away,2017-05-26 19:50:00,S.C.G.,Sydney,Hawthorn,11,9,12,9,75,81,20,21,0.55,0.5714285714285714,-6,-1,False
138,2017,10,Round 10,home_and_away,2017-05-27 13:45:00,Docklands,Western Bulldogs,St Kilda,13,12,7,8,90,50,25,15,0.52,0.4666666666666667,40,10,False
150,2017,10,Round 10,home_and_away,2017-05-27 16:35:00,Traeger Park,Melbourne,Gold Coast,18,14,13,9,122,87,32,22,0.5625,0.5909090909090909,35,10,False
151,2017,10,Round 10,home_and_away,2017-05-27 19:25:00,M.C.G.,Richmond,Essendon,11,15,10,6,81,66,26,16,0.4230769230769231,0.625,15,10,False
152,2017,10,Round 10,home_and_away,2017-05-27 19:40:00,Adelaide Oval,Adelaide,Fremantle,20,23,6,7,143,43,43,13,0.46511627906976744,0.46153846153846156,100,30,False
153,2017,10,Round 10,home_and_away,2017-05-28 13:10:00,M.C.G.,Collingwood,Brisbane Lions,18,21,13,6,129,84,39,19,0.46153846153846156,0.6842105263157895,45,20,False
154,2017,10,Round 10,home_and_away,2017-05-28 15:20:00,Docklands,Carlton,North Melbourne,15,6,17,11,96,113,21,28,0.7142857142857143,0.6071428571428571,-17,-7,False
155,2017,10,Round 10,home_and_away,2017-05-28 16:40:00,Subiaco,West Coast,Greater Western Sydney,14,6,14,14,90,98,20,28,0.7,0.5,-8,-8,False
156,2017,11,Round 11,home_and_away,2017-06-01 19:50:00,Adelaide Oval,Port Adelaide,Hawthorn,13,20,7,5,98,47,33,12,0.3939393939393939,0.5833333333333334,51,21,False
157,2017,11,Round 11,home_and_away,2017-06-02 19:50:00,GMHBA Stadium,Geelong,Adelaide,13,18,10,14,96,74,31,24,0.41935483870967744,0.4166666666666667,22,7,False
158,2017,11,Round 11,home_and_away,2017-06-03 13:45:00,Carrara,Gold Coast,West Coast,11,14,11,11,80,77,25,22,0.44,0.5,3,3,False
162,2017,11,Round 11,home_and_away,2017-06-03 16:35:00,Sydney Showground,Greater Western Sydney,Essendon,18,9,15,11,117,101,27,26,0.6666666666666666,0.5769230769230769,16,1,False
163,2017,11,Round 11,home_and_away,2017-06-03 19:25:00,Docklands,North Melbourne,Richmond,9,12,14,17,66,101,21,31,0.42857142857142855,0.45161290322580644,-35,-10,False
164,2017,11,Round 11,home_and_away,2017-06-04 16:40:00,Subiaco,Fremantle,Collingwood,12,13,15,15,85,105,25,30,0.48,0.5,-20,-5,False
165,2017,12,Round 12,home_and_away,2017-06-08 19:20:00,S.C.G.,Sydney,Western Bulldogs,12,16,6,6,88,42,28,12,0.42857142857142855,0.5,46,16,False
166,2017,12,Round 12,home_and_away,2017-06-09 19:50:00,Adelaide Oval,Adelaide,St Kilda,16,15,7,12,111,54,31,19,0.5161290322580645,0.3684210526315789,57,12,False
167,2017,12,Round 12,home_and_away,2017-06-10 13:45:00,M.C.G.,Hawthorn,Gold Coast,12,7,13,17,79,95,19,30,0.631578947368421,0.43333333333333335,-16,-11,False
168,2017,12,Round 12,home_and_away,2017-06-10 16:35:00,Gabba,Brisbane Lions,Fremantle,18,13,9,10,121,64,31,19,0.5806451612903226,0.47368421052631576,57,12,False
169,2017,12,Round 12,home_and_away,2017-06-10 19:25:00,Docklands,Essendon,Port Adelaide,19,17,8,13,131,61,36,21,0.5277777777777778,0.38095238095238093,70,15,False
170,2017,12,Round 12,home_and_away,2017-06-11 15:20:00,Docklands,Carlton,Greater Western Sydney,10,11,9,16,71,70,21,25,0.47619047619047616,0.36,1,-4,False
171,2017,12,Round 12,home_and_away,2017-06-12 15:20:00,M.C.G.,Melbourne,Collingwood,15,14,15,10,104,100,29,25,0.5172413793103449,0.6,4,4,False
172,2017,13,Round 13,home_and_away,2017-06-15 20:10:00,Subiaco,West Coast,Geelong,11,17,10,10,83,70,28,20,0.39285714285714285,0.5,13,8,False
173,2017,13,Round 13,home_and_away,2017-06-16 19:50:00,Docklands,North Melbourne,St Kilda,10,12,12,17,72,89,22,29,0.45454545454545453,0.41379310344827586,-17,-7,False
174,2017,13,Round 13,home_and_away,2017-06-17 13:45:00,M.C.G.,Richmond,Sydney,10,11,12,8,71,80,21,20,0.47619047619047616,0.6,-9,1,False
175,2017,13,Round 13,home_and_away,2017-06-17 16:35:00,Adelaide Oval,Port Adelaide,Brisbane Lions,18,13,12,9,121,81,31,21,0.5806451612903226,0.5714285714285714,40,10,False
176,2017,13,Round 13,home_and_away,2017-06-17 19:25:00,Carrara,Gold Coast,Carlton,11,7,12,11,73,83,18,23,0.6111111111111112,0.5217391304347826,-10,-5,False
177,2017,13,Round 13,home_and_away,2017-06-18 15:20:00,Docklands,Western Bulldogs,Melbourne,8,8,17,11,56,113,16,28,0.5,0.6071428571428571,-57,-12,False
178,2017,14,Round 14,home_and_away,2017-06-22 19:50:00,Adelaide Oval,Adelaide,Hawthorn,12,10,14,12,82,96,22,26,0.5454545454545454,0.5384615384615384,-14,-4,False
193,2017,14,Round 14,home_and_away,2017-06-23 19:50:00,S.C.G.,Sydney,Essendon,11,20,12,13,86,85,31,25,0.3548387096774194,0.48,1,6,False
194,2017,14,Round 14,home_and_away,2017-06-24 13:45:00,M.C.G.,Collingwood,Port Adelaide,9,8,13,15,62,93,17,28,0.5294117647058824,0.4642857142857143,-31,-11,False
195,2017,14,Round 14,home_and_away,2017-06-24 16:35:00,Gabba,Brisbane Lions,Greater Western Sydney,12,14,22,14,86,146,26,36,0.46153846153846156,0.6111111111111112,-60,-10,False
196,2017,14,Round 14,home_and_away,2017-06-24 19:25:00,Docklands,Western Bulldogs,North Melbourne,15,17,16,10,107,106,32,26,0.46875,0.6153846153846154,1,6,False
197,2017,14,Round 14,home_and_away,2017-06-24 19:40:00,Subiaco,West Coast,Melbourne,14,12,15,9,96,99,26,24,0.5384615384615384,0.625,-3,2,False
198,2017,14,Round 14,home_and_away,2017-06-25 13:10:00,GMHBA Stadium,Geelong,Fremantle,10,14,11,6,74,72,24,17,0.4166666666666667,0.6470588235294118,2,7,False
207,2017,14,Round 14,home_and_away,2017-06-25 15:20:00,M.C.G.,Richmond,Carlton,11,18,8,10,84,58,29,18,0.3793103448275862,0.4444444444444444,26,11,False
208,2017,14,Round 14,home_and_away,2017-06-25 16:40:00,Docklands,St Kilda,Gold Coast,14,19,10,12,103,72,33,22,0.42424242424242425,0.45454545454545453,31,11,False
209,2017,15,Round 15,home_and_away,2017-06-30 19:50:00,M.C.G.,Melbourne,Sydney,7,8,11,19,50,85,15,30,0.4666666666666667,0.36666666666666664,-35,-15,False
210,2017,15,Round 15,home_and_away,2017-07-01 13:45:00,Docklands,Western Bulldogs,West Coast,11,14,12,15,80,87,25,27,0.44,0.4444444444444444,-7,-2,False
211,2017,15,Round 15,home_and_away,2017-07-01 14:10:00,M.C.G.,Carlton,Adelaide,12,5,13,11,77,89,17,24,0.7058823529411765,0.5416666666666666,-12,-7,False
212,2017,15,Round 15,home_and_away,2017-07-01 16:35:00,Carrara,Gold Coast,North Melbourne,18,10,14,15,118,99,28,29,0.6428571428571429,0.4827586206896552,19,-1,False
213,2017,15,Round 15,home_and_away,2017-07-01 19:25:00,Sydney Showground,Greater Western Sydney,Geelong,10,8,10,8,68,68,18,18,0.5555555555555556,0.5555555555555556,0,0,True
214,2017,15,Round 15,home_and_away,2017-07-01 19:40:00,Adelaide Oval,Port Adelaide,Richmond,8,15,11,10,63,76,23,21,0.34782608695652173,0.5238095238095238,-13,2,False
215,2017,15,Round 15,home_and_away,2017-07-02 13:10:00,Docklands,Essendon,Brisbane Lions,11,16,13,12,82,90,27,25,0.4074074074074074,0.52,-8,2,False
216,2017,15,Round 15,home_and_away,2017-07-02 15:20:00,M.C.G.,Hawthorn,Collingwood,18,10,14,10,118,94,28,24,0.6428571428571429,0.5833333333333334,24,4,False
217,2017,15,Round 15,home_and_away,2017-07-02 16:40:00,Subiaco,Fremantle,St Kilda,12,8,12,17,80,89,20,29,0.6,0.41379310344827586,-9,-9,False
218,2017,16,Round 16,home_and_away,2017-07-07 19:50:00,Adelaide Oval,Adelaide,Western Bulldogs,16,8,5,15,104,45,24,20,0.6666666666666666,0.25,59,4,False
229,2017,16,Round 16,home_and_away,2017-07-08 13:45:00,University of Tasmania Stadium,Hawthorn,Greater Western Sydney,14,13,15,7,97,97,27,22,0.5185185185185185,0.6818181818181818,0,5,True
230,2017,16,Round 16,home_and_away,2017-07-08 14:10:00,M.C.G.,Collingwood,Essendon,12,8,18,9,80,117,20,27,0.6,0.6666666666666666,-37,-7,False
231,2017,16,Round 16,home_and_away,2017-07-08 16:35:00,S.C.G.,Sydney,Gold Coast,17,16,7,9,118,51,33,16,0.5151515151515151,0.4375,67,17,False
232,2017,16,Round 16,home_and_away,2017-07-08 19:25:00,Gabba,Brisbane Lions,Geelong,11,12,25,13,78,163,23,38,0.4782608695652174,0.6578947368421053,-85,-15,False
233,2017,16,Round 16,home_and_away,2017-07-08 19:25:00,Docklands,St Kilda,Richmond,21,12,10,11,138,71,33,21,0.6363636363636364,0.47619047619047616,67,12,False
234,2017,16,Round 16,home_and_away,2017-07-09 13:10:00,Docklands,North Melbourne,Fremantle,12,10,13,8,82,86,22,21,0.5454545454545454,0.6190476190476191,-4,1,False
235,2017,16,Round 16,home_and_away,2017-07-09 15:20:00,M.C.G.,Carlton,Melbourne,12,10,14,6,82,90,22,20,0.5454545454545454,0.7,-8,2,False
236,2017,16,Round 16,home_and_away,2017-07-09 16:40:00,Subiaco,West Coast,Port Adelaide,13,10,18,12,88,120,23,30,0.5652173913043478,0.6,-32,-7,False
237,2017,17,Round 17,home_and_away,2017-07-14 19:50:00,Docklands,St Kilda,Essendon,7,15,17,16,57,118,22,33,0.3181818181818182,0.5151515151515151,-61,-11,False
238,2017,17,Round 17,home_and_away,2017-07-15 13:45:00,M.C.G.,Geelong,Hawthorn,13,10,12,13,88,85,23,25,0.5652173913043478,0.48,3,-2,False
249,2017,17,Round 17,home_and_away,2017-07-15 14:10:00,Adelaide Oval,Port Adelaide,North Melbourne,19,13,8,9,127,57,32,17,0.59375,0.47058823529411764,70,15,False
250,2017,17,Round 17,home_and_away,2017-07-15 16:35:00,Carrara,Gold Coast,Collingwood,13,10,15,13,88,103,23,28,0.5652173913043478,0.5357142857142857,-15,-5,False
251,2017,17,Round 17,home_and_away,2017-07-15 19:25:00,Sydney Showground,Greater Western Sydney,Sydney,12,11,14,12,83,96,23,26,0.5217391304347826,0.5384615384615384,-13,-3,False
252,2017,17,Round 17,home_and_away,2017-07-15 19:40:00,Marrara Oval,Melbourne,Adelaide,10,10,17,14,70,116,20,31,0.5,0.5483870967741935,-46,-11,False
253,2017,17,Round 17,home_and_away,2017-07-16 13:10:00,Docklands,Richmond,Brisbane Lions,16,16,12,9,112,81,32,21,0.5,0.5714285714285714,31,11,False
254,2017,17,Round 17,home_and_away,2017-07-16 15:20:00,M.C.G.,Carlton,Western Bulldogs,9,8,12,10,62,82,17,22,0.5294117647058824,0.5454545454545454,-20,-5,False
255,2017,17,Round 17,home_and_away,2017-07-16 16:40:00,Subiaco,Fremantle,West Coast,5,14,11,8,44,74,19,19,0.2631578947368421,0.5789473684210527,-30,0,False
256,2017,18,Round 18,home_and_away,2017-07-21 19:50:00,Adelaide Oval,Adelaide,Geelong,13,13,10,10,91,70,26,20,0.5,0.5,21,6,False
257,2017,18,Round 18,home_and_away,2017-07-22 13:45:00,Docklands,Essendon,North Melbourne,20,12,16,9,132,105,32,25,0.625,0.64,27,7,False
258,2017,18,Round 18,home_and_away,2017-07-22 14:10:00,M.C.G.,Melbourne,Port Adelaide,13,10,9,11,88,65,23,20,0.5652173913043478,0.45,23,3,False
262,2017,18,Round 18,home_and_away,2017-07-22 16:35:00,Cazaly's Stadium,Western Bulldogs,Gold Coast,16,14,8,8,110,56,30,16,0.5333333333333333,0.5,54,14,False
263,2017,18,Round 18,home_and_away,2017-07-22 19:25:00,S.C.G.,Sydney,St Kilda,14,17,9,5,101,59,31,14,0.45161290322580644,0.6428571428571429,42,17,False
264,2017,18,Round 18,home_and_away,2017-07-22 19:40:00,Subiaco,Fremantle,Hawthorn,7,6,15,10,48,100,13,25,0.5384615384615384,0.6,-52,-12,False
265,2017,18,Round 18,home_and_away,2017-07-23 13:10:00,M.C.G.,Richmond,Greater Western Sydney,9,10,6,9,64,45,19,15,0.47368421052631576,0.4,19,4,False
266,2017,18,Round 18,home_and_away,2017-07-23 15:20:00,Docklands,Collingwood,West Coast,13,15,13,7,93,85,28,20,0.4642857142857143,0.65,8,8,False
267,2017,18,Round 18,home_and_away,2017-07-23 16:40:00,Gabba,Brisbane Lions,Carlton,17,10,11,16,112,82,27,27,0.6296296296296297,0.4074074074074074,30,0,False
268,2017,19,Round 19,home_and_away,2017-07-28 19:50:00,M.C.G.,Hawthorn,Sydney,10,12,9,12,72,66,22,21,0.45454545454545453,0.42857142857142855,6,1,False
269,2017,19,Round 19,home_and_away,2017-07-29 13:45:00,Bellerive Oval,North Melbourne,Melbourne,11,10,10,12,76,72,21,22,0.5238095238095238,0.45454545454545453,4,-1,False
270,2017,19,Round 19,home_and_away,2017-07-29 14:10:00,Sydney Showground,Greater Western Sydney,Fremantle,13,20,13,8,98,86,33,21,0.3939393939393939,0.6190476190476191,12,12,False
271,2017,19,Round 19,home_and_away,2017-07-29 16:35:00,Adelaide Oval,Port Adelaide,St Kilda,9,9,8,13,63,61,18,21,0.5,0.38095238095238093,2,-3,False
273,2017,19,Round 19,home_and_away,2017-07-29 19:25:00,Docklands,Carlton,Geelong,8,10,18,15,58,123,18,33,0.4444444444444444,0.5454545454545454,-65,-15,False
272,2017,19,Round 19,home_and_away,2017-07-29 19:25:00,Carrara,Gold Coast,Richmond,10,5,14,14,65,98,15,28,0.6666666666666666,0.5,-33,-13,False
274,2017,19,Round 19,home_and_away,2017-07-30 13:10:00,Docklands,Western Bulldogs,Essendon,19,13,13,19,127,97,32,32,0.59375,0.40625,30,0,False
275,2017,19,Round 19,home_and_away,2017-07-30 15:20:00,M.C.G.,Collingwood,Adelaide,15,13,16,7,103,103,28,23,0.5357142857142857,0.6956521739130435,0,5,True
276,2017,19,Round 19,home_and_away,2017-07-30 16:40:00,Subiaco,West Coast,Brisbane Lions,17,11,6,9,113,45,28,15,0.6071428571428571,0.4,68,13,False
277,2017,20,Round 20,home_and_away,2017-08-04 19:50:00,GMHBA Stadium,Geelong,Sydney,8,13,16,11,61,107,21,27,0.38095238095238093,0.5925925925925926,-46,-6,False
278,2017,20,Round 20,home_and_away,2017-08-05 13:45:00,UNSW Canberra Oval,Greater Western Sydney,Melbourne,14,13,10,2,97,62,27,12,0.5185185185185185,0.8333333333333334,35,15,False
290,2017,20,Round 20,home_and_away,2017-08-05 14:10:00,M.C.G.,Essendon,Carlton,11,18,11,10,84,76,29,21,0.3793103448275862,0.5238095238095238,8,8,False
291,2017,20,Round 20,home_and_away,2017-08-05 16:35:00,Gabba,Brisbane Lions,Western Bulldogs,13,11,14,19,89,103,24,33,0.5416666666666666,0.42424242424242425,-14,-9,False
292,2017,20,Round 20,home_and_away,2017-08-05 19:25:00,Docklands,North Melbourne,Collingwood,7,15,16,15,57,111,22,31,0.3181818181818182,0.5161290322580645,-54,-9,False
293,2017,20,Round 20,home_and_away,2017-08-05 19:40:00,Subiaco,Fremantle,Gold Coast,12,18,10,7,90,67,30,17,0.4,0.5882352941176471,23,13,False
294,2017,20,Round 20,home_and_away,2017-08-06 13:10:00,Docklands,St Kilda,West Coast,15,13,14,11,103,95,28,25,0.5357142857142857,0.56,8,3,False
295,2017,20,Round 20,home_and_away,2017-08-06 15:20:00,M.C.G.,Richmond,Hawthorn,13,15,9,10,93,64,28,19,0.4642857142857143,0.47368421052631576,29,9,False
296,2017,20,Round 20,home_and_away,2017-08-06 16:40:00,Adelaide Oval,Adelaide,Port Adelaide,18,22,7,4,130,46,40,11,0.45,0.6363636363636364,84,29,False
297,2017,21,Round 21,home_and_away,2017-08-11 19:50:00,Docklands,Western Bulldogs,Greater Western Sydney,7,15,16,9,57,105,22,25,0.3181818181818182,0.64,-48,-3,False
298,2017,21,Round 21,home_and_away,2017-08-12 13:45:00,S.C.G.,Sydney,Fremantle,22,11,5,9,143,39,33,14,0.6666666666666666,0.35714285714285715,104,19,False
301,2017,21,Round 21,home_and_away,2017-08-12 14:10:00,GMHBA Stadium,Geelong,Richmond,11,14,9,12,80,66,25,21,0.44,0.42857142857142855,14,4,False
302,2017,21,Round 21,home_and_away,2017-08-12 16:35:00,Gabba,Brisbane Lions,Gold Coast,22,10,12,12,142,84,32,24,0.6875,0.5,58,8,False
303,2017,21,Round 21,home_and_away,2017-08-12 19:25:00,Docklands,Essendon,Adelaide,12,8,18,15,80,123,20,33,0.6,0.5454545454545454,-43,-13,False
304,2017,21,Round 21,home_and_away,2017-08-12 19:40:00,Subiaco,West Coast,Carlton,15,10,12,11,100,83,25,23,0.6,0.5217391304347826,17,2,False
305,2017,21,Round 21,home_and_away,2017-08-13 13:10:00,M.C.G.,Melbourne,St Kilda,14,12,10,12,96,72,26,22,0.5384615384615384,0.45454545454545453,24,4,False
306,2017,21,Round 21,home_and_away,2017-08-13 15:20:00,University of Tasmania Stadium,Hawthorn,North Melbourne,18,8,14,5,116,89,26,19,0.6923076923076923,0.7368421052631579,27,7,False
307,2017,21,Round 21,home_and_away,2017-08-13 16:40:00,Adelaide Oval,Port Adelaide,Collingwood,14,14,10,11,98,71,28,21,0.5,0.47619047619047616,27,7,False
308,2017,22,Round 22,home_and_away,2017-08-18 19:50:00,Adelaide Oval,Adelaide,Sydney,11,14,13,5,80,83,25,18,0.44,0.7222222222222222,-3,7,False
309,2017,22,Round 22,home_and_away,2017-08-19 13:45:00,Mars Stadium,Western Bulldogs,Port Adelaide,11,13,14,12,79,96,24,26,0.4583333333333333,0.5384615384615384,-17,-2,False
310,2017,22,Round 22,home_and_away,2017-08-19 14:10:00,M.C.G.,Collingwood,Geelong,9,5,10,10,59,70,14,20,0.6428571428571429,0.5,-11,-6,False
311,2017,22,Round 22,home_and_away,2017-08-19 16:35:00,Sydney Showground,Greater Western Sydney,West Coast,12,9,9,6,81,60,21,15,0.5714285714285714,0.6,21,6,False
313,2017,22,Round 22,home_and_away,2017-08-19 19:25:00,Docklands,Carlton,Hawthorn,12,5,10,10,77,70,17,20,0.7058823529411765,0.5,7,-3,False
312,2017,22,Round 22,home_and_away,2017-08-19 19:25:00,Carrara,Gold Coast,Essendon,9,3,12,18,57,90,12,30,0.75,0.4,-33,-18,False
314,2017,22,Round 22,home_and_away,2017-08-20 13:10:00,M.C.G.,Melbourne,Brisbane Lions,16,8,14,7,104,91,24,21,0.6666666666666666,0.6666666666666666,13,3,False
315,2017,22,Round 22,home_and_away,2017-08-20 15:20:00,Docklands,St Kilda,North Melbourne,18,19,12,6,127,78,37,18,0.4864864864864865,0.6666666666666666,49,19,False
316,2017,22,Round 22,home_and_away,2017-08-20 16:40:00,Subiaco,Fremantle,Richmond,7,9,25,5,51,155,16,30,0.4375,0.8333333333333334,-104,-14,False
333,2017,23,Round 23,home_and_away,2017-08-25 19:50:00,Docklands,Hawthorn,Western Bulldogs,15,9,13,12,99,90,24,25,0.625,0.52,9,-1,False
332,2017,23,Round 23,home_and_away,2017-08-26 13:45:00,M.C.G.,Collingwood,Melbourne,14,15,12,11,99,83,29,23,0.4827586206896552,0.5217391304347826,16,6,False
330,2017,23,Round 23,home_and_away,2017-08-26 14:10:00,Gabba,Brisbane Lions,North Melbourne,11,13,19,16,79,130,24,35,0.4583333333333333,0.5428571428571428,-51,-11,False
318,2017,23,Round 23,home_and_away,2017-08-26 16:35:00,S.C.G.,Sydney,Carlton,21,12,8,9,138,57,33,17,0.6363636363636364,0.47058823529411764,81,16,False
334,2017,23,Round 23,home_and_away,2017-08-26 19:25:00,GMHBA Stadium,Geelong,Greater Western Sydney,15,13,8,11,103,59,28,19,0.5357142857142857,0.42105263157894735,44,9,False
331,2017,23,Round 23,home_and_away,2017-08-26 19:40:00,Adelaide Oval,Port Adelaide,Gold Coast,20,15,3,2,135,20,35,5,0.5714285714285714,0.6,115,30,False
336,2017,23,Round 23,home_and_away,2017-08-27 13:10:00,Docklands,Essendon,Fremantle,16,11,14,8,107,92,27,22,0.5925925925925926,0.6363636363636364,15,5,False
335,2017,23,Round 23,home_and_away,2017-08-27 15:20:00,M.C.G.,Richmond,St Kilda,19,8,12,9,122,81,27,21,0.7037037037037037,0.5714285714285714,41,6,False
317,2017,23,Round 23,home_and_away,2017-08-27 16:40:00,Subiaco,West Coast,Adelaide,15,10,10,11,100,71,25,21,0.6,0.47619047619047616,29,4,False
337,2017,24,Finals Week 1,qualifying_final,2017-09-07 19:50:00,Adelaide Oval,Adelaide,Greater Western Sydney,12,12,6,12,84,48,24,18,0.5,0.3333333333333333,36,6,False
338,2017,24,Finals Week 1,qualifying_final,2017-09-08 19:50:00,M.C.G.,Geelong,Richmond,5,10,13,13,40,91,15,26,0.3333333333333333,0.5,-51,-11,False
341,2017,24,Finals Week 1,elimination_final,2017-09-09 16:20:00,S.C.G.,Sydney,Essendon,19,7,8,8,121,56,26,16,0.7307692307692307,0.5,65,10,False
342,2017,24,Finals Week 1,elimination_final,2017-09-09 19:50:00,Adelaide Oval,Port Adelaide,West Coast,10,16,12,6,76,78,26,18,0.38461538461538464,0.6666666666666666,-2,8,False
349,2017,25,Semi-Finals,semi_final,2017-09-15 19:50:00,M.C.G.,Geelong,Sydney,15,8,5,9,98,39,23,14,0.6521739130434783,0.35714285714285715,59,9,False
350,2017,25,Semi-Finals,semi_final,2017-09-16 19:25:00,Sydney Showground,Greater Western Sydney,West Coast,19,11,9,4,125,58,30,13,0.6333333333333333,0.6923076923076923,67,17,False
359,2017,26,Preliminary Finals,preliminary_final,2017-09-22 19:50:00,Adelaide Oval,Adelaide,Geelong,21,10,10,15,136,75,31,25,0.6774193548387096,0.4,61,6,False
360,2017,26,Preliminary Finals,preliminary_final,2017-09-23 16:45:00,M.C.G.,Richmond,Greater Western Sydney,15,13,9,13,103,67,28,22,0.5357142857142857,0.4090909090909091,36,6,False
371,2017,27,Grand Final,grand_final,2017-09-30 14:30:00,M.C.G.,Adelaide,Richmond,8,12,16,12,60,108,20,28,0.4,0.5714285714285714,-48,-8,False
372,2018,1,Round 1,home_and_away,2018-03-22 19:25:00,M.C.G.,Richmond,Carlton,17,19,15,5,121,95,36,20,0.4722222222222222,0.75,26,16,False
373,2018,1,Round 1,home_and_away,2018-03-23 19:50:00,Docklands,Essendon,Adelaide,14,15,12,15,99,87,29,27,0.4827586206896552,0.4444444444444444,12,2,False
374,2018,1,Round 1,home_and_away,2018-03-24 15:35:00,Docklands,St Kilda,Brisbane Lions,16,11,12,10,107,82,27,22,0.5925925925925926,0.5454545454545454,25,5,False
375,2018,1,Round 1,home_and_away,2018-03-24 16:35:00,Adelaide Oval,Port Adelaide,Fremantle,16,14,9,6,110,60,30,15,0.5333333333333333,0.6,50,15,False
376,2018,1,Round 1,home_and_away,2018-03-24 19:25:00,Cazaly's Stadium,Gold Coast,North Melbourne,7,13,5,9,55,39,20,14,0.35,0.35714285714285715,16,6,False
377,2018,1,Round 1,home_and_away,2018-03-24 19:25:00,M.C.G.,Hawthorn,Collingwood,15,11,9,13,101,67,26,22,0.5769230769230769,0.4090909090909091,34,4,False
378,2018,1,Round 1,home_and_away,2018-03-25 13:10:00,UNSW Canberra Oval,Greater Western Sydney,Western Bulldogs,20,13,7,9,133,51,33,16,0.6060606060606061,0.4375,82,17,False
379,2018,1,Round 1,home_and_away,2018-03-25 15:20:00,M.C.G.,Melbourne,Geelong,13,16,14,13,94,97,29,27,0.4482758620689655,0.5185185185185185,-3,2,False
380,2018,1,Round 1,home_and_away,2018-03-25 19:20:00,Optus Stadium,West Coast,Sydney,13,8,18,7,86,115,21,25,0.6190476190476191,0.72,-29,-4,False
381,2018,2,Round 2,home_and_away,2018-03-29 19:50:00,Adelaide Oval,Adelaide,Richmond,18,10,12,10,118,82,28,22,0.6428571428571429,0.5454545454545454,36,6,False
382,2018,2,Round 2,home_and_away,2018-03-30 16:20:00,Docklands,North Melbourne,St Kilda,13,17,5,13,95,43,30,18,0.43333333333333335,0.2777777777777778,52,12,False
383,2018,2,Round 2,home_and_away,2018-03-31 13:45:00,Docklands,Carlton,Gold Coast,9,13,15,11,67,101,22,26,0.4090909090909091,0.5769230769230769,-34,-4,False
384,2018,2,Round 2,home_and_away,2018-03-31 16:35:00,M.C.G.,Collingwood,Greater Western Sydney,12,7,15,5,79,95,19,20,0.631578947368421,0.75,-16,-1,False
385,2018,2,Round 2,home_and_away,2018-03-31 19:25:00,Gabba,Brisbane Lions,Melbourne,10,14,14,16,74,100,24,30,0.4166666666666667,0.4666666666666667,-26,-6,False
386,2018,2,Round 2,home_and_away,2018-03-31 20:10:00,Optus Stadium,Fremantle,Essendon,16,10,14,6,106,90,26,20,0.6153846153846154,0.7,16,6,False
387,2018,2,Round 2,home_and_away,2018-04-01 15:20:00,Docklands,Western Bulldogs,West Coast,9,16,18,13,70,121,25,31,0.36,0.5806451612903226,-51,-6,False
388,2018,2,Round 2,home_and_away,2018-04-01 16:40:00,S.C.G.,Sydney,Port Adelaide,10,11,14,10,71,94,21,24,0.47619047619047616,0.5833333333333334,-23,-3,False
389,2018,2,Round 2,home_and_away,2018-04-02 15:20:00,M.C.G.,Geelong,Hawthorn,18,9,17,16,117,118,27,33,0.6666666666666666,0.5151515151515151,-1,-6,False
390,2018,3,Round 3,home_and_away,2018-04-06 19:50:00,M.C.G.,Carlton,Collingwood,11,10,16,4,76,100,21,20,0.5238095238095238,0.8,-24,1,False
391,2018,3,Round 3,home_and_away,2018-04-07 13:45:00,Adelaide Oval,Port Adelaide,Brisbane Lions,14,13,14,8,97,92,27,22,0.5185185185185185,0.6363636363636364,5,5,False
402,2018,3,Round 3,home_and_away,2018-04-07 14:10:00,M.C.G.,Melbourne,North Melbourne,18,15,13,8,123,86,33,21,0.5454545454545454,0.6190476190476191,37,12,False
403,2018,3,Round 3,home_and_away,2018-04-07 16:35:00,Optus Stadium,Gold Coast,Fremantle,10,8,13,18,68,96,18,31,0.5555555555555556,0.41935483870967744,-28,-13,False
405,2018,3,Round 3,home_and_away,2018-04-07 19:25:00,Docklands,St Kilda,Adelaide,7,13,15,14,55,104,20,29,0.35,0.5172413793103449,-49,-9,False
404,2018,3,Round 3,home_and_away,2018-04-07 19:25:00,S.C.G.,Sydney,Greater Western Sydney,16,7,12,15,103,87,23,27,0.6956521739130435,0.4444444444444444,16,-4,False
406,2018,3,Round 3,home_and_away,2018-04-08 13:10:00,M.C.G.,Richmond,Hawthorn,15,12,13,11,102,89,27,24,0.5555555555555556,0.5416666666666666,13,3,False
407,2018,3,Round 3,home_and_away,2018-04-08 15:20:00,Docklands,Western Bulldogs,Essendon,14,20,12,11,104,83,34,23,0.4117647058823529,0.5217391304347826,21,11,False
408,2018,3,Round 3,home_and_away,2018-04-08 16:40:00,Optus Stadium,West Coast,Geelong,14,11,11,14,95,80,25,25,0.56,0.44,15,0,False
409,2018,4,Round 4,home_and_away,2018-04-13 19:50:00,Adelaide Oval,Adelaide,Collingwood,9,4,16,10,58,106,13,26,0.6923076923076923,0.6153846153846154,-48,-13,False
410,2018,4,Round 4,home_and_away,2018-04-14 13:45:00,UNSW Canberra Oval,Greater Western Sydney,Fremantle,11,16,7,9,82,51,27,16,0.4074074074074074,0.4375,31,11,False
411,2018,4,Round 4,home_and_away,2018-04-14 14:10:00,M.C.G.,Richmond,Brisbane Lions,16,14,2,5,110,17,30,7,0.5333333333333333,0.2857142857142857,93,23,False
415,2018,4,Round 4,home_and_away,2018-04-14 16:35:00,Docklands,Western Bulldogs,Sydney,11,13,13,8,79,86,24,21,0.4583333333333333,0.6190476190476191,-7,3,False
416,2018,4,Round 4,home_and_away,2018-04-14 19:25:00,Bellerive Oval,North Melbourne,Carlton,18,8,4,6,116,30,26,10,0.6923076923076923,0.4,86,16,False
417,2018,4,Round 4,home_and_away,2018-04-14 20:10:00,Optus Stadium,West Coast,Gold Coast,21,13,9,5,139,59,34,14,0.6176470588235294,0.6428571428571429,80,20,False
418,2018,4,Round 4,home_and_away,2018-04-15 13:10:00,Docklands,Essendon,Port Adelaide,16,10,12,12,106,84,26,24,0.6153846153846154,0.5,22,2,False
419,2018,4,Round 4,home_and_away,2018-04-15 15:20:00,M.C.G.,Hawthorn,Melbourne,18,7,6,12,115,48,25,18,0.72,0.3333333333333333,67,7,False
420,2018,4,Round 4,home_and_away,2018-04-15 16:40:00,GMHBA Stadium,Geelong,St Kilda,15,13,7,14,103,56,28,21,0.5357142857142857,0.3333333333333333,47,7,False
421,2018,5,Round 5,home_and_away,2018-04-20 19:50:00,S.C.G.,Sydney,Adelaide,10,15,12,13,75,85,25,25,0.4,0.48,-10,0,False
422,2018,5,Round 5,home_and_away,2018-04-21 13:45:00,Docklands,St Kilda,Greater Western Sydney,10,13,9,19,73,73,23,28,0.43478260869565216,0.32142857142857145,0,-5,True
423,2018,5,Round 5,home_and_away,2018-04-21 16:35:00,M.C.G.,Carlton,West Coast,10,9,10,19,69,79,19,29,0.5263157894736842,0.3448275862068966,-10,-10,False
424,2018,5,Round 5,home_and_away,2018-04-21 19:40:00,Adelaide Oval,Port Adelaide,Geelong,7,8,12,12,50,84,15,24,0.4666666666666667,0.5,-34,-9,False
425,2018,5,Round 5,home_and_away,2018-04-21 20:10:00,Optus Stadium,Fremantle,Western Bulldogs,16,12,8,6,108,54,28,14,0.5714285714285714,0.5714285714285714,54,14,False
426,2018,5,Round 5,home_and_away,2018-04-22 15:20:00,Docklands,North Melbourne,Hawthorn,14,14,11,4,98,70,28,15,0.5,0.7333333333333333,28,13,False
427,2018,5,Round 5,home_and_away,2018-04-22 16:40:00,Gabba,Brisbane Lions,Gold Coast,10,11,11,10,71,76,21,21,0.47619047619047616,0.5238095238095238,-5,0,False
428,2018,5,Round 5,home_and_away,2018-04-24 19:25:00,M.C.G.,Melbourne,Richmond,8,8,15,12,56,102,16,27,0.5,0.5555555555555556,-46,-11,False
429,2018,5,Round 5,home_and_away,2018-04-25 15:20:00,M.C.G.,Collingwood,Essendon,14,17,7,10,101,52,31,17,0.45161290322580644,0.4117647058823529,49,14,False
430,2018,6,Round 6,home_and_away,2018-04-27 19:50:00,Docklands,Western Bulldogs,Carlton,11,14,8,11,80,59,25,19,0.44,0.42105263157894735,21,6,False
431,2018,6,Round 6,home_and_away,2018-04-28 13:45:00,GMHBA Stadium,Geelong,Sydney,10,9,12,14,69,86,19,26,0.5263157894736842,0.46153846153846156,-17,-7,False
443,2018,6,Round 6,home_and_away,2018-04-28 14:10:00,Docklands,North Melbourne,Port Adelaide,10,9,15,12,69,102,19,27,0.5263157894736842,0.5555555555555556,-33,-8,False
444,2018,6,Round 6,home_and_away,2018-04-28 16:35:00,Sydney Showground,Greater Western Sydney,Brisbane Lions,10,17,5,13,77,43,27,18,0.37037037037037035,0.2777777777777778,34,9,False
445,2018,6,Round 6,home_and_away,2018-04-28 19:25:00,University of Tasmania Stadium,Hawthorn,St Kilda,13,11,7,12,89,54,24,19,0.5416666666666666,0.3684210526315789,35,5,False
446,2018,6,Round 6,home_and_away,2018-04-28 19:40:00,Adelaide Oval,Adelaide,Gold Coast,16,14,9,8,110,62,30,17,0.5333333333333333,0.5294117647058824,48,13,False
447,2018,6,Round 6,home_and_away,2018-04-29 13:10:00,Docklands,Essendon,Melbourne,10,12,16,12,72,108,22,28,0.45454545454545453,0.5714285714285714,-36,-6,False
448,2018,6,Round 6,home_and_away,2018-04-29 15:20:00,M.C.G.,Collingwood,Richmond,10,10,16,17,70,113,20,33,0.5,0.48484848484848486,-43,-13,False
449,2018,6,Round 6,home_and_away,2018-04-29 16:40:00,Optus Stadium,Fremantle,West Coast,12,9,13,11,81,89,21,24,0.5714285714285714,0.5416666666666666,-8,-3,False
450,2018,7,Round 7,home_and_away,2018-05-04 19:50:00,GMHBA Stadium,Geelong,Greater Western Sydney,14,9,4,8,93,32,23,12,0.6086956521739131,0.3333333333333333,61,11,False
451,2018,7,Round 7,home_and_away,2018-05-05 13:45:00,Mars Stadium,Western Bulldogs,Gold Coast,11,15,10,12,81,72,26,22,0.4230769230769231,0.45454545454545453,9,4,False
456,2018,7,Round 7,home_and_away,2018-05-05 14:10:00,M.C.G.,Essendon,Hawthorn,10,7,13,12,67,90,17,25,0.5882352941176471,0.52,-23,-8,False
457,2018,7,Round 7,home_and_away,2018-05-05 16:35:00,Optus Stadium,West Coast,Port Adelaide,16,6,9,6,102,60,22,15,0.7272727272727273,0.6,42,7,False
458,2018,7,Round 7,home_and_away,2018-05-05 19:25:00,S.C.G.,Sydney,North Melbourne,9,12,9,14,66,68,21,23,0.42857142857142855,0.391304347826087,-2,-2,False
459,2018,7,Round 7,home_and_away,2018-05-05 19:40:00,Adelaide Oval,Adelaide,Carlton,19,11,10,10,125,70,30,20,0.6333333333333333,0.5,55,10,False
460,2018,7,Round 7,home_and_away,2018-05-06 13:10:00,M.C.G.,Richmond,Fremantle,15,20,4,9,110,33,35,13,0.42857142857142855,0.3076923076923077,77,22,False
461,2018,7,Round 7,home_and_away,2018-05-06 15:20:00,Docklands,St Kilda,Melbourne,9,13,16,10,67,106,22,26,0.4090909090909091,0.6153846153846154,-39,-4,False
462,2018,7,Round 7,home_and_away,2018-05-06 16:40:00,Gabba,Brisbane Lions,Collingwood,18,6,19,7,114,121,24,26,0.75,0.7307692307692307,-7,-2,False
463,2018,8,Round 8,home_and_away,2018-05-11 19:50:00,M.C.G.,Hawthorn,Sydney,10,11,12,7,71,79,21,19,0.47619047619047616,0.631578947368421,-8,2,False
464,2018,8,Round 8,home_and_away,2018-05-12 13:45:00,Sydney Showground,Greater Western Sydney,West Coast,8,13,12,14,61,86,21,26,0.38095238095238093,0.46153846153846156,-25,-5,False
465,2018,8,Round 8,home_and_away,2018-05-12 14:10:00,M.C.G.,Carlton,Essendon,14,7,10,18,91,78,21,28,0.6666666666666666,0.35714285714285715,13,-7,False
466,2018,8,Round 8,home_and_away,2018-05-12 16:35:00,Gabba,Gold Coast,Melbourne,11,11,21,20,77,146,22,41,0.5,0.5121951219512195,-69,-19,False
467,2018,8,Round 8,home_and_away,2018-05-12 17:10:00,Adelaide Oval,Port Adelaide,Adelaide,14,11,14,6,95,90,25,20,0.56,0.7,5,5,False
468,2018,8,Round 8,home_and_away,2018-05-12 19:25:00,Docklands,Western Bulldogs,Brisbane Lions,16,11,14,9,107,93,27,23,0.5925925925925926,0.6086956521739131,14,4,False
469,2018,8,Round 8,home_and_away,2018-05-12 20:10:00,Optus Stadium,Fremantle,St Kilda,13,11,8,11,89,59,24,19,0.5416666666666666,0.42105263157894735,30,5,False
470,2018,8,Round 8,home_and_away,2018-05-13 13:10:00,Docklands,North Melbourne,Richmond,11,6,12,10,72,82,17,22,0.6470588235294118,0.5454545454545454,-10,-5,False
471,2018,8,Round 8,home_and_away,2018-05-13 15:20:00,M.C.G.,Collingwood,Geelong,5,15,9,12,45,66,20,21,0.25,0.42857142857142855,-21,-1,False
481,2018,9,Round 9,home_and_away,2018-05-18 19:50:00,Adelaide Oval,Adelaide,Western Bulldogs,9,9,2,14,63,26,18,16,0.5,0.125,37,2,False
482,2018,9,Round 9,home_and_away,2018-05-19 13:45:00,Bellerive Oval,North Melbourne,Greater Western Sydney,17,10,9,15,112,69,27,24,0.6296296296296297,0.375,43,3,False
483,2018,9,Round 9,home_and_away,2018-05-19 15:15:00,Adelaide Arena at Jiangwan Stadium,Gold Coast,Port Adelaide,6,6,11,16,42,82,12,27,0.5,0.4074074074074074,-40,-15,False
484,2018,9,Round 9,home_and_away,2018-05-19 16:35:00,M.C.G.,Essendon,Geelong,12,12,7,8,84,50,24,15,0.5,0.4666666666666667,34,9,False
486,2018,9,Round 9,home_and_away,2018-05-19 19:25:00,Docklands,St Kilda,Collingwood,10,12,15,10,72,100,22,25,0.45454545454545453,0.6,-28,-3,False
485,2018,9,Round 9,home_and_away,2018-05-19 19:25:00,S.C.G.,Sydney,Fremantle,17,9,7,10,111,52,26,17,0.6538461538461539,0.4117647058823529,59,9,False
487,2018,9,Round 9,home_and_away,2018-05-20 13:10:00,M.C.G.,Carlton,Melbourne,7,8,25,9,50,159,15,34,0.4666666666666667,0.7352941176470589,-109,-19,False
488,2018,9,Round 9,home_and_away,2018-05-20 15:20:00,Gabba,Brisbane Lions,Hawthorn,20,9,11,7,129,73,29,18,0.6896551724137931,0.6111111111111112,56,11,False
489,2018,9,Round 9,home_and_away,2018-05-20 16:40:00,Optus Stadium,West Coast,Richmond,20,10,12,11,130,83,30,23,0.6666666666666666,0.5217391304347826,47,7,False
490,2018,10,Round 10,home_and_away,2018-05-25 19:50:00,Docklands,Collingwood,Western Bulldogs,13,12,8,7,90,55,25,15,0.52,0.5333333333333333,35,10,False
491,2018,10,Round 10,home_and_away,2018-05-26 13:45:00,M.C.G.,Richmond,St Kilda,15,15,12,5,105,77,30,17,0.5,0.7058823529411765,28,13,False
502,2018,10,Round 10,home_and_away,2018-05-26 16:35:00,Gabba,Brisbane Lions,Sydney,6,13,10,7,49,67,19,17,0.3157894736842105,0.5882352941176471,-18,2,False
503,2018,10,Round 10,home_and_away,2018-05-26 19:25:00,GMHBA Stadium,Geelong,Carlton,11,7,5,15,73,45,18,20,0.6111111111111112,0.25,28,-2,False
504,2018,10,Round 10,home_and_away,2018-05-26 19:25:00,Sydney Showground,Greater Western Sydney,Essendon,8,12,14,11,60,95,20,25,0.4,0.56,-35,-5,False
505,2018,10,Round 10,home_and_away,2018-05-27 13:10:00,Docklands,Hawthorn,West Coast,9,6,11,9,60,75,15,20,0.6,0.55,-15,-5,False
506,2018,10,Round 10,home_and_away,2018-05-27 15:20:00,Traeger Park,Melbourne,Adelaide,23,8,8,7,146,55,31,15,0.7419354838709677,0.5333333333333333,91,16,False
507,2018,10,Round 10,home_and_away,2018-05-27 16:40:00,Optus Stadium,Fremantle,North Melbourne,8,10,12,14,58,86,18,26,0.4444444444444444,0.46153846153846156,-28,-8,False
508,2018,11,Round 11,home_and_away,2018-06-01 19:50:00,S.C.G.,Sydney,Carlton,13,13,9,7,91,61,26,16,0.5,0.5625,30,10,False
509,2018,11,Round 11,home_and_away,2018-06-02 13:45:00,Docklands,Western Bulldogs,Melbourne,7,9,15,10,51,100,16,25,0.4375,0.6,-49,-9,False
510,2018,11,Round 11,home_and_away,2018-06-02 14:10:00,University of Tasmania Stadium,Hawthorn,Port Adelaide,9,10,9,7,64,61,19,16,0.47368421052631576,0.5625,3,3,False
511,2018,11,Round 11,home_and_away,2018-06-02 16:35:00,Carrara,Gold Coast,Geelong,4,12,17,19,36,121,16,36,0.25,0.4722222222222222,-85,-20,False
516,2018,11,Round 11,home_and_away,2018-06-02 19:25:00,M.C.G.,Essendon,Richmond,6,7,17,12,43,114,13,29,0.46153846153846156,0.5862068965517241,-71,-16,False
517,2018,11,Round 11,home_and_away,2018-06-02 20:10:00,Optus Stadium,West Coast,St Kilda,16,5,14,4,101,88,21,18,0.7619047619047619,0.7777777777777778,13,3,False
518,2018,11,Round 11,home_and_away,2018-06-03 13:10:00,Docklands,North Melbourne,Brisbane Lions,21,15,12,15,141,87,36,27,0.5833333333333334,0.4444444444444444,54,9,False
519,2018,11,Round 11,home_and_away,2018-06-03 15:20:00,M.C.G.,Collingwood,Fremantle,21,12,12,5,138,77,33,17,0.6363636363636364,0.7058823529411765,61,16,False
520,2018,11,Round 11,home_and_away,2018-06-03 16:40:00,Adelaide Oval,Adelaide,Greater Western Sydney,11,15,14,13,81,97,26,27,0.4230769230769231,0.5185185185185185,-16,-1,False
521,2018,12,Round 12,home_and_away,2018-06-08 19:50:00,Adelaide Oval,Port Adelaide,Richmond,10,12,8,10,72,58,22,18,0.45454545454545453,0.4444444444444444,14,4,False
522,2018,12,Round 12,home_and_away,2018-06-09 13:45:00,GMHBA Stadium,Geelong,North Melbourne,14,12,8,11,96,59,26,19,0.5384615384615384,0.42105263157894735,37,7,False
523,2018,12,Round 12,home_and_away,2018-06-09 16:35:00,Sydney Showground,Greater Western Sydney,Gold Coast,20,14,4,2,134,26,34,6,0.5882352941176471,0.6666666666666666,108,28,False
524,2018,12,Round 12,home_and_away,2018-06-09 19:25:00,Docklands,St Kilda,Sydney,7,13,19,12,55,126,20,31,0.35,0.6129032258064516,-71,-11,False
525,2018,12,Round 12,home_and_away,2018-06-10 13:10:00,Gabba,Brisbane Lions,Essendon,8,14,12,12,62,84,22,24,0.36363636363636365,0.5,-22,-2,False
526,2018,12,Round 12,home_and_away,2018-06-10 16:40:00,Optus Stadium,Fremantle,Adelaide,10,11,9,14,71,68,21,23,0.47619047619047616,0.391304347826087,3,-2,False
527,2018,12,Round 12,home_and_away,2018-06-11 15:20:00,M.C.G.,Melbourne,Collingwood,14,7,20,13,91,133,21,33,0.6666666666666666,0.6060606060606061,-42,-12,False
528,2018,13,Round 13,home_and_away,2018-06-14 19:50:00,Adelaide Oval,Port Adelaide,Western Bulldogs,20,12,11,9,132,75,32,20,0.625,0.55,57,12,False
529,2018,13,Round 13,home_and_away,2018-06-15 19:50:00,S.C.G.,Sydney,West Coast,10,12,7,15,72,57,22,22,0.45454545454545453,0.3181818181818182,15,0,False
530,2018,13,Round 13,home_and_away,2018-06-16 13:45:00,Docklands,Carlton,Fremantle,6,10,15,13,46,103,16,28,0.375,0.5357142857142857,-57,-12,False
531,2018,13,Round 13,home_and_away,2018-06-16 16:35:00,Carrara,Gold Coast,St Kilda,11,12,11,14,78,80,23,25,0.4782608695652174,0.44,-2,-2,False
543,2018,13,Round 13,home_and_away,2018-06-16 19:25:00,M.C.G.,Hawthorn,Adelaide,12,16,4,8,88,32,28,12,0.42857142857142855,0.3333333333333333,56,16,False
544,2018,13,Round 13,home_and_away,2018-06-17 15:20:00,M.C.G.,Geelong,Richmond,9,11,12,11,65,83,20,23,0.45,0.5217391304347826,-18,-3,False
545,2018,14,Round 14,home_and_away,2018-06-21 20:10:00,Optus Stadium,West Coast,Essendon,6,16,12,8,52,80,22,20,0.2727272727272727,0.6,-28,2,False
546,2018,14,Round 14,home_and_away,2018-06-22 19:50:00,Adelaide Oval,Port Adelaide,Melbourne,11,9,9,11,75,65,20,20,0.55,0.45,10,0,False
547,2018,14,Round 14,home_and_away,2018-06-23 13:45:00,University of Tasmania Stadium,Hawthorn,Gold Coast,13,18,5,13,96,43,31,18,0.41935483870967744,0.2777777777777778,53,13,False
548,2018,14,Round 14,home_and_away,2018-06-23 16:35:00,Gabba,Brisbane Lions,Greater Western Sydney,12,10,16,13,82,109,22,29,0.5454545454545454,0.5517241379310345,-27,-7,False
549,2018,14,Round 14,home_and_away,2018-06-23 19:25:00,Docklands,Western Bulldogs,North Melbourne,11,9,12,5,75,77,20,17,0.55,0.7058823529411765,-2,3,False
550,2018,14,Round 14,home_and_away,2018-06-24 15:20:00,M.C.G.,Collingwood,Carlton,11,13,9,5,79,59,24,14,0.4583333333333333,0.6428571428571429,20,10,False
551,2018,15,Round 15,home_and_away,2018-06-28 19:20:00,Docklands,Richmond,Sydney,14,9,11,1,93,67,23,12,0.6086956521739131,0.9166666666666666,26,11,False
559,2018,15,Round 15,home_and_away,2018-06-29 19:50:00,Docklands,Western Bulldogs,Geelong,16,7,15,11,103,101,23,26,0.6956521739130435,0.5769230769230769,2,-3,False
560,2018,15,Round 15,home_and_away,2018-06-30 13:45:00,M.C.G.,Carlton,Port Adelaide,10,9,13,12,69,90,19,25,0.5263157894736842,0.52,-21,-6,False
561,2018,15,Round 15,home_and_away,2018-06-30 16:35:00,Adelaide Oval,Adelaide,West Coast,12,16,12,6,88,78,28,18,0.42857142857142855,0.6666666666666666,10,10,False
562,2018,15,Round 15,home_and_away,2018-06-30 19:25:00,Carrara,Gold Coast,Collingwood,8,12,14,15,60,99,20,29,0.4,0.4827586206896552,-39,-9,False
563,2018,15,Round 15,home_and_away,2018-06-30 19:25:00,Sydney Showground,Greater Western Sydney,Hawthorn,13,17,13,6,95,84,30,19,0.43333333333333335,0.6842105263157895,11,11,False
564,2018,15,Round 15,home_and_away,2018-07-01 13:10:00,M.C.G.,Melbourne,St Kilda,18,9,18,11,117,119,27,29,0.6666666666666666,0.6206896551724138,-2,-2,False
565,2018,15,Round 15,home_and_away,2018-07-01 15:20:00,Docklands,Essendon,North Melbourne,19,11,16,12,125,108,30,28,0.6333333333333333,0.5714285714285714,17,2,False
566,2018,15,Round 15,home_and_away,2018-07-01 16:40:00,Optus Stadium,Fremantle,Brisbane Lions,9,10,18,11,64,119,19,29,0.47368421052631576,0.6206896551724138,-55,-10,False
567,2018,16,Round 16,home_and_away,2018-07-05 19:20:00,S.C.G.,Sydney,Geelong,9,5,8,23,59,71,14,31,0.6428571428571429,0.25806451612903225,-12,-17,False
568,2018,16,Round 16,home_and_away,2018-07-06 19:50:00,M.C.G.,Richmond,Adelaide,15,13,8,8,103,56,28,16,0.5357142857142857,0.5,47,12,False
569,2018,16,Round 16,home_and_away,2018-07-07 13:45:00,Gabba,Brisbane Lions,Carlton,18,12,7,13,120,55,30,20,0.6,0.35,65,10,False
570,2018,16,Round 16,home_and_away,2018-07-07 16:35:00,Adelaide Oval,Port Adelaide,St Kilda,12,14,7,8,86,50,26,15,0.46153846153846156,0.4666666666666667,36,11,False
571,2018,16,Round 16,home_and_away,2018-07-07 19:25:00,Docklands,Western Bulldogs,Hawthorn,9,5,19,8,59,122,14,27,0.6428571428571429,0.7037037037037037,-63,-13,False
586,2018,16,Round 16,home_and_away,2018-07-07 19:40:00,Marrara Oval,Melbourne,Fremantle,13,24,7,6,102,48,37,13,0.35135135135135137,0.5384615384615384,54,24,False
587,2018,16,Round 16,home_and_away,2018-07-08 13:10:00,Docklands,North Melbourne,Gold Coast,14,11,8,10,95,58,25,18,0.56,0.4444444444444444,37,7,False
588,2018,16,Round 16,home_and_away,2018-07-08 15:20:00,M.C.G.,Essendon,Collingwood,9,8,12,6,62,78,17,18,0.5294117647058824,0.6666666666666666,-16,-1,False
589,2018,16,Round 16,home_and_away,2018-07-08 16:40:00,Optus Stadium,West Coast,Greater Western Sydney,13,8,10,15,86,75,21,25,0.6190476190476191,0.4,11,-4,False
590,2018,17,Round 17,home_and_away,2018-07-12 19:50:00,Adelaide Oval,Adelaide,Geelong,16,16,14,13,112,97,32,27,0.5,0.5185185185185185,15,5,False
591,2018,17,Round 17,home_and_away,2018-07-13 19:50:00,Docklands,St Kilda,Carlton,16,20,7,10,116,52,36,17,0.4444444444444444,0.4117647058823529,64,19,False
596,2018,17,Round 17,home_and_away,2018-07-14 13:45:00,University of Tasmania Stadium,Hawthorn,Brisbane Lions,9,11,15,8,65,98,20,23,0.45,0.6521739130434783,-33,-3,False
597,2018,17,Round 17,home_and_away,2018-07-14 16:35:00,M.C.G.,Melbourne,Western Bulldogs,18,11,10,9,119,69,29,19,0.6206896551724138,0.5263157894736842,50,10,False
598,2018,17,Round 17,home_and_away,2018-07-14 19:25:00,Carrara,Gold Coast,Essendon,6,15,13,17,51,95,21,30,0.2857142857142857,0.43333333333333335,-44,-9,False
599,2018,17,Round 17,home_and_away,2018-07-14 19:25:00,Sydney Showground,Greater Western Sydney,Richmond,11,13,10,17,79,77,24,27,0.4583333333333333,0.37037037037037035,2,-3,False
600,2018,17,Round 17,home_and_away,2018-07-15 13:10:00,M.C.G.,Collingwood,West Coast,9,13,15,12,67,102,22,27,0.4090909090909091,0.5555555555555556,-35,-5,False
601,2018,17,Round 17,home_and_away,2018-07-15 15:20:00,Docklands,North Melbourne,Sydney,15,8,16,8,98,104,23,24,0.6521739130434783,0.6666666666666666,-6,-1,False
602,2018,17,Round 17,home_and_away,2018-07-15 16:40:00,Optus Stadium,Fremantle,Port Adelaide,8,11,7,8,59,50,19,15,0.42105263157894735,0.4666666666666667,9,4,False
603,2018,18,Round 18,home_and_away,2018-07-20 19:50:00,Docklands,St Kilda,Richmond,8,9,16,15,57,111,17,31,0.47058823529411764,0.5161290322580645,-54,-14,False
604,2018,18,Round 18,home_and_away,2018-07-21 13:45:00,M.C.G.,Collingwood,North Melbourne,20,10,9,10,130,64,30,19,0.6666666666666666,0.47368421052631576,66,11,False
605,2018,18,Round 18,home_and_away,2018-07-21 14:10:00,S.C.G.,Sydney,Gold Coast,8,16,12,16,64,88,24,28,0.3333333333333333,0.42857142857142855,-24,-4,False
606,2018,18,Round 18,home_and_away,2018-07-21 16:35:00,Docklands,Essendon,Fremantle,13,21,11,4,99,70,34,15,0.38235294117647056,0.7333333333333333,29,19,False
607,2018,18,Round 18,home_and_away,2018-07-21 19:25:00,Gabba,Brisbane Lions,Adelaide,13,10,13,15,88,93,23,28,0.5652173913043478,0.4642857142857143,-5,-5,False
608,2018,18,Round 18,home_and_away,2018-07-21 19:25:00,GMHBA Stadium,Geelong,Melbourne,16,4,14,14,100,98,20,28,0.8,0.5,2,-8,False
609,2018,18,Round 18,home_and_away,2018-07-22 13:10:00,Docklands,Carlton,Hawthorn,7,10,18,16,52,124,17,34,0.4117647058823529,0.5294117647058824,-72,-17,False
610,2018,18,Round 18,home_and_away,2018-07-22 15:20:00,Optus Stadium,West Coast,Western Bulldogs,14,16,6,10,100,46,30,16,0.4666666666666667,0.375,54,14,False
611,2018,18,Round 18,home_and_away,2018-07-22 16:40:00,Adelaide Oval,Port Adelaide,Greater Western Sydney,8,10,11,14,58,80,18,25,0.4444444444444444,0.44,-22,-7,False
621,2018,19,Round 19,home_and_away,2018-07-27 19:50:00,Docklands,Essendon,Sydney,15,19,10,6,109,66,34,16,0.4411764705882353,0.625,43,18,False
622,2018,19,Round 19,home_and_away,2018-07-28 13:45:00,M.C.G.,Richmond,Collingwood,16,9,12,5,105,77,25,17,0.64,0.7058823529411765,28,8,False
623,2018,19,Round 19,home_and_away,2018-07-28 14:10:00,GMHBA Stadium,Geelong,Brisbane Lions,18,12,11,12,120,78,30,23,0.6,0.4782608695652174,42,7,False
624,2018,19,Round 19,home_and_away,2018-07-28 16:35:00,Sydney Showground,Greater Western Sydney,St Kilda,13,8,8,13,86,61,21,21,0.6190476190476191,0.38095238095238093,25,0,False
625,2018,19,Round 19,home_and_away,2018-07-28 19:25:00,Carrara,Gold Coast,Carlton,5,14,12,7,44,79,19,19,0.2631578947368421,0.631578947368421,-35,0,False
626,2018,19,Round 19,home_and_away,2018-07-28 19:40:00,Adelaide Oval,Adelaide,Melbourne,10,17,13,12,77,90,27,25,0.37037037037037035,0.52,-13,2,False
627,2018,19,Round 19,home_and_away,2018-07-29 13:10:00,Bellerive Oval,North Melbourne,West Coast,12,9,6,5,81,41,21,11,0.5714285714285714,0.5454545454545454,40,10,False
628,2018,19,Round 19,home_and_away,2018-07-29 15:20:00,Mars Stadium,Western Bulldogs,Port Adelaide,5,4,11,12,34,78,9,23,0.5555555555555556,0.4782608695652174,-44,-14,False
629,2018,19,Round 19,home_and_away,2018-07-29 16:40:00,Optus Stadium,Fremantle,Hawthorn,7,11,17,10,53,112,18,27,0.3888888888888889,0.6296296296296297,-59,-9,False
630,2018,20,Round 20,home_and_away,2018-08-03 19:50:00,M.C.G.,Richmond,Geelong,12,13,12,10,85,82,25,22,0.48,0.5454545454545454,3,3,False
631,2018,20,Round 20,home_and_away,2018-08-04 13:45:00,M.C.G.,Hawthorn,Essendon,16,11,16,7,107,103,27,23,0.5925925925925926,0.6956521739130435,4,4,False
642,2018,20,Round 20,home_and_away,2018-08-04 14:10:00,Gabba,Brisbane Lions,North Melbourne,16,8,16,11,104,107,24,27,0.6666666666666666,0.5925925925925926,-3,-3,False
643,2018,20,Round 20,home_and_away,2018-08-04 16:35:00,Adelaide Oval,Adelaide,Port Adelaide,13,18,14,9,96,93,31,23,0.41935483870967744,0.6086956521739131,3,8,False
644,2018,20,Round 20,home_and_away,2018-08-04 19:25:00,Docklands,St Kilda,Western Bulldogs,9,14,15,13,68,103,23,28,0.391304347826087,0.5357142857142857,-35,-5,False
645,2018,20,Round 20,home_and_away,2018-08-04 19:25:00,S.C.G.,Sydney,Collingwood,11,7,10,11,73,71,18,21,0.6111111111111112,0.47619047619047616,2,-3,False
646,2018,20,Round 20,home_and_away,2018-08-05 13:10:00,Docklands,Carlton,Greater Western Sydney,7,4,23,13,46,151,11,36,0.6363636363636364,0.6388888888888888,-105,-25,False
647,2018,20,Round 20,home_and_away,2018-08-05 15:20:00,M.C.G.,Melbourne,Gold Coast,21,17,7,5,143,47,38,12,0.5526315789473685,0.5833333333333334,96,26,False
648,2018,20,Round 20,home_and_away,2018-08-05 16:40:00,Optus Stadium,West Coast,Fremantle,21,16,13,6,142,84,37,19,0.5675675675675675,0.6842105263157895,58,18,False
649,2018,21,Round 21,home_and_away,2018-08-10 19:50:00,Docklands,Essendon,St Kilda,18,14,11,13,122,79,32,24,0.5625,0.4583333333333333,43,8,False
650,2018,21,Round 21,home_and_away,2018-08-11 13:45:00,M.C.G.,Hawthorn,Geelong,10,11,8,12,71,60,21,20,0.47619047619047616,0.4,11,1,False
651,2018,21,Round 21,home_and_away,2018-08-11 14:10:00,Carrara,Gold Coast,Richmond,7,9,19,11,51,125,16,30,0.4375,0.6333333333333333,-74,-14,False
655,2018,21,Round 21,home_and_away,2018-08-11 16:35:00,Adelaide Oval,Port Adelaide,West Coast,9,4,9,8,58,62,13,17,0.6923076923076923,0.5294117647058824,-4,-4,False
656,2018,21,Round 21,home_and_away,2018-08-11 19:25:00,Docklands,Collingwood,Brisbane Lions,14,20,11,7,104,73,34,18,0.4117647058823529,0.6111111111111112,31,16,False
657,2018,21,Round 21,home_and_away,2018-08-11 19:25:00,UNSW Canberra Oval,Greater Western Sydney,Adelaide,15,16,13,14,106,92,31,27,0.4838709677419355,0.48148148148148145,14,4,False
658,2018,21,Round 21,home_and_away,2018-08-12 13:10:00,Docklands,North Melbourne,Western Bulldogs,12,13,13,14,85,92,25,27,0.48,0.48148148148148145,-7,-2,False
659,2018,21,Round 21,home_and_away,2018-08-12 15:20:00,M.C.G.,Melbourne,Sydney,10,18,13,9,78,87,28,22,0.35714285714285715,0.5909090909090909,-9,6,False
660,2018,21,Round 21,home_and_away,2018-08-12 16:40:00,Optus Stadium,Fremantle,Carlton,15,11,10,12,101,72,26,22,0.5769230769230769,0.45454545454545453,29,4,False
661,2018,22,Round 22,home_and_away,2018-08-17 19:50:00,M.C.G.,Richmond,Essendon,12,9,11,7,81,73,21,18,0.5714285714285714,0.6111111111111112,8,3,False
662,2018,22,Round 22,home_and_away,2018-08-18 13:45:00,M.C.G.,Collingwood,Port Adelaide,17,13,10,4,115,64,30,14,0.5666666666666667,0.7142857142857143,51,16,False
663,2018,22,Round 22,home_and_away,2018-08-18 14:10:00,GMHBA Stadium,Geelong,Fremantle,24,14,3,7,158,25,38,10,0.631578947368421,0.3,133,28,False
664,2018,22,Round 22,home_and_away,2018-08-18 16:35:00,Sydney Showground,Greater Western Sydney,Sydney,8,12,11,14,60,80,20,25,0.4,0.44,-20,-5,False
665,2018,22,Round 22,home_and_away,2018-08-18 19:25:00,Carrara,Gold Coast,Brisbane Lions,11,8,10,18,74,78,19,28,0.5789473684210527,0.35714285714285715,-4,-9,False
666,2018,22,Round 22,home_and_away,2018-08-18 19:25:00,Docklands,St Kilda,Hawthorn,11,10,12,8,76,80,21,20,0.5238095238095238,0.6,-4,1,False
667,2018,22,Round 22,home_and_away,2018-08-19 13:10:00,Docklands,Carlton,Western Bulldogs,7,7,10,6,49,66,14,16,0.5,0.625,-17,-2,False
668,2018,22,Round 22,home_and_away,2018-08-19 15:20:00,Optus Stadium,West Coast,Melbourne,14,7,16,12,91,108,21,28,0.6666666666666666,0.5714285714285714,-17,-7,False
669,2018,22,Round 22,home_and_away,2018-08-19 16:40:00,Adelaide Oval,Adelaide,North Melbourne,12,14,11,11,86,77,26,22,0.46153846153846156,0.5,9,4,False
688,2018,23,Round 23,home_and_away,2018-08-24 19:50:00,Adelaide Oval,Port Adelaide,Essendon,13,11,17,9,89,111,24,26,0.5416666666666666,0.6538461538461539,-22,-2,False
671,2018,23,Round 23,home_and_away,2018-08-25 13:45:00,GMHBA Stadium,Geelong,Gold Coast,22,10,5,10,142,40,32,15,0.6875,0.3333333333333333,102,17,False
683,2018,23,Round 23,home_and_away,2018-08-25 14:10:00,M.C.G.,Richmond,Western Bulldogs,15,8,14,11,98,95,23,25,0.6521739130434783,0.56,3,-2,False
689,2018,23,Round 23,home_and_away,2018-08-25 16:35:00,Optus Stadium,Fremantle,Collingwood,9,13,11,10,67,76,22,21,0.4090909090909091,0.5238095238095238,-9,1,False
670,2018,23,Round 23,home_and_away,2018-08-25 19:25:00,Docklands,Carlton,Adelaide,8,13,26,9,61,165,21,35,0.38095238095238093,0.7428571428571429,-104,-14,False
684,2018,23,Round 23,home_and_away,2018-08-25 19:25:00,S.C.G.,Sydney,Hawthorn,10,14,12,11,74,83,24,23,0.4166666666666667,0.5217391304347826,-9,1,False
685,2018,23,Round 23,home_and_away,2018-08-26 13:10:00,Gabba,Brisbane Lions,West Coast,11,6,14,14,72,98,17,28,0.6470588235294118,0.5,-26,-11,False
687,2018,23,Round 23,home_and_away,2018-08-26 15:20:00,M.C.G.,Melbourne,Greater Western Sydney,15,12,8,9,102,57,27,17,0.5555555555555556,0.47058823529411764,45,10,False
686,2018,23,Round 23,home_and_away,2018-08-26 16:40:00,Docklands,St Kilda,North Melbourne,14,10,17,15,94,117,24,32,0.5833333333333334,0.53125,-23,-8,False
2952,2018,24,Finals Week 1,qualifying_final,2018-09-06 19:20:00,M.C.G.,Richmond,Hawthorn,13,17,9,10,95,64,30,19,0.43333333333333335,0.47368421052631576,31,11,False
2953,2018,24,Finals Week 1,elimination_final,2018-09-07 19:50:00,M.C.G.,Melbourne,Geelong,10,15,6,10,75,46,25,16,0.4,0.375,29,9,False
2954,2018,24,Finals Week 1,elimination_final,2018-09-08 16:20:00,S.C.G.,Sydney,Greater Western Sydney,4,6,10,19,30,79,10,29,0.4,0.3448275862068966,-49,-19,False
2955,2018,24,Finals Week 1,qualifying_final,2018-09-08 20:10:00,Perth Stadium,West Coast,Collingwood,12,14,10,10,86,70,26,20,0.46153846153846156,0.5,16,6,False
2960,2018,25,Semi-Finals,semi_final,2018-09-14 19:50:00,M.C.G.,Hawthorn,Melbourne,10,11,16,8,71,104,21,24,0.47619047619047616,0.6666666666666666,-33,-3,False
2961,2018,25,Semi-Finals,semi_final,2018-09-15 19:25:00,M.C.G.,Collingwood,Greater Western Sydney,9,15,9,5,69,59,24,14,0.375,0.6428571428571429,10,10,False
2998,2018,26,Preliminary Finals,preliminary_final,2018-09-21 19:50:00,M.C.G.,Richmond,Collingwood,8,10,15,7,58,97,18,22,0.4444444444444444,0.6818181818181818,-39,-4,False
2999,2018,26,Preliminary Finals,preliminary_final,2018-09-22 15:20:00,Perth Stadium,West Coast,Melbourne,18,13,7,13,121,55,31,20,0.5806451612903226,0.35,66,11,False
3048,2018,27,Grand Final,grand_final,2018-09-29 14:30:00,M.C.G.,West Coast,Collingwood,11,13,11,8,79,74,24,19,0.4583333333333333,0.5789473684210527,5,5,False
3049,2019,1,Round 1,home_and_away,2019-03-21 19:20:00,M.C.G.,Carlton,Richmond,9,10,14,13,64,97,19,27,0.47368421052631576,0.5185185185185185,-33,-8,False
3050,2019,1,Round 1,home_and_away,2019-03-22 19:50:00,M.C.G.,Collingwood,Geelong,9,11,10,12,65,72,20,22,0.45,0.45454545454545453,-7,-2,False
3055,2019,1,Round 1,home_and_away,2019-03-23 13:45:00,M.C.G.,Melbourne,Port Adelaide,9,7,12,15,61,87,16,27,0.5625,0.4444444444444444,-26,-11,False
3056,2019,1,Round 1,home_and_away,2019-03-23 16:35:00,Adelaide Oval,Adelaide,Hawthorn,7,13,12,15,55,87,20,27,0.35,0.4444444444444444,-32,-7,False
3057,2019,1,Round 1,home_and_away,2019-03-23 19:25:00,Marvel Stadium,Western Bulldogs,Sydney,11,16,9,11,82,65,27,20,0.4074074074074074,0.45,17,7,False
3058,2019,1,Round 1,home_and_away,2019-03-23 20:20:00,Gabba,Brisbane Lions,West Coast,15,12,8,10,102,58,27,18,0.5555555555555556,0.4444444444444444,44,9,False
3059,2019,1,Round 1,home_and_away,2019-03-24 13:10:00,Marvel Stadium,St Kilda,Gold Coast,13,7,13,6,85,84,20,19,0.65,0.6842105263157895,1,1,False
3060,2019,1,Round 1,home_and_away,2019-03-24 15:20:00,Sydney Showground,Greater Western Sydney,Essendon,16,16,5,10,112,40,32,15,0.5,0.3333333333333333,72,17,False
3061,2019,1,Round 1,home_and_away,2019-03-24 18:20:00,Perth Stadium,Fremantle,North Melbourne,21,15,9,5,141,59,36,14,0.5833333333333334,0.6428571428571429,82,22,False
3062,2019,2,Round 2,home_and_away,2019-03-28 19:20:00,M.C.G.,Richmond,Collingwood,10,6,17,8,66,110,16,25,0.625,0.68,-44,-9,False
3063,2019,2,Round 2,home_and_away,2019-03-29 19:50:00,S.C.G.,Sydney,Adelaide,8,14,12,16,62,88,22,28,0.36363636363636365,0.42857142857142855,-26,-6,False
3064,2019,2,Round 2,home_and_away,2019-03-30 16:35:00,Marvel Stadium,Essendon,St Kilda,9,11,10,16,65,76,20,26,0.45,0.38461538461538464,-11,-6,False
3065,2019,2,Round 2,home_and_away,2019-03-30 17:10:00,Adelaide Oval,Port Adelaide,Carlton,13,10,11,6,88,72,23,17,0.5652173913043478,0.6470588235294118,16,6,False
3066,2019,2,Round 2,home_and_away,2019-03-30 19:25:00,Kardinia Park,Geelong,Melbourne,20,6,6,10,126,46,26,16,0.7692307692307693,0.375,80,10,False
3067,2019,2,Round 2,home_and_away,2019-03-30 20:10:00,Perth Stadium,West Coast,Greater Western Sydney,16,8,7,10,104,52,24,17,0.6666666666666666,0.4117647058823529,52,7,False
3068,2019,2,Round 2,home_and_away,2019-03-31 13:10:00,Marvel Stadium,North Melbourne,Brisbane Lions,13,9,16,11,87,107,22,27,0.5909090909090909,0.5925925925925926,-20,-5,False
3069,2019,2,Round 2,home_and_away,2019-03-31 15:20:00,M.C.G.,Hawthorn,Western Bulldogs,13,9,16,10,87,106,22,26,0.5909090909090909,0.6153846153846154,-19,-4,False
3087,2019,2,Round 2,home_and_away,2019-03-31 16:40:00,Carrara,Gold Coast,Fremantle,7,19,8,10,61,58,26,18,0.2692307692307692,0.4444444444444444,3,8,False
3088,2019,3,Round 3,home_and_away,2019-04-04 19:50:00,Adelaide Oval,Adelaide,Geelong,10,15,14,15,75,99,25,29,0.4,0.4827586206896552,-24,-4,False
3089,2019,3,Round 3,home_and_away,2019-04-05 19:50:00,M.C.G.,Melbourne,Essendon,18,4,20,10,112,130,22,30,0.8181818181818182,0.6666666666666666,-18,-8,False
3099,2019,3,Round 3,home_and_away,2019-04-06 13:45:00,Marvel Stadium,Carlton,Sydney,10,14,14,9,74,93,24,23,0.4166666666666667,0.6086956521739131,-19,1,False
3100,2019,3,Round 3,home_and_away,2019-04-06 16:35:00,Sydney Showground,Greater Western Sydney,Richmond,19,11,10,16,125,76,30,26,0.6333333333333333,0.38461538461538464,49,4,False
3101,2019,3,Round 3,home_and_away,2019-04-06 19:25:00,Gabba,Brisbane Lions,Port Adelaide,16,11,13,12,107,90,27,25,0.5925925925925926,0.52,17,2,False
3102,2019,3,Round 3,home_and_away,2019-04-06 19:25:00,M.C.G.,Collingwood,West Coast,11,10,15,8,76,98,21,23,0.5238095238095238,0.6521739130434783,-22,-2,False
3103,2019,3,Round 3,home_and_away,2019-04-07 14:20:00,Marvel Stadium,Western Bulldogs,Gold Coast,9,14,10,13,68,73,23,23,0.391304347826087,0.43478260869565216,-5,0,False
3104,2019,3,Round 3,home_and_away,2019-04-07 15:20:00,M.C.G.,Hawthorn,North Melbourne,13,9,10,11,87,71,22,21,0.5909090909090909,0.47619047619047616,16,1,False
3105,2019,3,Round 3,home_and_away,2019-04-07 17:20:00,Perth Stadium,Fremantle,St Kilda,11,5,9,12,71,66,16,21,0.6875,0.42857142857142855,5,-5,False
3106,2019,4,Round 4,home_and_away,2019-04-11 19:20:00,S.C.G.,Sydney,Melbourne,11,12,15,10,78,100,23,25,0.4782608695652174,0.6,-22,-2,False
3107,2019,4,Round 4,home_and_away,2019-04-12 19:50:00,M.C.G.,Collingwood,Western Bulldogs,11,12,9,10,78,64,23,19,0.4782608695652174,0.47368421052631576,14,4,False
3108,2019,4,Round 4,home_and_away,2019-04-13 13:45:00,Kardinia Park,Geelong,Greater Western Sydney,11,9,11,13,75,79,20,24,0.55,0.4583333333333333,-4,-4,False
3109,2019,4,Round 4,home_and_away,2019-04-13 14:10:00,M.C.G.,Essendon,Brisbane Lions,17,10,9,11,112,65,27,20,0.6296296296296297,0.45,47,7,False
3114,2019,4,Round 4,home_and_away,2019-04-13 16:35:00,Adelaide Oval,Port Adelaide,Richmond,14,8,15,9,92,99,22,24,0.6363636363636364,0.625,-7,-2,False
3115,2019,4,Round 4,home_and_away,2019-04-13 19:25:00,Marvel Stadium,North Melbourne,Adelaide,9,17,8,11,71,59,26,19,0.34615384615384615,0.42105263157894735,12,7,False
3116,2019,4,Round 4,home_and_away,2019-04-13 20:10:00,Perth Stadium,West Coast,Fremantle,10,9,7,14,69,56,19,21,0.5263157894736842,0.3333333333333333,13,-2,False
3117,2019,4,Round 4,home_and_away,2019-04-14 14:40:00,Carrara,Gold Coast,Carlton,8,11,8,9,59,57,19,17,0.42105263157894735,0.47058823529411764,2,2,False
3118,2019,4,Round 4,home_and_away,2019-04-14 15:20:00,Marvel Stadium,St Kilda,Hawthorn,10,14,10,9,74,69,24,19,0.4166666666666667,0.5263157894736842,5,5,False
3119,2019,5,Round 5,home_and_away,2019-04-18 19:35:00,Gabba,Brisbane Lions,Collingwood,8,13,18,15,61,123,21,33,0.38095238095238093,0.5454545454545454,-62,-12,False
3120,2019,5,Round 5,home_and_away,2019-04-19 16:20:00,Marvel Stadium,North Melbourne,Essendon,7,16,17,14,58,116,23,31,0.30434782608695654,0.5483870967741935,-58,-8,False
3121,2019,5,Round 5,home_and_away,2019-04-19 20:10:00,Perth Stadium,West Coast,Port Adelaide,8,5,13,17,53,95,13,30,0.6153846153846154,0.43333333333333335,-42,-17,False
3122,2019,5,Round 5,home_and_away,2019-04-20 13:45:00,Manuka Oval,Greater Western Sydney,Fremantle,11,16,16,10,82,106,27,26,0.4074074074074074,0.6153846153846154,-24,1,False
3123,2019,5,Round 5,home_and_away,2019-04-20 16:35:00,M.C.G.,Melbourne,St Kilda,7,13,15,5,55,95,20,20,0.35,0.75,-40,0,False
3124,2019,5,Round 5,home_and_away,2019-04-20 19:25:00,Marvel Stadium,Richmond,Sydney,13,11,10,7,89,67,24,17,0.5416666666666666,0.5882352941176471,22,7,False
3125,2019,5,Round 5,home_and_away,2019-04-21 13:10:00,Marvel Stadium,Western Bulldogs,Carlton,7,15,15,11,57,101,22,26,0.3181818181818182,0.5769230769230769,-44,-4,False
3126,2019,5,Round 5,home_and_away,2019-04-21 16:40:00,Adelaide Oval,Adelaide,Gold Coast,18,11,6,10,119,46,29,16,0.6206896551724138,0.375,73,13,False
3127,2019,5,Round 5,home_and_away,2019-04-22 15:20:00,M.C.G.,Hawthorn,Geelong,13,12,17,11,90,113,25,28,0.52,0.6071428571428571,-23,-3,False
3128,2019,6,Round 6,home_and_away,2019-04-24 19:35:00,M.C.G.,Richmond,Melbourne,12,13,6,6,85,42,25,12,0.48,0.5,43,13,False
3129,2019,6,Round 6,home_and_away,2019-04-25 15:20:00,M.C.G.,Essendon,Collingwood,10,9,10,13,69,73,19,23,0.5263157894736842,0.43478260869565216,-4,-4,False
3140,2019,6,Round 6,home_and_away,2019-04-26 19:50:00,Adelaide Oval,Port Adelaide,North Melbourne,12,16,11,6,88,72,28,17,0.42857142857142855,0.6470588235294118,16,11,False
3141,2019,6,Round 6,home_and_away,2019-04-27 13:45:00,Carrara,Gold Coast,Brisbane Lions,9,8,16,15,62,111,17,31,0.5294117647058824,0.5161290322580645,-49,-14,False
3142,2019,6,Round 6,home_and_away,2019-04-27 16:35:00,Marvel Stadium,St Kilda,Adelaide,10,8,15,7,68,97,18,22,0.5555555555555556,0.6818181818181818,-29,-4,False
3143,2019,6,Round 6,home_and_away,2019-04-27 19:25:00,S.C.G.,Sydney,Greater Western Sydney,12,7,18,12,79,120,19,30,0.631578947368421,0.6,-41,-11,False
3144,2019,6,Round 6,home_and_away,2019-04-27 20:10:00,Perth Stadium,Fremantle,Western Bulldogs,13,10,9,15,88,69,23,24,0.5652173913043478,0.375,19,-1,False
3145,2019,6,Round 6,home_and_away,2019-04-28 15:20:00,York Park,Hawthorn,Carlton,13,15,13,10,93,88,28,23,0.4642857142857143,0.5652173913043478,5,5,False
3146,2019,6,Round 6,home_and_away,2019-04-28 16:40:00,Kardinia Park,Geelong,West Coast,15,14,7,4,104,46,29,11,0.5172413793103449,0.6363636363636364,58,18,False
3147,2019,7,Round 7,home_and_away,2019-05-03 19:50:00,Marvel Stadium,Collingwood,Port Adelaide,15,18,10,9,108,69,33,19,0.45454545454545453,0.5263157894736842,39,14,False
3149,2019,7,Round 7,home_and_away,2019-05-04 13:45:00,Manuka Oval,Greater Western Sydney,St Kilda,18,6,10,10,114,70,24,20,0.75,0.5,44,4,False
3148,2019,7,Round 7,home_and_away,2019-05-04 13:45:00,M.C.G.,Melbourne,Hawthorn,11,13,11,8,79,74,24,19,0.4583333333333333,0.5789473684210527,5,5,False
3153,2019,7,Round 7,home_and_away,2019-05-04 16:35:00,Gabba,Brisbane Lions,Sydney,14,19,12,9,103,81,33,21,0.42424242424242425,0.5714285714285714,22,12,False
3154,2019,7,Round 7,home_and_away,2019-05-04 19:25:00,Marvel Stadium,Western Bulldogs,Richmond,15,9,7,10,99,52,24,17,0.625,0.4117647058823529,47,7,False
3155,2019,7,Round 7,home_and_away,2019-05-04 20:10:00,Perth Stadium,West Coast,Gold Coast,11,14,8,9,80,57,25,17,0.44,0.47058823529411764,23,8,False
3156,2019,7,Round 7,home_and_away,2019-05-05 13:10:00,Marvel Stadium,Carlton,North Melbourne,8,14,18,12,62,120,22,30,0.36363636363636365,0.6,-58,-8,False
3157,2019,7,Round 7,home_and_away,2019-05-05 15:20:00,M.C.G.,Geelong,Essendon,13,8,7,12,86,54,21,19,0.6190476190476191,0.3684210526315789,32,2,False
3158,2019,7,Round 7,home_and_away,2019-05-05 16:40:00,Adelaide Oval,Adelaide,Fremantle,7,9,5,4,51,34,16,9,0.4375,0.5555555555555556,17,7,False
3159,2019,8,Round 8,home_and_away,2019-05-10 19:50:00,S.C.G.,Sydney,Essendon,11,11,10,12,77,72,22,22,0.5,0.45454545454545453,5,0,False
3161,2019,8,Round 8,home_and_away,2019-05-11 13:45:00,M.C.G.,Carlton,Collingwood,13,9,16,10,87,106,22,26,0.5909090909090909,0.6153846153846154,-19,-4,False
3160,2019,8,Round 8,home_and_away,2019-05-11 13:45:00,Eureka Stadium,Western Bulldogs,Brisbane Lions,13,14,11,10,92,76,27,21,0.48148148148148145,0.5238095238095238,16,6,False
3162,2019,8,Round 8,home_and_away,2019-05-11 16:35:00,Carrara,Gold Coast,Melbourne,9,6,8,13,60,61,15,21,0.6,0.38095238095238093,-1,-6,False
3163,2019,8,Round 8,home_and_away,2019-05-11 19:25:00,Marvel Stadium,St Kilda,West Coast,10,10,12,16,70,88,20,28,0.5,0.42857142857142855,-18,-8,False
3164,2019,8,Round 8,home_and_away,2019-05-11 19:40:00,Adelaide Oval,Port Adelaide,Adelaide,9,14,13,10,68,88,23,23,0.391304347826087,0.5652173913043478,-20,0,False
3165,2019,8,Round 8,home_and_away,2019-05-12 13:10:00,Marvel Stadium,North Melbourne,Geelong,11,14,16,8,80,104,25,24,0.44,0.6666666666666666,-24,1,False
3166,2019,8,Round 8,home_and_away,2019-05-12 15:20:00,M.C.G.,Hawthorn,Greater Western Sydney,10,11,5,8,71,38,21,13,0.47619047619047616,0.38461538461538464,33,8,False
3167,2019,8,Round 8,home_and_away,2019-05-12 17:20:00,Perth Stadium,Fremantle,Richmond,12,14,17,9,86,111,26,26,0.46153846153846156,0.6538461538461539,-25,0,False
3168,2019,9,Round 9,home_and_away,2019-05-17 20:10:00,Perth Stadium,West Coast,Melbourne,13,7,9,15,85,69,20,24,0.65,0.375,16,-4,False
3169,2019,9,Round 9,home_and_away,2019-05-18 13:45:00,M.C.G.,Collingwood,St Kilda,17,10,10,11,112,71,27,21,0.6296296296296297,0.47619047619047616,41,6,False
3181,2019,9,Round 9,home_and_away,2019-05-18 14:10:00,Gabba,Brisbane Lions,Adelaide,13,15,13,14,93,92,28,27,0.4642857142857143,0.48148148148148145,1,1,False
3182,2019,9,Round 9,home_and_away,2019-05-18 16:35:00,Kardinia Park,Geelong,Western Bulldogs,21,7,13,11,133,89,28,24,0.75,0.5416666666666666,44,4,False
3183,2019,9,Round 9,home_and_away,2019-05-18 19:25:00,Marvel Stadium,Essendon,Fremantle,8,12,7,11,60,53,20,18,0.4,0.3888888888888889,7,2,False
3184,2019,9,Round 9,home_and_away,2019-05-18 19:25:00,Bellerive Oval,North Melbourne,Sydney,10,12,11,11,72,77,22,22,0.45454545454545453,0.5,-5,0,False
3185,2019,9,Round 9,home_and_away,2019-05-19 13:10:00,Adelaide Oval,Port Adelaide,Gold Coast,13,11,7,9,89,51,24,16,0.5416666666666666,0.4375,38,8,False
3186,2019,9,Round 9,home_and_away,2019-05-19 15:20:00,M.C.G.,Richmond,Hawthorn,14,11,8,11,95,59,25,19,0.56,0.42105263157894735,36,6,False
3187,2019,9,Round 9,home_and_away,2019-05-19 16:40:00,Sydney Showground,Greater Western Sydney,Carlton,20,18,7,3,138,45,38,10,0.5263157894736842,0.7,93,28,False
3188,2019,10,Round 10,home_and_away,2019-05-24 19:50:00,S.C.G.,Sydney,Collingwood,11,7,11,14,73,80,18,25,0.6111111111111112,0.44,-7,-7,False
3189,2019,10,Round 10,home_and_away,2019-05-25 13:45:00,York Park,Hawthorn,Port Adelaide,12,8,6,13,80,49,20,19,0.6,0.3157894736842105,31,1,False
3194,2019,10,Round 10,home_and_away,2019-05-25 14:10:00,Marvel Stadium,Western Bulldogs,North Melbourne,13,12,18,7,90,115,25,25,0.52,0.72,-25,0,False
3195,2019,10,Round 10,home_and_away,2019-05-25 16:35:00,Adelaide Oval,Adelaide,West Coast,10,13,13,7,73,85,23,20,0.43478260869565216,0.65,-12,3,False
3196,2019,10,Round 10,home_and_away,2019-05-25 19:25:00,Carrara,Gold Coast,Geelong,9,10,13,13,64,91,19,26,0.47368421052631576,0.5,-27,-7,False
3197,2019,10,Round 10,home_and_away,2019-05-25 19:25:00,M.C.G.,Richmond,Essendon,10,13,6,14,73,50,23,20,0.43478260869565216,0.3,23,3,False
3198,2019,10,Round 10,home_and_away,2019-05-26 13:10:00,M.C.G.,Melbourne,Greater Western Sydney,10,8,14,10,68,94,18,24,0.5555555555555556,0.5833333333333334,-26,-6,False
3199,2019,10,Round 10,home_and_away,2019-05-26 15:20:00,Marvel Stadium,St Kilda,Carlton,9,14,8,7,68,55,23,15,0.391304347826087,0.5333333333333333,13,8,False
3200,2019,10,Round 10,home_and_away,2019-05-26 17:20:00,Perth Stadium,Fremantle,Brisbane Lions,10,13,10,12,73,72,23,22,0.43478260869565216,0.45454545454545453,1,1,False
3201,2019,11,Round 11,home_and_away,2019-05-31 19:50:00,Marvel Stadium,North Melbourne,Richmond,15,9,9,8,99,62,24,17,0.625,0.5294117647058824,37,7,False
3202,2019,11,Round 11,home_and_away,2019-06-01 13:45:00,M.C.G.,Collingwood,Fremantle,11,9,11,13,75,79,20,24,0.55,0.4583333333333333,-4,-4,False
3203,2019,11,Round 11,home_and_away,2019-06-01 13:45:00,Sydney Showground,Greater Western Sydney,Gold Coast,19,12,6,7,126,43,31,13,0.6129032258064516,0.46153846153846156,83,18,False
3204,2019,11,Round 11,home_and_away,2019-06-01 16:35:00,Kardinia Park,Geelong,Sydney,13,7,8,15,85,63,20,23,0.65,0.34782608695652173,22,-3,False
3205,2019,11,Round 11,home_and_away,2019-06-01 19:25:00,Gabba,Brisbane Lions,Hawthorn,12,13,10,6,85,66,25,16,0.48,0.625,19,9,False
3206,2019,11,Round 11,home_and_away,2019-06-01 19:40:00,Marrara Oval,Melbourne,Adelaide,12,16,14,6,88,90,28,20,0.42857142857142855,0.7,-2,8,False
3207,2019,11,Round 11,home_and_away,2019-06-02 14:40:00,Jiangwan Stadium,St Kilda,Port Adelaide,9,15,22,7,69,139,24,29,0.375,0.7586206896551724,-70,-5,False
3208,2019,11,Round 11,home_and_away,2019-06-02 15:20:00,M.C.G.,Essendon,Carlton,11,8,4,9,74,33,19,13,0.5789473684210527,0.3076923076923077,41,6,False
3209,2019,11,Round 11,home_and_away,2019-06-02 17:20:00,Perth Stadium,West Coast,Western Bulldogs,21,7,10,12,133,72,28,22,0.75,0.45454545454545453,61,6,False
3219,2019,12,Round 12,home_and_away,2019-06-07 19:50:00,M.C.G.,Richmond,Geelong,5,7,16,8,37,104,12,24,0.4166666666666667,0.6666666666666666,-67,-12,False
3220,2019,12,Round 12,home_and_away,2019-06-08 13:45:00,Marvel Stadium,Carlton,Brisbane Lions,11,12,9,9,78,63,23,18,0.4782608695652174,0.5,15,5,False
3221,2019,12,Round 12,home_and_away,2019-06-08 16:35:00,Carrara,Gold Coast,North Melbourne,11,6,14,15,72,99,17,29,0.6470588235294118,0.4827586206896552,-27,-12,False
3222,2019,12,Round 12,home_and_away,2019-06-08 19:40:00,Adelaide Oval,Adelaide,Greater Western Sydney,12,10,9,7,82,61,22,16,0.5454545454545454,0.5625,21,6,False
3223,2019,12,Round 12,home_and_away,2019-06-09 15:20:00,S.C.G.,Sydney,West Coast,18,8,10,11,116,71,26,21,0.6923076923076923,0.47619047619047616,45,5,False
3224,2019,12,Round 12,home_and_away,2019-06-10 15:20:00,M.C.G.,Collingwood,Melbourne,15,8,7,15,98,57,23,22,0.6521739130434783,0.3181818181818182,41,1,False
3225,2019,13,Round 13,home_and_away,2019-06-13 19:50:00,Adelaide Oval,Adelaide,Richmond,15,11,9,14,101,68,26,23,0.5769230769230769,0.391304347826087,33,3,False
3226,2019,13,Round 13,home_and_away,2019-06-14 19:50:00,Marvel Stadium,Essendon,Hawthorn,14,12,11,11,96,77,26,22,0.5384615384615384,0.5,19,4,False
3227,2019,13,Round 13,home_and_away,2019-06-15 13:45:00,Riverway Stadium,Gold Coast,St Kilda,11,10,11,14,76,80,21,25,0.5238095238095238,0.44,-4,-4,False
3228,2019,13,Round 13,home_and_away,2019-06-15 16:35:00,Perth Stadium,Fremantle,Port Adelaide,15,10,12,7,100,79,25,19,0.6,0.631578947368421,21,6,False
3229,2019,13,Round 13,home_and_away,2019-06-15 19:25:00,Marvel Stadium,Carlton,Western Bulldogs,15,10,15,13,100,103,25,28,0.6,0.5357142857142857,-3,-3,False
3240,2019,13,Round 13,home_and_away,2019-06-16 15:20:00,Bellerive Oval,North Melbourne,Greater Western Sydney,10,8,14,7,68,91,18,21,0.5555555555555556,0.6666666666666666,-23,-3,False
3241,2019,14,Round 14,home_and_away,2019-06-20 20:10:00,Perth Stadium,West Coast,Essendon,14,22,11,5,106,71,36,16,0.3888888888888889,0.6875,35,20,False
3242,2019,14,Round 14,home_and_away,2019-06-21 19:50:00,S.C.G.,Sydney,Hawthorn,12,10,9,9,82,63,22,18,0.5454545454545454,0.5,19,4,False
3243,2019,14,Round 14,home_and_away,2019-06-22 13:45:00,M.C.G.,Melbourne,Fremantle,13,7,11,5,85,71,20,16,0.65,0.6875,14,4,False
3244,2019,14,Round 14,home_and_away,2019-06-22 16:35:00,Marvel Stadium,St Kilda,Brisbane Lions,8,11,17,13,59,115,19,30,0.42105263157894735,0.5666666666666667,-56,-11,False
3245,2019,14,Round 14,home_and_away,2019-06-22 19:40:00,Adelaide Oval,Port Adelaide,Geelong,9,13,8,8,67,56,22,16,0.4090909090909091,0.5,11,6,False
3246,2019,14,Round 14,home_and_away,2019-06-23 15:20:00,Marvel Stadium,Western Bulldogs,Collingwood,10,13,13,4,73,82,23,17,0.43478260869565216,0.7647058823529411,-9,6,False
3247,2019,15,Round 15,home_and_away,2019-06-27 19:20:00,Marvel Stadium,Essendon,Greater Western Sydney,12,5,10,11,77,71,17,21,0.7058823529411765,0.47619047619047616,6,-4,False
3248,2019,15,Round 15,home_and_away,2019-06-28 19:50:00,Kardinia Park,Geelong,Adelaide,14,12,10,9,96,69,26,19,0.5384615384615384,0.5263157894736842,27,7,False
3249,2019,15,Round 15,home_and_away,2019-06-29 13:45:00,M.C.G.,Hawthorn,West Coast,9,17,11,11,71,77,26,22,0.34615384615384615,0.5,-6,4,False
3259,2019,15,Round 15,home_and_away,2019-06-29 16:35:00,S.C.G.,Sydney,Gold Coast,14,9,7,9,93,51,23,16,0.6086956521739131,0.4375,42,7,False
3260,2019,15,Round 15,home_and_away,2019-06-29 19:25:00,Marvel Stadium,Collingwood,North Melbourne,5,7,11,15,37,81,12,26,0.4166666666666667,0.4230769230769231,-44,-14,False
3261,2019,15,Round 15,home_and_away,2019-06-29 19:40:00,Adelaide Oval,Port Adelaide,Western Bulldogs,5,11,10,6,41,66,16,16,0.3125,0.625,-25,0,False
3262,2019,15,Round 15,home_and_away,2019-06-30 13:10:00,Marvel Stadium,St Kilda,Richmond,10,10,16,7,70,103,20,23,0.5,0.6956521739130435,-33,-3,False
3263,2019,15,Round 15,home_and_away,2019-06-30 15:20:00,Gabba,Brisbane Lions,Melbourne,15,17,11,8,107,74,32,19,0.46875,0.5789473684210527,33,13,False
3264,2019,15,Round 15,home_and_away,2019-06-30 17:20:00,Perth Stadium,Fremantle,Carlton,11,9,11,13,75,79,20,24,0.55,0.4583333333333333,-4,-4,False
3265,2019,16,Round 16,home_and_away,2019-07-05 19:50:00,M.C.G.,Hawthorn,Collingwood,9,13,9,9,67,63,22,18,0.4090909090909091,0.5,4,4,False
3266,2019,16,Round 16,home_and_away,2019-07-06 13:45:00,M.C.G.,Essendon,Sydney,11,10,9,12,76,66,21,21,0.5238095238095238,0.42857142857142855,10,0,False
3267,2019,16,Round 16,home_and_away,2019-07-06 14:10:00,Carrara,Gold Coast,Richmond,9,4,23,12,58,150,13,35,0.6923076923076923,0.6571428571428571,-92,-22,False
3268,2019,16,Round 16,home_and_away,2019-07-06 16:35:00,Adelaide Oval,Adelaide,Port Adelaide,5,14,15,11,44,101,19,26,0.2631578947368421,0.5769230769230769,-57,-7,False
3269,2019,16,Round 16,home_and_away,2019-07-06 19:25:00,Marvel Stadium,Western Bulldogs,Geelong,10,11,7,13,71,55,21,20,0.47619047619047616,0.35,16,1,False
3283,2019,16,Round 16,home_and_away,2019-07-06 20:10:00,Perth Stadium,Fremantle,West Coast,2,19,19,8,31,122,21,27,0.09523809523809523,0.7037037037037037,-91,-6,False
3284,2019,16,Round 16,home_and_away,2019-07-07 13:10:00,M.C.G.,Carlton,Melbourne,15,10,15,15,100,105,25,30,0.6,0.5,-5,-5,False
3285,2019,16,Round 16,home_and_away,2019-07-07 15:20:00,Bellerive Oval,North Melbourne,St Kilda,17,10,11,7,112,73,27,18,0.6296296296296297,0.6111111111111112,39,9,False
3286,2019,16,Round 16,home_and_away,2019-07-07 16:40:00,Sydney Showground,Greater Western Sydney,Brisbane Lions,11,8,14,10,74,94,19,24,0.5789473684210527,0.5833333333333334,-20,-5,False
3287,2019,17,Round 17,home_and_away,2019-07-12 20:10:00,Perth Stadium,West Coast,Collingwood,12,5,11,12,77,78,17,23,0.7058823529411765,0.4782608695652174,-1,-6,False
3288,2019,17,Round 17,home_and_away,2019-07-13 13:45:00,S.C.G.,Sydney,Carlton,8,14,9,15,62,69,22,24,0.36363636363636365,0.375,-7,-2,False
3289,2019,17,Round 17,home_and_away,2019-07-13 14:10:00,York Park,Hawthorn,Fremantle,12,12,8,5,84,53,24,13,0.5,0.6153846153846154,31,11,False
3293,2019,17,Round 17,home_and_away,2019-07-13 16:35:00,Marvel Stadium,Essendon,North Melbourne,12,14,12,9,86,81,26,21,0.46153846153846156,0.5714285714285714,5,5,False
3295,2019,17,Round 17,home_and_away,2019-07-13 19:25:00,Kardinia Park,Geelong,St Kilda,12,12,8,9,84,57,24,17,0.5,0.47058823529411764,27,7,False
3294,2019,17,Round 17,home_and_away,2019-07-13 19:25:00,Carrara,Gold Coast,Adelaide,8,8,23,13,56,151,16,36,0.5,0.6388888888888888,-95,-20,False
3296,2019,17,Round 17,home_and_away,2019-07-14 13:10:00,M.C.G.,Richmond,Greater Western Sydney,13,16,9,13,94,67,29,22,0.4482758620689655,0.4090909090909091,27,7,False
3297,2019,17,Round 17,home_and_away,2019-07-14 15:20:00,Marvel Stadium,Western Bulldogs,Melbourne,10,14,9,12,74,66,24,21,0.4166666666666667,0.42857142857142855,8,3,False
3298,2019,17,Round 17,home_and_away,2019-07-14 16:40:00,Adelaide Oval,Port Adelaide,Brisbane Lions,6,13,14,13,49,97,19,27,0.3157894736842105,0.5185185185185185,-48,-8,False
3299,2019,18,Round 18,home_and_away,2019-07-19 19:50:00,Adelaide Oval,Adelaide,Essendon,10,15,15,6,75,96,25,21,0.4,0.7142857142857143,-21,4,False
3300,2019,18,Round 18,home_and_away,2019-07-20 13:45:00,M.C.G.,Richmond,Port Adelaide,15,11,9,9,101,63,26,18,0.5769230769230769,0.5,38,8,False
3301,2019,18,Round 18,home_and_away,2019-07-20 14:10:00,Marvel Stadium,Carlton,Gold Coast,15,9,11,9,99,75,24,20,0.625,0.55,24,4,False
3302,2019,18,Round 18,home_and_away,2019-07-20 16:35:00,Sydney Showground,Greater Western Sydney,Collingwood,19,8,11,9,122,75,27,20,0.7037037037037037,0.55,47,7,False
3303,2019,18,Round 18,home_and_away,2019-07-20 19:25:00,Gabba,Brisbane Lions,North Melbourne,12,15,12,3,87,75,27,15,0.4444444444444444,0.8,12,12,False
3304,2019,18,Round 18,home_and_away,2019-07-20 20:10:00,Perth Stadium,Fremantle,Sydney,7,10,7,9,52,51,17,16,0.4117647058823529,0.4375,1,1,False
3305,2019,18,Round 18,home_and_away,2019-07-21 13:10:00,M.C.G.,Geelong,Hawthorn,8,13,12,13,61,85,21,25,0.38095238095238093,0.48,-24,-4,False
3306,2019,18,Round 18,home_and_away,2019-07-21 15:20:00,Traeger Park,Melbourne,West Coast,11,12,14,7,78,91,23,21,0.4782608695652174,0.6666666666666666,-13,2,False
3307,2019,18,Round 18,home_and_away,2019-07-21 16:40:00,Marvel Stadium,St Kilda,Western Bulldogs,17,14,14,5,116,89,31,19,0.5483870967741935,0.7368421052631579,27,12,False
3308,2019,19,Round 19,home_and_away,2019-07-26 19:50:00,M.C.G.,Collingwood,Richmond,9,12,14,14,66,98,21,28,0.42857142857142855,0.5,-32,-7,False
3309,2019,19,Round 19,home_and_away,2019-07-27 13:45:00,York Park,Hawthorn,Brisbane Lions,7,18,13,9,60,87,25,22,0.28,0.5909090909090909,-27,3,False
3321,2019,19,Round 19,home_and_away,2019-07-27 14:10:00,M.C.G.,Carlton,Adelaide,13,9,9,6,87,60,22,15,0.5909090909090909,0.6,27,7,False
3322,2019,19,Round 19,home_and_away,2019-07-27 16:35:00,Perth Stadium,West Coast,North Melbourne,18,13,10,12,121,72,31,22,0.5806451612903226,0.45454545454545453,49,9,False
3323,2019,19,Round 19,home_and_away,2019-07-27 19:25:00,Marvel Stadium,St Kilda,Melbourne,15,14,13,7,104,85,29,20,0.5172413793103449,0.65,19,9,False
3324,2019,19,Round 19,home_and_away,2019-07-27 19:40:00,Adelaide Oval,Port Adelaide,Greater Western Sydney,7,13,8,8,55,56,20,16,0.35,0.5,-1,4,False
3325,2019,19,Round 19,home_and_away,2019-07-28 13:10:00,Marvel Stadium,Western Bulldogs,Fremantle,16,17,9,12,113,66,33,21,0.48484848484848486,0.42857142857142855,47,12,False
3326,2019,19,Round 19,home_and_away,2019-07-28 15:20:00,S.C.G.,Sydney,Geelong,12,8,16,11,80,107,20,27,0.6,0.5925925925925926,-27,-7,False
3327,2019,19,Round 19,home_and_away,2019-07-28 16:40:00,Carrara,Gold Coast,Essendon,15,6,16,10,96,106,21,26,0.7142857142857143,0.6153846153846154,-10,-5,False
3328,2019,20,Round 20,home_and_away,2019-08-02 19:50:00,Marvel Stadium,North Melbourne,Hawthorn,12,14,9,10,86,64,26,19,0.46153846153846156,0.47368421052631576,22,7,False
3329,2019,20,Round 20,home_and_away,2019-08-03 13:45:00,Marvel Stadium,Essendon,Port Adelaide,9,13,19,12,67,126,22,31,0.4090909090909091,0.6129032258064516,-59,-9,False
3334,2019,20,Round 20,home_and_away,2019-08-03 14:10:00,Sydney Showground,Greater Western Sydney,Sydney,12,11,12,9,83,81,23,21,0.5217391304347826,0.5714285714285714,2,2,False
3335,2019,20,Round 20,home_and_away,2019-08-03 16:35:00,Perth Stadium,Fremantle,Geelong,14,11,9,7,95,61,25,16,0.56,0.5625,34,9,False
3336,2019,20,Round 20,home_and_away,2019-08-03 19:25:00,M.C.G.,Melbourne,Richmond,9,6,13,15,60,93,15,28,0.6,0.4642857142857143,-33,-13,False
3337,2019,20,Round 20,home_and_away,2019-08-03 19:40:00,Adelaide Oval,Adelaide,St Kilda,14,8,10,10,92,70,22,20,0.6363636363636364,0.5,22,2,False
3338,2019,20,Round 20,home_and_away,2019-08-04 13:10:00,M.C.G.,Collingwood,Gold Coast,18,12,8,3,120,51,30,11,0.6,0.7272727272727273,69,19,False
3339,2019,20,Round 20,home_and_away,2019-08-04 15:20:00,Marvel Stadium,Carlton,West Coast,11,9,15,9,75,99,20,24,0.55,0.625,-24,-4,False
3340,2019,20,Round 20,home_and_away,2019-08-04 16:40:00,Gabba,Brisbane Lions,Western Bulldogs,14,14,11,14,98,80,28,25,0.5,0.44,18,3,False
3341,2019,21,Round 21,home_and_away,2019-08-09 19:50:00,Manuka Oval,Greater Western Sydney,Hawthorn,4,5,13,7,29,85,9,20,0.4444444444444444,0.65,-56,-11,False
3342,2019,21,Round 21,home_and_away,2019-08-10 13:45:00,M.C.G.,Melbourne,Collingwood,7,11,10,10,53,70,18,20,0.3888888888888889,0.5,-17,-2,False
3343,2019,21,Round 21,home_and_away,2019-08-10 14:10:00,Adelaide Oval,Port Adelaide,Sydney,15,13,7,14,103,56,28,21,0.5357142857142857,0.3333333333333333,47,7,False
3344,2019,21,Round 21,home_and_away,2019-08-10 16:35:00,Gabba,Brisbane Lions,Gold Coast,22,12,8,5,144,53,34,13,0.6470588235294118,0.6153846153846154,91,21,False
3345,2019,21,Round 21,home_and_away,2019-08-10 19:25:00,Marvel Stadium,Essendon,Western Bulldogs,4,9,21,11,33,137,13,32,0.3076923076923077,0.65625,-104,-19,False
3346,2019,21,Round 21,home_and_away,2019-08-10 19:25:00,Kardinia Park,Geelong,North Melbourne,9,15,1,8,69,14,24,9,0.375,0.1111111111111111,55,15,False
3347,2019,21,Round 21,home_and_away,2019-08-11 13:10:00,Marvel Stadium,St Kilda,Fremantle,10,12,10,9,72,69,22,19,0.45454545454545453,0.5263157894736842,3,3,False
3348,2019,21,Round 21,home_and_away,2019-08-11 15:20:00,M.C.G.,Richmond,Carlton,11,7,6,9,73,45,18,15,0.6111111111111112,0.4,28,3,False
3349,2019,21,Round 21,home_and_away,2019-08-11 16:40:00,Perth Stadium,West Coast,Adelaide,13,12,12,8,90,80,25,20,0.52,0.6,10,5,False
3359,2019,22,Round 22,home_and_away,2019-08-16 19:50:00,M.C.G.,Melbourne,Sydney,5,12,15,5,42,95,17,20,0.29411764705882354,0.75,-53,-3,False
3360,2019,22,Round 22,home_and_away,2019-08-17 13:45:00,M.C.G.,Carlton,St Kilda,11,12,10,8,78,68,23,18,0.4782608695652174,0.5555555555555556,10,5,False
3361,2019,22,Round 22,home_and_away,2019-08-17 14:10:00,Gabba,Brisbane Lions,Geelong,10,15,10,14,75,74,25,24,0.4,0.4166666666666667,1,1,False
3362,2019,22,Round 22,home_and_away,2019-08-17 16:35:00,Adelaide Oval,Adelaide,Collingwood,6,12,17,12,48,114,18,29,0.3333333333333333,0.5862068965517241,-66,-11,False
3363,2019,22,Round 22,home_and_away,2019-08-17 19:25:00,Marvel Stadium,North Melbourne,Port Adelaide,22,12,8,10,144,58,34,18,0.6470588235294118,0.4444444444444444,86,16,False
3364,2019,22,Round 22,home_and_away,2019-08-17 20:10:00,Perth Stadium,Fremantle,Essendon,7,13,13,9,55,87,20,22,0.35,0.5909090909090909,-32,-2,False
3365,2019,22,Round 22,home_and_away,2019-08-18 13:10:00,M.C.G.,Richmond,West Coast,13,10,13,4,88,82,23,17,0.5652173913043478,0.7647058823529411,6,6,False
3366,2019,22,Round 22,home_and_away,2019-08-18 15:20:00,Sydney Showground,Greater Western Sydney,Western Bulldogs,9,11,19,12,65,126,20,31,0.45,0.6129032258064516,-61,-11,False
3367,2019,22,Round 22,home_and_away,2019-08-18 16:40:00,Marvel Stadium,Hawthorn,Gold Coast,18,10,7,6,118,48,28,13,0.6428571428571429,0.5384615384615384,70,15,False
3384,2019,23,Round 23,home_and_away,2019-08-23 19:50:00,M.C.G.,Collingwood,Essendon,10,16,10,5,76,65,26,15,0.38461538461538464,0.6666666666666666,11,11,False
3386,2019,23,Round 23,home_and_away,2019-08-24 13:45:00,S.C.G.,Sydney,St Kilda,17,7,8,16,109,64,24,24,0.7083333333333334,0.3333333333333333,45,0,False
3380,2019,23,Round 23,home_and_away,2019-08-24 14:10:00,Bellerive Oval,North Melbourne,Melbourne,13,10,12,11,88,83,23,23,0.5652173913043478,0.5217391304347826,5,0,False
3383,2019,23,Round 23,home_and_away,2019-08-24 16:35:00,Kardinia Park,Geelong,Carlton,19,15,8,13,129,61,34,21,0.5588235294117647,0.38095238095238093,68,13,False
3369,2019,23,Round 23,home_and_away,2019-08-24 19:10:00,Perth Stadium,West Coast,Hawthorn,9,13,16,9,67,105,22,25,0.4090909090909091,0.64,-38,-3,False
3381,2019,23,Round 23,home_and_away,2019-08-24 19:25:00,Carrara,Gold Coast,Greater Western Sydney,7,13,20,7,55,127,20,27,0.35,0.7407407407407407,-72,-7,False
3385,2019,23,Round 23,home_and_away,2019-08-25 13:10:00,Eureka Stadium,Western Bulldogs,Adelaide,18,13,13,9,121,87,31,22,0.5806451612903226,0.5909090909090909,34,9,False
3368,2019,23,Round 23,home_and_away,2019-08-25 15:20:00,M.C.G.,Richmond,Brisbane Lions,12,10,8,7,82,55,22,15,0.5454545454545454,0.5333333333333333,27,7,False
3382,2019,23,Round 23,home_and_away,2019-08-25 16:40:00,Adelaide Oval,Port Adelaide,Fremantle,15,20,10,7,110,67,35,17,0.42857142857142855,0.5882352941176471,43,18,False
3387,2019,24,Finals Week 1,elimination_final,2019-09-05 20:10:00,Perth Stadium,West Coast,Essendon,17,14,9,7,116,61,31,16,0.5483870967741935,0.5625,55,15,False
3388,2019,24,Finals Week 1,qualifying_final,2019-09-06 19:50:00,M.C.G.,Geelong,Collingwood,7,9,9,7,51,61,16,16,0.4375,0.5625,-10,0,False
3389,2019,24,Finals Week 1,elimination_final,2019-09-07 15:20:00,Sydney Showground,Greater Western Sydney,Western Bulldogs,16,17,8,7,113,55,33,15,0.48484848484848486,0.5333333333333333,58,18,False
3390,2019,24,Finals Week 1,qualifying_final,2019-09-07 19:25:00,Gabba,Brisbane Lions,Richmond,8,17,18,4,65,112,25,22,0.32,0.8181818181818182,-47,3,False
3967,2019,25,Semi-Finals,semi_final,2019-09-13 19:50:00,M.C.G.,Geelong,West Coast,13,10,10,8,88,68,23,18,0.5652173913043478,0.5555555555555556,20,5,False
3968,2019,25,Semi-Finals,semi_final,2019-09-14 19:25:00,Gabba,Brisbane Lions,Greater Western Sydney,11,14,12,11,80,83,25,23,0.44,0.5217391304347826,-3,2,False
4052,2019,26,Preliminary Finals,preliminary_final,2019-09-20 19:50:00,M.C.G.,Richmond,Geelong,12,13,9,12,85,66,25,21,0.48,0.42857142857142855,19,4,False
4081,2019,26,Preliminary Finals,preliminary_final,2019-09-21 16:35:00,M.C.G.,Collingwood,Greater Western Sydney,7,10,8,8,52,56,17,16,0.4117647058823529,0.5,-4,1,False
4320,2019,27,Grand Final,grand_final,2019-09-28 14:30:00,M.C.G.,Richmond,Greater Western Sydney,17,12,3,7,114,25,29,10,0.5862068965517241,0.3,89,19,False
4396,2020,1,Round 1,home_and_away,2020-03-19 19:40:00,M.C.G.,Richmond,Carlton,16,9,12,9,105,81,25,21,0.64,0.5714285714285714,24,4,False
4397,2020,1,Round 1,home_and_away,2020-03-20 19:50:00,Docklands,Western Bulldogs,Collingwood,5,4,13,8,34,86,9,21,0.5555555555555556,0.6190476190476191,-52,-12,False
4400,2020,1,Round 1,home_and_away,2020-03-21 14:10:00,Docklands,Essendon,Fremantle,9,9,8,9,63,57,18,17,0.5,0.47058823529411764,6,1,False
4401,2020,1,Round 1,home_and_away,2020-03-21 17:05:00,Adelaide Oval,Adelaide,Sydney,11,5,11,8,71,74,16,19,0.6875,0.5789473684210527,-3,-3,False
4403,2020,1,Round 1,home_and_away,2020-03-21 19:40:00,Carrara,Gold Coast,Port Adelaide,4,5,10,16,29,76,9,26,0.4444444444444444,0.38461538461538464,-47,-17,False
4402,2020,1,Round 1,home_and_away,2020-03-21 19:40:00,Sydney Showground,Greater Western Sydney,Geelong,17,3,11,7,105,73,20,18,0.85,0.6111111111111112,32,2,False
4404,2020,1,Round 1,home_and_away,2020-03-22 13:05:00,Docklands,North Melbourne,St Kilda,8,8,7,12,56,54,16,19,0.5,0.3684210526315789,2,-3,False
4412,2020,1,Round 1,home_and_away,2020-03-22 15:35:00,M.C.G.,Hawthorn,Brisbane Lions,14,6,9,8,90,62,20,17,0.7,0.5294117647058824,28,3,False
4413,2020,1,Round 1,home_and_away,2020-03-22 18:40:00,Perth Stadium,West Coast,Melbourne,12,6,7,9,78,51,18,16,0.6666666666666666,0.4375,27,2,False
4744,2020,2,Round 2,home_and_away,2020-06-11 19:40:00,M.C.G.,Collingwood,Richmond,5,6,5,6,36,36,11,11,0.45454545454545453,0.45454545454545453,0,0,True
4745,2020,2,Round 2,home_and_away,2020-06-12 19:50:00,Kardinia Park,Geelong,Hawthorn,17,6,7,5,108,47,23,12,0.7391304347826086,0.5833333333333334,61,11,False
4746,2020,2,Round 2,home_and_away,2020-06-13 13:45:00,Gabba,Brisbane Lions,Fremantle,12,9,10,9,81,69,21,19,0.5714285714285714,0.5263157894736842,12,2,False
4747,2020,2,Round 2,home_and_away,2020-06-13 16:35:00,Docklands,Carlton,Melbourne,7,11,8,6,53,54,18,14,0.3888888888888889,0.5714285714285714,-1,4,False
4748,2020,2,Round 2,home_and_away,2020-06-13 19:40:00,Carrara,Gold Coast,West Coast,14,6,6,10,90,46,20,16,0.7,0.375,44,4,False
4749,2020,2,Round 2,home_and_away,2020-06-13 19:40:00,Adelaide Oval,Port Adelaide,Adelaide,17,8,5,5,110,35,25,10,0.68,0.5,75,15,False
4750,2020,2,Round 2,home_and_away,2020-06-14 13:05:00,Sydney Showground,Greater Western Sydney,North Melbourne,8,12,12,8,60,80,20,20,0.4,0.6,-20,0,False
4751,2020,2,Round 2,home_and_away,2020-06-14 15:35:00,S.C.G.,Sydney,Essendon,11,7,12,7,73,79,18,19,0.6111111111111112,0.631578947368421,-6,-1,False
4752,2020,2,Round 2,home_and_away,2020-06-14 18:05:00,Docklands,St Kilda,Western Bulldogs,14,4,7,7,88,49,18,14,0.7777777777777778,0.5,39,4,False
4753,2020,3,Round 3,home_and_away,2020-06-18 19:40:00,M.C.G.,Richmond,Hawthorn,5,9,11,5,39,71,14,16,0.35714285714285715,0.6875,-32,-2,False
4754,2020,3,Round 3,home_and_away,2020-06-19 19:50:00,Docklands,Western Bulldogs,Greater Western Sydney,8,9,4,9,57,33,17,13,0.47058823529411764,0.3076923076923077,24,4,False
4755,2020,3,Round 3,home_and_away,2020-06-20 13:45:00,Docklands,North Melbourne,Sydney,8,12,10,11,60,71,20,21,0.4,0.47619047619047616,-11,-1,False
4756,2020,3,Round 3,home_and_away,2020-06-20 16:35:00,M.C.G.,Collingwood,St Kilda,12,9,5,7,81,37,21,12,0.5714285714285714,0.4166666666666667,44,9,False
4757,2020,3,Round 3,home_and_away,2020-06-20 19:40:00,Gabba,Brisbane Lions,West Coast,10,14,6,8,74,44,24,14,0.4166666666666667,0.42857142857142855,30,10,False
4758,2020,3,Round 3,home_and_away,2020-06-20 19:40:00,Kardinia Park,Geelong,Carlton,11,11,12,7,77,79,22,19,0.5,0.631578947368421,-2,3,False
4759,2020,3,Round 3,home_and_away,2020-06-21 15:05:00,Carrara,Gold Coast,Adelaide,12,10,4,5,82,29,22,9,0.5454545454545454,0.4444444444444444,53,13,False
4761,2020,3,Round 3,home_and_away,2020-06-21 20:10:00,Carrara,Fremantle,Port Adelaide,6,5,10,10,41,70,11,20,0.5454545454545454,0.5,-29,-9,False
4762,2020,4,Round 4,home_and_away,2020-06-25 19:40:00,S.C.G.,Sydney,Western Bulldogs,5,9,10,7,39,67,14,17,0.35714285714285715,0.5882352941176471,-28,-3,False
4763,2020,4,Round 4,home_and_away,2020-06-26 19:50:00,Sydney Showground,Greater Western Sydney,Collingwood,10,6,9,10,66,64,16,19,0.625,0.47368421052631576,2,-3,False
4764,2020,4,Round 4,home_and_away,2020-06-27 13:45:00,Carrara,Port Adelaide,West Coast,13,11,6,5,89,41,24,11,0.5416666666666666,0.5454545454545454,48,13,False
4765,2020,4,Round 4,home_and_away,2020-06-27 16:35:00,Docklands,St Kilda,Richmond,15,3,10,7,93,67,18,17,0.8333333333333334,0.5882352941176471,26,1,False
4766,2020,4,Round 4,home_and_away,2020-06-27 19:40:00,M.C.G.,Essendon,Carlton,8,3,7,10,51,52,11,17,0.7272727272727273,0.4117647058823529,-1,-6,False
4767,2020,4,Round 4,home_and_away,2020-06-27 19:40:00,Carrara,Gold Coast,Fremantle,10,4,8,3,64,51,14,11,0.7142857142857143,0.7272727272727273,13,3,False
4768,2020,4,Round 4,home_and_away,2020-06-28 13:05:00,Gabba,Brisbane Lions,Adelaide,10,23,7,4,83,46,33,11,0.30303030303030304,0.6363636363636364,37,22,False
4769,2020,4,Round 4,home_and_away,2020-06-28 15:35:00,M.C.G.,Melbourne,Geelong,6,8,7,5,44,47,14,12,0.42857142857142855,0.5833333333333334,-3,2,False
4770,2020,4,Round 4,home_and_away,2020-06-28 18:10:00,Docklands,Hawthorn,North Melbourne,8,10,8,6,58,54,18,14,0.4444444444444444,0.5714285714285714,4,4,False
4773,2020,5,Round 5,home_and_away,2020-07-02 19:40:00,Docklands,Carlton,St Kilda,8,7,11,7,55,73,15,18,0.5333333333333333,0.6111111111111112,-18,-3,False
4772,2020,5,Round 5,home_and_away,2020-07-03 19:50:00,M.C.G.,Collingwood,Essendon,7,6,10,3,48,63,13,13,0.5384615384615384,0.7692307692307693,-15,0,False
5097,2020,5,Round 5,home_and_away,2020-07-04 13:45:00,Carrara,West Coast,Sydney,11,11,6,7,77,43,22,13,0.5,0.46153846153846156,34,9,False
4774,2020,5,Round 5,home_and_away,2020-07-04 16:35:00,Kardinia Park,Geelong,Gold Coast,13,11,8,4,89,52,24,12,0.5416666666666666,0.6666666666666666,37,12,False
4776,2020,5,Round 5,home_and_away,2020-07-04 19:40:00,Gabba,Brisbane Lions,Port Adelaide,12,13,6,12,85,48,25,18,0.48,0.3333333333333333,37,7,False
4775,2020,5,Round 5,home_and_away,2020-07-04 19:40:00,Docklands,Western Bulldogs,North Melbourne,13,9,5,8,87,38,22,13,0.5909090909090909,0.38461538461538464,49,9,False
4777,2020,5,Round 5,home_and_away,2020-07-05 13:05:00,Carrara,Adelaide,Fremantle,4,10,8,6,34,54,14,14,0.2857142857142857,0.5714285714285714,-20,0,False
5098,2020,5,Round 5,home_and_away,2020-07-05 15:35:00,M.C.G.,Melbourne,Richmond,8,4,12,7,52,79,12,19,0.6666666666666666,0.631578947368421,-27,-7,False
4779,2020,5,Round 5,home_and_away,2020-07-05 18:10:00,Sydney Showground,Greater Western Sydney,Hawthorn,13,5,7,7,83,49,18,14,0.7222222222222222,0.5,34,4,False
5190,2020,6,Round 6,home_and_away,2020-07-09 19:40:00,S.C.G.,Geelong,Brisbane Lions,11,7,6,10,73,46,18,16,0.6111111111111112,0.375,27,2,False
5191,2020,6,Round 6,home_and_away,2020-07-10 19:50:00,Sydney Showground,Collingwood,Hawthorn,8,11,3,9,59,27,19,12,0.42105263157894735,0.25,32,7,False
5192,2020,6,Round 6,home_and_away,2020-07-11 12:35:00,Carrara,Fremantle,St Kilda,12,7,11,7,79,73,19,18,0.631578947368421,0.6111111111111112,6,1,False
5193,2020,6,Round 6,home_and_away,2020-07-11 15:05:00,Gabba,West Coast,Adelaide,10,7,5,4,67,34,17,9,0.5882352941176471,0.5555555555555556,33,8,False
5194,2020,6,Round 6,home_and_away,2020-07-11 18:05:00,Sydney Showground,Melbourne,Gold Coast,12,8,9,9,80,63,20,18,0.6,0.5,17,2,False
5195,2020,6,Round 6,home_and_away,2020-07-11 19:40:00,Carrara,Essendon,North Melbourne,9,13,7,11,67,53,22,18,0.4090909090909091,0.3888888888888889,14,4,False
5196,2020,6,Round 6,home_and_away,2020-07-12 13:05:00,Carrara,Port Adelaide,Greater Western Sydney,9,9,6,10,63,46,18,16,0.5,0.375,17,2,False
5197,2020,6,Round 6,home_and_away,2020-07-12 15:35:00,Gabba,Richmond,Sydney,4,10,3,8,34,26,14,11,0.2857142857142857,0.2727272727272727,8,3,False
5198,2020,6,Round 6,home_and_away,2020-07-12 18:45:00,Carrara,Carlton,Western Bulldogs,16,7,7,9,103,51,23,16,0.6956521739130435,0.4375,52,7,False
5199,2020,7,Round 7,home_and_away,2020-07-16 20:10:00,Perth Stadium,Geelong,Collingwood,5,5,8,9,35,57,10,17,0.5,0.47058823529411764,-22,-7,False
5200,2020,7,Round 7,home_and_away,2020-07-17 19:50:00,Carrara,Essendon,Western Bulldogs,7,9,14,9,51,93,16,23,0.4375,0.6086956521739131,-42,-7,False
5201,2020,7,Round 7,home_and_away,2020-07-18 13:45:00,Sydney Showground,Greater Western Sydney,Brisbane Lions,10,8,13,10,68,88,18,23,0.5555555555555556,0.5652173913043478,-20,-5,False
5202,2020,7,Round 7,home_and_away,2020-07-18 16:35:00,S.C.G.,Sydney,Gold Coast,9,6,13,14,60,92,15,27,0.6,0.48148148148148145,-32,-12,False
5203,2020,7,Round 7,home_and_away,2020-07-18 19:40:00,Carrara,Richmond,North Melbourne,11,11,2,11,77,23,22,13,0.5,0.15384615384615385,54,9,False
5204,2020,7,Round 7,home_and_away,2020-07-19 13:05:00,Gabba,Carlton,Port Adelaide,9,7,9,10,61,64,16,19,0.5625,0.47368421052631576,-3,-3,False
5205,2020,7,Round 7,home_and_away,2020-07-19 15:35:00,Sydney Showground,Hawthorn,Melbourne,7,6,14,7,48,91,13,21,0.5384615384615384,0.6666666666666666,-43,-8,False
5206,2020,7,Round 7,home_and_away,2020-07-19 18:35:00,Perth Stadium,Fremantle,West Coast,5,2,9,8,32,62,7,17,0.7142857142857143,0.5294117647058824,-30,-10,False
5207,2020,7,Round 7,home_and_away,2020-07-20 19:40:00,Adelaide Oval,Adelaide,St Kilda,8,7,12,6,55,78,15,18,0.5333333333333333,0.6666666666666666,-23,-3,False
5299,2020,8,Round 8,home_and_away,2020-07-23 19:40:00,Carrara,Gold Coast,Western Bulldogs,6,10,7,9,46,51,16,16,0.375,0.4375,-5,0,False
5300,2020,8,Round 8,home_and_away,2020-07-24 19:50:00,Sydney Showground,Greater Western Sydney,Richmond,9,8,6,14,62,50,17,20,0.5294117647058824,0.3,12,-3,False
5301,2020,8,Round 8,home_and_away,2020-07-25 13:05:00,Gabba,North Melbourne,Carlton,9,3,9,10,57,64,12,19,0.75,0.47368421052631576,-7,-7,False
5302,2020,8,Round 8,home_and_away,2020-07-25 15:35:00,S.C.G.,Sydney,Hawthorn,9,6,7,11,60,53,15,18,0.6,0.3888888888888889,7,-3,False
5303,2020,8,Round 8,home_and_away,2020-07-25 19:40:00,Adelaide Oval,Port Adelaide,St Kilda,6,8,12,1,44,73,14,13,0.42857142857142855,0.9230769230769231,-29,1,False
5304,2020,8,Round 8,home_and_away,2020-07-26 13:05:00,Adelaide Oval,Adelaide,Essendon,8,11,9,8,59,62,19,17,0.42105263157894735,0.5294117647058824,-3,2,False
5305,2020,8,Round 8,home_and_away,2020-07-26 15:35:00,Perth Stadium,West Coast,Collingwood,18,3,6,9,111,45,21,15,0.8571428571428571,0.4,66,6,False
5306,2020,8,Round 8,home_and_away,2020-07-26 18:10:00,Carrara,Melbourne,Brisbane Lions,7,7,7,11,49,53,14,18,0.5,0.3888888888888889,-4,-4,False
5307,2020,8,Round 8,home_and_away,2020-07-27 20:10:00,Perth Stadium,Fremantle,Geelong,2,4,6,12,16,48,6,18,0.3333333333333333,0.3333333333333333,-32,-12,False
5390,2020,9,Round 9,home_and_away,2020-07-29 19:10:00,Carrara,Western Bulldogs,Richmond,7,7,13,12,49,90,14,25,0.5,0.52,-41,-11,False
5392,2020,9,Round 9,home_and_away,2020-07-30 19:50:00,Gabba,Melbourne,Port Adelaide,4,8,12,11,32,83,12,23,0.3333333333333333,0.5217391304347826,-51,-11,False
5391,2020,9,Round 9,home_and_away,2020-07-31 17:40:00,Perth Stadium,Carlton,Hawthorn,9,4,14,5,58,89,13,19,0.6923076923076923,0.7368421052631579,-31,-6,False
5393,2020,9,Round 9,home_and_away,2020-07-31 20:10:00,Carrara,Essendon,Brisbane Lions,3,10,14,7,28,91,13,21,0.23076923076923078,0.6666666666666666,-63,-8,False
5394,2020,9,Round 9,home_and_away,2020-08-01 14:35:00,Carrara,North Melbourne,Adelaide,19,5,7,8,119,50,24,15,0.7916666666666666,0.4666666666666667,69,9,False
5395,2020,9,Round 9,home_and_away,2020-08-01 17:10:00,Gabba,St Kilda,Sydney,15,11,6,12,101,48,26,18,0.5769230769230769,0.3333333333333333,53,8,False
5396,2020,9,Round 9,home_and_away,2020-08-01 20:10:00,Perth Stadium,West Coast,Geelong,11,7,10,4,73,64,18,14,0.6111111111111112,0.7142857142857143,9,4,False
5397,2020,9,Round 9,home_and_away,2020-08-02 15:35:00,Carrara,Gold Coast,Greater Western Sydney,4,11,9,7,35,61,15,16,0.26666666666666666,0.5625,-26,-1,False
5398,2020,9,Round 9,home_and_away,2020-08-02 18:10:00,Perth Stadium,Fremantle,Collingwood,10,1,7,7,61,49,11,14,0.9090909090909091,0.5,12,-3,False
5399,2020,10,Round 10,home_and_away,2020-08-03 19:10:00,Adelaide Oval,Port Adelaide,Western Bulldogs,8,7,5,12,55,42,15,17,0.5333333333333333,0.29411764705882354,13,-2,False
5400,2020,10,Round 10,home_and_away,2020-08-04 19:10:00,Carrara,Richmond,Brisbane Lions,12,10,4,17,82,41,22,21,0.5454545454545454,0.19047619047619047,41,1,False
5401,2020,10,Round 10,home_and_away,2020-08-05 17:40:00,Gabba,Geelong,North Melbourne,13,12,9,3,90,57,25,12,0.52,0.75,33,13,False
5402,2020,10,Round 10,home_and_away,2020-08-05 20:10:00,Adelaide Oval,Adelaide,Melbourne,5,7,13,10,37,88,12,23,0.4166666666666667,0.5652173913043478,-51,-11,False
5403,2020,10,Round 10,home_and_away,2020-08-06 17:40:00,Gabba,Collingwood,Sydney,6,14,6,5,50,41,20,11,0.3,0.5454545454545454,9,9,False
5404,2020,10,Round 10,home_and_away,2020-08-06 20:10:00,Carrara,Gold Coast,St Kilda,11,8,12,6,74,78,19,18,0.5789473684210527,0.6666666666666666,-4,1,False
5405,2020,10,Round 10,home_and_away,2020-08-07 19:50:00,Carrara,Essendon,Greater Western Sydney,8,7,8,11,55,59,15,19,0.5333333333333333,0.42105263157894735,-4,-4,False
5406,2020,11,Round 11,home_and_away,2020-08-08 16:35:00,Adelaide Oval,Port Adelaide,Richmond,13,15,11,6,93,72,28,17,0.4642857142857143,0.6470588235294118,21,11,False
5407,2020,11,Round 11,home_and_away,2020-08-08 19:40:00,Gabba,Brisbane Lions,Western Bulldogs,14,12,11,6,96,72,26,17,0.5384615384615384,0.6470588235294118,24,9,False
5408,2020,11,Round 11,home_and_away,2020-08-09 15:35:00,Perth Stadium,West Coast,Carlton,11,6,7,8,72,50,17,15,0.6470588235294118,0.4666666666666667,22,2,False
5409,2020,11,Round 11,home_and_away,2020-08-09 18:10:00,Adelaide Oval,Melbourne,North Melbourne,13,14,5,5,92,35,27,10,0.48148148148148145,0.5,57,17,False
5410,2020,11,Round 11,home_and_away,2020-08-10 18:10:00,Gabba,St Kilda,Geelong,4,10,14,9,34,93,14,23,0.2857142857142857,0.6086956521739131,-59,-9,False
5411,2020,11,Round 11,home_and_away,2020-08-10 20:40:00,Perth Stadium,Fremantle,Hawthorn,7,6,4,8,48,32,13,12,0.5384615384615384,0.3333333333333333,16,1,False
5412,2020,11,Round 11,home_and_away,2020-08-11 18:35:00,Adelaide Oval,Adelaide,Collingwood,5,8,10,2,38,62,13,12,0.38461538461538464,0.8333333333333334,-24,1,False
5413,2020,11,Round 11,home_and_away,2020-08-12 19:10:00,Carrara,Gold Coast,Essendon,11,7,11,7,73,73,18,18,0.6111111111111112,0.6111111111111112,0,0,True
5414,2020,12,Round 12,home_and_away,2020-08-13 20:10:00,Perth Stadium,Sydney,Greater Western Sydney,10,6,3,7,66,25,16,10,0.625,0.3,41,6,False
5415,2020,12,Round 12,home_and_away,2020-08-14 19:50:00,Carrara,Geelong,Port Adelaide,14,7,4,7,91,31,21,11,0.6666666666666666,0.36363636363636365,60,10,False
5416,2020,12,Round 12,home_and_away,2020-08-15 14:35:00,Carrara,North Melbourne,Brisbane Lions,8,4,7,11,52,53,12,18,0.6666666666666666,0.3888888888888889,-1,-6,False
5417,2020,12,Round 12,home_and_away,2020-08-15 17:10:00,Gabba,Melbourne,Collingwood,16,4,6,8,100,44,20,14,0.8,0.42857142857142855,56,6,False
5418,2020,12,Round 12,home_and_away,2020-08-15 20:10:00,Perth Stadium,Fremantle,Carlton,5,6,5,10,36,40,11,15,0.45454545454545453,0.3333333333333333,-4,-4,False
5419,2020,12,Round 12,home_and_away,2020-08-16 13:05:00,Carrara,Western Bulldogs,Adelaide,16,15,8,6,111,54,31,14,0.5161290322580645,0.5714285714285714,57,17,False
5420,2020,12,Round 12,home_and_away,2020-08-16 15:35:00,Gabba,St Kilda,Essendon,10,8,5,3,68,33,18,8,0.5555555555555556,0.625,35,10,False
5421,2020,12,Round 12,home_and_away,2020-08-16 18:10:00,Perth Stadium,West Coast,Hawthorn,12,9,7,7,81,49,21,14,0.5714285714285714,0.5,32,7,False
5422,2020,12,Round 12,home_and_away,2020-08-17 19:10:00,Gabba,Richmond,Gold Coast,8,5,4,8,53,32,13,12,0.6153846153846154,0.3333333333333333,21,1,False
5472,2020,13,Round 13,home_and_away,2020-08-21 19:50:00,Marrara Oval,Gold Coast,Carlton,4,3,7,18,27,60,7,25,0.5714285714285714,0.28,-33,-18,False
5473,2020,13,Round 13,home_and_away,2020-08-22 13:45:00,Carrara,Western Bulldogs,Melbourne,12,8,7,10,80,52,20,17,0.6,0.4117647058823529,28,3,False
5474,2020,13,Round 13,home_and_away,2020-08-22 16:35:00,Adelaide Oval,Port Adelaide,Hawthorn,9,14,9,4,68,58,23,13,0.391304347826087,0.6923076923076923,10,10,False
5475,2020,13,Round 13,home_and_away,2020-08-22 19:45:00,Marrara Oval,Essendon,Richmond,10,1,10,13,61,73,11,23,0.9090909090909091,0.43478260869565216,-12,-12,False
5476,2020,13,Round 13,home_and_away,2020-08-22 20:10:00,Perth Stadium,Fremantle,Sydney,7,8,2,7,50,19,15,9,0.4666666666666667,0.2222222222222222,31,6,False
5477,2020,13,Round 13,home_and_away,2020-08-23 13:05:00,Adelaide Oval,Adelaide,Geelong,5,7,9,11,37,65,12,20,0.4166666666666667,0.45,-28,-8,False
5478,2020,13,Round 13,home_and_away,2020-08-23 15:35:00,Gabba,Brisbane Lions,St Kilda,6,14,7,6,50,48,20,13,0.3,0.5384615384615384,2,7,False
5479,2020,13,Round 13,home_and_away,2020-08-23 18:10:00,Perth Stadium,West Coast,Greater Western Sydney,9,7,7,7,61,49,16,14,0.5625,0.5,12,2,False
5480,2020,13,Round 13,home_and_away,2020-08-24 19:10:00,Gabba,Collingwood,North Melbourne,10,5,5,5,65,35,15,10,0.6666666666666666,0.5,30,5,False
5561,2020,14,Round 14,home_and_away,2020-08-27 16:40:00,Adelaide Oval,Hawthorn,Essendon,10,11,13,9,71,87,21,22,0.47619047619047616,0.5909090909090909,-16,-1,False
5562,2020,14,Round 14,home_and_away,2020-08-27 19:10:00,Carrara,Richmond,West Coast,14,4,9,7,88,61,18,16,0.7777777777777778,0.5625,27,2,False
5563,2020,14,Round 14,home_and_away,2020-08-28 19:50:00,Carrara,Western Bulldogs,Geelong,9,7,10,12,61,72,16,22,0.5625,0.45454545454545453,-11,-6,False
5564,2020,14,Round 14,home_and_away,2020-08-29 13:45:00,Adelaide Oval,Port Adelaide,Sydney,11,7,7,5,73,47,18,12,0.6111111111111112,0.5833333333333334,26,6,False
5565,2020,14,Round 14,home_and_away,2020-08-29 16:35:00,Perth Stadium,Fremantle,Greater Western Sydney,8,5,14,7,53,91,13,21,0.6153846153846154,0.6666666666666666,-38,-8,False
5566,2020,14,Round 14,home_and_away,2020-08-29 19:40:00,Traeger Park,Melbourne,St Kilda,8,4,7,7,52,49,12,14,0.6666666666666666,0.5,3,-2,False
5567,2020,14,Round 14,home_and_away,2020-08-30 15:35:00,Gabba,Carlton,Collingwood,7,6,10,12,48,72,13,22,0.5384615384615384,0.45454545454545453,-24,-9,False
5568,2020,14,Round 14,home_and_away,2020-08-30 18:10:00,Carrara,Gold Coast,North Melbourne,12,19,4,4,91,28,31,8,0.3870967741935484,0.5,63,23,False
5569,2020,15,Round 15,home_and_away,2020-09-01 17:40:00,Adelaide Oval,Hawthorn,Adelaide,7,6,12,11,48,83,13,23,0.5384615384615384,0.5217391304347826,-35,-10,False
5570,2020,15,Round 15,home_and_away,2020-09-01 20:10:00,Gabba,West Coast,Essendon,9,6,6,9,60,45,15,15,0.6,0.4,15,0,False
5571,2020,15,Round 15,home_and_away,2020-09-02 19:10:00,Carrara,Richmond,Fremantle,8,8,4,5,56,29,16,9,0.5,0.4444444444444444,27,7,False
5572,2020,15,Round 15,home_and_away,2020-09-03 16:40:00,Cazaly's Stadium,Sydney,Melbourne,10,7,6,10,67,46,17,16,0.5882352941176471,0.375,21,1,False
5573,2020,15,Round 15,home_and_away,2020-09-03 19:10:00,Carrara,Greater Western Sydney,Carlton,6,12,5,9,48,39,18,14,0.3333333333333333,0.35714285714285715,9,4,False
5574,2020,15,Round 15,home_and_away,2020-09-04 19:50:00,Gabba,Brisbane Lions,Collingwood,6,6,5,4,42,34,12,9,0.5,0.5555555555555556,8,3,False
5575,2020,16,Round 16,home_and_away,2020-09-05 19:40:00,Carrara,North Melbourne,Port Adelaide,6,6,11,12,42,78,12,23,0.5,0.4782608695652174,-36,-11,False
5576,2020,16,Round 16,home_and_away,2020-09-06 13:05:00,Carrara,St Kilda,Hawthorn,11,14,9,12,80,66,25,21,0.44,0.42857142857142855,14,4,False
5577,2020,16,Round 16,home_and_away,2020-09-06 15:35:00,Gabba,Geelong,Essendon,17,6,5,12,108,42,23,17,0.7391304347826086,0.29411764705882354,66,6,False
5578,2020,16,Round 16,home_and_away,2020-09-06 18:10:00,Carrara,Western Bulldogs,West Coast,6,13,7,5,49,47,19,12,0.3157894736842105,0.5833333333333334,2,7,False
5579,2020,16,Round 16,home_and_away,2020-09-07 19:10:00,Cazaly's Stadium,Melbourne,Fremantle,4,9,6,11,33,47,13,17,0.3076923076923077,0.35294117647058826,-14,-4,False
5580,2020,16,Round 16,home_and_away,2020-09-08 17:40:00,Adelaide Oval,Adelaide,Greater Western Sydney,8,11,7,5,59,47,19,12,0.42105263157894735,0.5833333333333334,12,7,False
5581,2020,16,Round 16,home_and_away,2020-09-08 20:10:00,Carrara,Carlton,Sydney,8,9,8,4,57,52,17,12,0.47058823529411764,0.6666666666666666,5,5,False
5582,2020,16,Round 16,home_and_away,2020-09-09 19:10:00,Gabba,Brisbane Lions,Gold Coast,13,10,6,7,88,43,23,13,0.5652173913043478,0.46153846153846156,45,10,False
5583,2020,17,Round 17,home_and_away,2020-09-10 19:10:00,Gabba,St Kilda,West Coast,6,14,9,11,50,65,20,20,0.3,0.45,-15,0,False
5584,2020,17,Round 17,home_and_away,2020-09-11 19:50:00,Carrara,Geelong,Richmond,4,7,7,15,31,57,11,22,0.36363636363636365,0.3181818181818182,-26,-11,False
5585,2020,17,Round 17,home_and_away,2020-09-12 14:10:00,Carrara,North Melbourne,Fremantle,5,5,15,9,35,99,10,24,0.5,0.625,-64,-14,False
5586,2020,17,Round 17,home_and_away,2020-09-12 17:05:00,Adelaide Oval,Port Adelaide,Essendon,11,13,4,5,79,29,24,9,0.4583333333333333,0.4444444444444444,50,15,False
5587,2020,17,Round 17,home_and_away,2020-09-12 19:40:00,Gabba,Greater Western Sydney,Melbourne,11,8,12,7,74,79,19,19,0.5789473684210527,0.631578947368421,-5,0,False
5588,2020,17,Round 17,home_and_away,2020-09-13 13:05:00,Carrara,Carlton,Adelaide,8,8,10,12,56,72,16,22,0.5,0.45454545454545453,-16,-6,False
5589,2020,17,Round 17,home_and_away,2020-09-13 15:35:00,Adelaide Oval,Hawthorn,Western Bulldogs,6,4,11,10,40,76,10,21,0.6,0.5238095238095238,-36,-11,False
5590,2020,17,Round 17,home_and_away,2020-09-13 18:10:00,Cazaly's Stadium,Sydney,Brisbane Lions,6,5,11,7,41,73,11,18,0.5454545454545454,0.6111111111111112,-32,-7,False
5591,2020,17,Round 17,home_and_away,2020-09-14 19:10:00,Gabba,Collingwood,Gold Coast,10,8,6,10,68,46,18,16,0.5555555555555556,0.375,22,2,False
5598,2020,18,Round 18,home_and_away,2020-09-17 19:10:00,Carrara,North Melbourne,West Coast,4,10,7,7,34,49,14,14,0.2857142857142857,0.5,-15,0,False
5599,2020,18,Round 18,home_and_away,2020-09-18 19:50:00,Gabba,St Kilda,Greater Western Sydney,12,10,3,12,82,30,22,15,0.5454545454545454,0.2,52,7,False
5595,2020,18,Round 18,home_and_away,2020-09-19 14:10:00,Carrara,Essendon,Melbourne,7,7,10,8,49,68,14,18,0.5,0.5555555555555556,-19,-4,False
5592,2020,18,Round 18,home_and_away,2020-09-19 17:10:00,Adelaide Oval,Adelaide,Richmond,4,9,12,5,33,77,13,17,0.3076923076923077,0.7058823529411765,-44,-4,False
5593,2020,18,Round 18,home_and_away,2020-09-19 19:40:00,Gabba,Brisbane Lions,Carlton,11,12,10,1,78,61,23,11,0.4782608695652174,0.9090909090909091,17,12,False
5597,2020,18,Round 18,home_and_away,2020-09-20 13:05:00,Adelaide Oval,Hawthorn,Gold Coast,17,6,8,9,108,57,23,17,0.7391304347826086,0.47058823529411764,51,6,False
5600,2020,18,Round 18,home_and_away,2020-09-20 15:35:00,Carrara,Sydney,Geelong,9,9,10,9,63,69,18,19,0.5,0.5263157894736842,-6,-1,False
5596,2020,18,Round 18,home_and_away,2020-09-20 18:10:00,Cazaly's Stadium,Fremantle,Western Bulldogs,6,8,11,8,44,74,14,19,0.42857142857142855,0.5789473684210527,-30,-5,False
5594,2020,18,Round 18,home_and_away,2020-09-21 19:15:00,Gabba,Collingwood,Port Adelaide,7,3,9,7,45,61,10,16,0.7,0.5625,-16,-6,False
5754,2020,19,Finals Week 1,qualifying_final,2020-10-01 19:40:00,Adelaide Oval,Port Adelaide,Geelong,9,4,5,12,58,42,13,17,0.6923076923076923,0.29411764705882354,16,-4,False
5755,2020,19,Finals Week 1,qualifying_final,2020-10-02 19:50:00,Gabba,Brisbane Lions,Richmond,10,9,8,6,69,54,19,14,0.5263157894736842,0.5714285714285714,15,5,False
5756,2020,19,Finals Week 1,elimination_final,2020-10-03 16:40:00,Gabba,St Kilda,Western Bulldogs,10,7,9,10,67,64,17,19,0.5882352941176471,0.47368421052631576,3,-2,False
5757,2020,19,Finals Week 1,elimination_final,2020-10-03 20:10:00,Perth Stadium,West Coast,Collingwood,11,9,12,4,75,76,20,16,0.55,0.75,-1,4,False
5915,2020,20,Semi-Finals,semi_final,2020-10-09 19:50:00,Carrara,Richmond,St Kilda,12,8,6,13,80,49,20,19,0.6,0.3157894736842105,31,1,False
5916,2020,20,Semi-Finals,semi_final,2020-10-10 19:40:00,Gabba,Geelong,Collingwood,15,10,5,2,100,32,25,7,0.6,0.7142857142857143,68,18,False
6076,2020,21,Preliminary Finals,preliminary_final,2020-10-16 19:50:00,Adelaide Oval,Port Adelaide,Richmond,6,4,6,10,40,46,10,16,0.6,0.375,-6,-6,False
6077,2020,21,Preliminary Finals,preliminary_final,2020-10-17 19:40:00,Gabba,Brisbane Lions,Geelong,6,6,11,16,42,82,12,27,0.5,0.4074074074074074,-40,-15,False
6239,2020,22,Grand Final,grand_final,2020-10-24 19:30:00,Gabba,Richmond,Geelong,12,9,7,8,81,50,21,15,0.5714285714285714,0.4666666666666667,31,6,False
6240,2021,1,Round 1,home_and_away,2021-03-18 19:25:00,M.C.G.,Richmond,Carlton,15,15,11,14,105,80,30,25,0.5,0.44,25,5,False
6241,2021,1,Round 1,home_and_away,2021-03-19 19:50:00,M.C.G.,Collingwood,Western Bulldogs,7,11,10,9,53,69,18,19,0.3888888888888889,0.5263157894736842,-16,-1,False
6242,2021,1,Round 1,home_and_away,2021-03-20 13:45:00,M.C.G.,Melbourne,Fremantle,11,14,8,10,80,58,25,18,0.44,0.4444444444444444,22,7,False
6243,2021,1,Round 1,home_and_away,2021-03-20 16:35:00,Adelaide Oval,Adelaide,Geelong,15,13,13,13,103,91,28,26,0.5357142857142857,0.5,12,2,False
6244,2021,1,Round 1,home_and_away,2021-03-20 19:25:00,Docklands,Essendon,Hawthorn,13,13,14,8,91,92,26,22,0.5,0.6363636363636364,-1,4,False
6245,2021,1,Round 1,home_and_away,2021-03-20 19:45:00,Gabba,Brisbane Lions,Sydney,14,10,19,11,94,125,24,30,0.5833333333333334,0.6333333333333333,-31,-6,False
6246,2021,1,Round 1,home_and_away,2021-03-21 13:10:00,Docklands,North Melbourne,Port Adelaide,9,11,17,15,65,117,20,32,0.45,0.53125,-52,-12,False
6247,2021,1,Round 1,home_and_away,2021-03-21 15:20:00,Sydney Showground,Greater Western Sydney,St Kilda,11,12,13,8,78,86,23,21,0.4782608695652174,0.6190476190476191,-8,2,False
6248,2021,1,Round 1,home_and_away,2021-03-21 18:10:00,Perth Stadium,West Coast,Gold Coast,12,11,8,10,83,58,23,18,0.5217391304347826,0.4444444444444444,25,5,False
6249,2021,2,Round 2,home_and_away,2021-03-25 19:20:00,M.C.G.,Carlton,Collingwood,13,7,16,10,85,106,20,26,0.65,0.6153846153846154,-21,-6,False
6250,2021,2,Round 2,home_and_away,2021-03-26 19:50:00,Kardinia Park,Geelong,Brisbane Lions,12,9,11,14,81,80,21,25,0.5714285714285714,0.44,1,-4,False
6251,2021,2,Round 2,home_and_away,2021-03-27 13:45:00,S.C.G.,Sydney,Adelaide,18,13,11,22,121,88,31,33,0.5806451612903226,0.3333333333333333,33,-2,False
6252,2021,2,Round 2,home_and_away,2021-03-27 16:35:00,Adelaide Oval,Port Adelaide,Essendon,18,11,9,11,119,65,29,20,0.6206896551724138,0.45,54,9,False
6253,2021,2,Round 2,home_and_away,2021-03-27 19:25:00,Docklands,St Kilda,Melbourne,11,7,12,19,73,91,18,31,0.6111111111111112,0.3870967741935484,-18,-13,False
6254,2021,2,Round 2,home_and_away,2021-03-27 20:10:00,Carrara,Gold Coast,North Melbourne,14,14,5,9,98,39,28,14,0.5,0.35714285714285715,59,14,False
6255,2021,2,Round 2,home_and_away,2021-03-28 13:10:00,M.C.G.,Hawthorn,Richmond,7,7,11,12,49,78,14,23,0.5,0.4782608695652174,-29,-9,False
6256,2021,2,Round 2,home_and_away,2021-03-28 15:20:00,Docklands,Western Bulldogs,West Coast,14,16,14,9,100,93,30,23,0.4666666666666667,0.6086956521739131,7,7,False
6257,2021,2,Round 2,home_and_away,2021-03-28 18:10:00,Perth Stadium,Fremantle,Greater Western Sydney,11,21,7,14,87,56,32,21,0.34375,0.3333333333333333,31,11,False
6258,2021,3,Round 3,home_and_away,2021-04-01 19:40:00,Docklands,Collingwood,Brisbane Lions,11,6,11,7,72,73,17,18,0.6470588235294118,0.6111111111111112,-1,-1,False
6259,2021,3,Round 3,home_and_away,2021-04-02 16:20:00,Docklands,North Melbourne,Western Bulldogs,5,9,25,17,39,167,14,42,0.35714285714285715,0.5952380952380952,-128,-28,False
6260,2021,3,Round 3,home_and_away,2021-04-02 19:50:00,Adelaide Oval,Adelaide,Gold Coast,14,11,12,13,95,85,25,25,0.56,0.48,10,0,False
6261,2021,3,Round 3,home_and_away,2021-04-03 13:45:00,M.C.G.,Richmond,Sydney,10,12,17,15,72,117,22,32,0.45454545454545453,0.53125,-45,-10,False
6262,2021,3,Round 3,home_and_away,2021-04-03 16:35:00,Docklands,Essendon,St Kilda,22,11,9,14,143,68,33,23,0.6666666666666666,0.391304347826087,75,10,False
6263,2021,3,Round 3,home_and_away,2021-04-03 20:10:00,Perth Stadium,West Coast,Port Adelaide,16,12,11,5,108,71,28,16,0.5714285714285714,0.6875,37,12,False
6264,2021,3,Round 3,home_and_away,2021-04-04 15:20:00,Docklands,Carlton,Fremantle,16,13,9,10,109,64,29,19,0.5517241379310345,0.47368421052631576,45,10,False
6265,2021,3,Round 3,home_and_away,2021-04-04 18:10:00,Manuka Oval,Greater Western Sydney,Melbourne,11,2,15,12,68,102,13,27,0.8461538461538461,0.5555555555555556,-34,-14,False
6266,2021,3,Round 3,home_and_away,2021-04-05 15:20:00,M.C.G.,Geelong,Hawthorn,10,9,9,10,69,64,19,19,0.5263157894736842,0.47368421052631576,5,0,False
6267,2021,4,Round 4,home_and_away,2021-04-08 19:20:00,S.C.G.,Sydney,Essendon,11,17,12,8,83,80,28,20,0.39285714285714285,0.6,3,8,False
6268,2021,4,Round 4,home_and_away,2021-04-09 19:50:00,Adelaide Oval,Port Adelaide,Richmond,11,13,11,11,79,77,24,22,0.4583333333333333,0.5,2,2,False
6269,2021,4,Round 4,home_and_away,2021-04-10 13:35:00,Eureka Stadium,Western Bulldogs,Brisbane Lions,10,13,8,6,73,54,23,14,0.43478260869565216,0.5714285714285714,19,9,False
6270,2021,4,Round 4,home_and_away,2021-04-10 16:35:00,Docklands,St Kilda,West Coast,15,12,13,4,102,82,27,17,0.5555555555555556,0.7647058823529411,20,10,False
6272,2021,4,Round 4,home_and_away,2021-04-10 19:25:00,M.C.G.,Collingwood,Greater Western Sydney,9,6,14,6,60,90,15,20,0.6,0.7,-30,-5,False
6271,2021,4,Round 4,home_and_away,2021-04-10 19:25:00,Carrara,Gold Coast,Carlton,8,11,9,16,59,70,19,25,0.42105263157894735,0.36,-11,-6,False
6273,2021,4,Round 4,home_and_away,2021-04-11 13:10:00,Docklands,North Melbourne,Adelaide,10,8,16,13,68,109,18,29,0.5555555555555556,0.5517241379310345,-41,-11,False
6274,2021,4,Round 4,home_and_away,2021-04-11 15:20:00,M.C.G.,Melbourne,Geelong,12,13,9,6,85,60,25,15,0.48,0.6,25,10,False
6275,2021,4,Round 4,home_and_away,2021-04-11 16:40:00,Perth Stadium,Fremantle,Hawthorn,13,18,12,9,96,81,31,21,0.41935483870967744,0.5714285714285714,15,10,False
6276,2021,5,Round 5,home_and_away,2021-04-15 19:20:00,Docklands,St Kilda,Richmond,7,6,20,14,48,134,13,34,0.5384615384615384,0.5882352941176471,-86,-21,False
6277,2021,5,Round 5,home_and_away,2021-04-16 20:10:00,Perth Stadium,West Coast,Collingwood,16,7,11,10,103,76,23,21,0.6956521739130435,0.5238095238095238,27,2,False
6279,2021,5,Round 5,home_and_away,2021-04-17 16:35:00,S.C.G.,Sydney,Greater Western Sydney,10,9,9,17,69,71,19,26,0.5263157894736842,0.34615384615384615,-2,-7,False
6278,2021,5,Round 5,home_and_away,2021-04-17 16:35:00,Docklands,Western Bulldogs,Gold Coast,17,16,8,8,118,56,33,16,0.5151515151515151,0.5,62,17,False
6281,2021,5,Round 5,home_and_away,2021-04-17 19:25:00,Gabba,Brisbane Lions,Essendon,15,12,6,9,102,45,27,15,0.5555555555555556,0.4,57,12,False
6280,2021,5,Round 5,home_and_away,2021-04-17 19:25:00,M.C.G.,Carlton,Port Adelaide,9,14,15,6,68,96,23,21,0.391304347826087,0.7142857142857143,-28,2,False
6282,2021,5,Round 5,home_and_away,2021-04-18 13:10:00,Adelaide Oval,Adelaide,Fremantle,11,6,12,12,72,84,17,24,0.6470588235294118,0.5,-12,-7,False
6283,2021,5,Round 5,home_and_away,2021-04-18 15:20:00,M.C.G.,Hawthorn,Melbourne,8,6,15,14,54,104,14,29,0.5714285714285714,0.5172413793103449,-50,-15,False
6284,2021,5,Round 5,home_and_away,2021-04-18 16:40:00,Kardinia Park,Geelong,North Melbourne,10,17,7,5,77,47,27,12,0.37037037037037035,0.5833333333333334,30,15,False
6285,2021,6,Round 6,home_and_away,2021-04-23 19:50:00,Manuka Oval,Greater Western Sydney,Western Bulldogs,9,11,15,14,65,104,20,29,0.45,0.5172413793103449,-39,-9,False
6286,2021,6,Round 6,home_and_away,2021-04-24 13:45:00,Kardinia Park,Geelong,West Coast,21,10,5,9,136,39,31,14,0.6774193548387096,0.35714285714285715,97,17,False
6287,2021,6,Round 6,home_and_away,2021-04-24 13:45:00,Carrara,Gold Coast,Sydney,15,10,9,6,100,60,25,15,0.6,0.6,40,10,False
6288,2021,6,Round 6,home_and_away,2021-04-24 16:35:00,Docklands,Carlton,Brisbane Lions,12,13,15,13,85,103,25,28,0.48,0.5357142857142857,-18,-3,False
6289,2021,6,Round 6,home_and_away,2021-04-24 19:25:00,M.C.G.,Melbourne,Richmond,12,10,6,12,82,48,22,18,0.5454545454545454,0.3333333333333333,34,4,False
6290,2021,6,Round 6,home_and_away,2021-04-24 20:15:00,Perth Stadium,Fremantle,North Melbourne,14,15,6,12,99,48,29,18,0.4827586206896552,0.3333333333333333,51,11,False
6291,2021,6,Round 6,home_and_away,2021-04-25 12:30:00,York Park,Hawthorn,Adelaide,15,12,16,3,102,99,27,19,0.5555555555555556,0.8421052631578947,3,8,False
6292,2021,6,Round 6,home_and_away,2021-04-25 15:20:00,M.C.G.,Collingwood,Essendon,13,7,16,13,85,109,20,29,0.65,0.5517241379310345,-24,-9,False
6293,2021,6,Round 6,home_and_away,2021-04-25 18:40:00,Adelaide Oval,Port Adelaide,St Kilda,14,9,5,9,93,39,23,14,0.6086956521739131,0.35714285714285715,54,9,False
6298,2021,7,Round 7,home_and_away,2021-04-30 19:50:00,M.C.G.,Richmond,Western Bulldogs,11,11,7,13,77,55,22,20,0.5,0.35,22,2,False
6295,2021,7,Round 7,home_and_away,2021-05-01 13:45:00,M.C.G.,Collingwood,Gold Coast,7,13,12,7,55,79,20,19,0.35,0.631578947368421,-24,1,False
6301,2021,7,Round 7,home_and_away,2021-05-01 14:10:00,Adelaide Oval,Adelaide,Greater Western Sydney,4,15,15,16,39,106,19,31,0.21052631578947367,0.4838709677419355,-67,-12,False
6299,2021,7,Round 7,home_and_away,2021-05-01 16:35:00,Docklands,St Kilda,Hawthorn,19,14,9,5,128,59,33,14,0.5757575757575758,0.6428571428571429,69,19,False
6294,2021,7,Round 7,home_and_away,2021-05-01 19:25:00,Gabba,Brisbane Lions,Port Adelaide,13,15,5,14,93,44,28,19,0.4642857142857143,0.2631578947368421,49,9,False
6300,2021,7,Round 7,home_and_away,2021-05-01 19:25:00,S.C.G.,Sydney,Geelong,14,6,12,16,90,88,20,28,0.7,0.42857142857142855,2,-8,False
6297,2021,7,Round 7,home_and_away,2021-05-02 13:10:00,Bellerive Oval,North Melbourne,Melbourne,11,7,16,7,73,103,18,23,0.6111111111111112,0.6956521739130435,-30,-5,False
6296,2021,7,Round 7,home_and_away,2021-05-02 15:20:00,M.C.G.,Essendon,Carlton,16,11,19,9,107,123,27,28,0.5925925925925926,0.6785714285714286,-16,-1,False
6302,2021,7,Round 7,home_and_away,2021-05-02 16:40:00,Perth Stadium,West Coast,Fremantle,20,12,11,7,132,73,32,18,0.625,0.6111111111111112,59,14,False
6308,2021,8,Round 8,home_and_away,2021-05-07 19:50:00,M.C.G.,Richmond,Geelong,9,9,19,12,63,126,18,31,0.5,0.6129032258064516,-63,-13,False
6303,2021,8,Round 8,home_and_away,2021-05-08 13:45:00,Carrara,Gold Coast,St Kilda,7,12,8,15,54,63,19,23,0.3684210526315789,0.34782608695652173,-9,-4,False
6304,2021,8,Round 8,home_and_away,2021-05-08 14:10:00,Sydney Showground,Greater Western Sydney,Essendon,16,11,16,9,107,105,27,25,0.5925925925925926,0.64,2,2,False
6307,2021,8,Round 8,home_and_away,2021-05-08 16:35:00,Docklands,North Melbourne,Collingwood,11,10,14,10,76,94,21,24,0.5238095238095238,0.5833333333333334,-18,-3,False
6306,2021,8,Round 8,home_and_away,2021-05-08 19:25:00,M.C.G.,Melbourne,Sydney,10,7,8,10,67,58,17,18,0.5882352941176471,0.4444444444444444,9,-1,False
6310,2021,8,Round 8,home_and_away,2021-05-08 19:40:00,Adelaide Oval,Port Adelaide,Adelaide,12,15,5,8,87,38,27,13,0.4444444444444444,0.38461538461538464,49,14,False
6305,2021,8,Round 8,home_and_away,2021-05-09 13:10:00,M.C.G.,Hawthorn,West Coast,8,12,14,14,60,98,20,28,0.4,0.5,-38,-8,False
6309,2021,8,Round 8,home_and_away,2021-05-09 15:20:00,Docklands,Western Bulldogs,Carlton,16,11,13,13,107,91,27,26,0.5925925925925926,0.5,16,1,False
6311,2021,8,Round 8,home_and_away,2021-05-09 16:40:00,Gabba,Brisbane Lions,Fremantle,14,11,10,11,95,71,25,21,0.56,0.47619047619047616,24,4,False
6317,2021,9,Round 9,home_and_away,2021-05-14 19:50:00,Docklands,St Kilda,Geelong,5,17,10,8,47,68,22,18,0.22727272727272727,0.5555555555555556,-21,4,False
6318,2021,9,Round 9,home_and_away,2021-05-15 13:45:00,S.C.G.,Sydney,Collingwood,10,12,5,12,72,42,22,17,0.45454545454545453,0.29411764705882354,30,5,False
6314,2021,9,Round 9,home_and_away,2021-05-15 14:10:00,York Park,Hawthorn,North Melbourne,12,8,13,9,80,87,20,22,0.6,0.5909090909090909,-7,-2,False
6313,2021,9,Round 9,home_and_away,2021-05-15 16:35:00,Carrara,Gold Coast,Brisbane Lions,7,9,19,10,51,124,16,29,0.4375,0.6551724137931034,-73,-13,False
6316,2021,9,Round 9,home_and_away,2021-05-15 19:25:00,Docklands,Richmond,Greater Western Sydney,13,9,12,11,87,83,22,23,0.5909090909090909,0.5217391304347826,4,-1,False
6319,2021,9,Round 9,home_and_away,2021-05-15 19:40:00,Adelaide Oval,Port Adelaide,Western Bulldogs,12,5,15,6,77,96,17,21,0.7058823529411765,0.7142857142857143,-19,-4,False
6312,2021,9,Round 9,home_and_away,2021-05-16 13:10:00,Docklands,Essendon,Fremantle,10,8,8,13,68,61,18,21,0.5555555555555556,0.38095238095238093,7,-3,False
6315,2021,9,Round 9,home_and_away,2021-05-16 15:20:00,M.C.G.,Melbourne,Carlton,13,16,10,8,94,68,29,18,0.4482758620689655,0.5555555555555556,26,11,False
6320,2021,9,Round 9,home_and_away,2021-05-16 16:40:00,Perth Stadium,West Coast,Adelaide,16,10,11,10,106,76,26,21,0.6153846153846154,0.5238095238095238,30,5,False
6321,2021,10,Round 10,home_and_away,2021-05-21 19:50:00,Gabba,Brisbane Lions,Richmond,15,12,11,8,102,74,27,19,0.5555555555555556,0.5789473684210527,28,8,False
6322,2021,10,Round 10,home_and_away,2021-05-22 13:45:00,M.C.G.,Carlton,Hawthorn,13,8,9,9,86,63,21,18,0.6190476190476191,0.5,23,3,False
6325,2021,10,Round 10,home_and_away,2021-05-22 14:10:00,Kardinia Park,Geelong,Gold Coast,14,7,8,9,91,57,21,17,0.6666666666666666,0.47058823529411764,34,4,False
6328,2021,10,Round 10,home_and_away,2021-05-22 16:35:00,Adelaide Oval,Adelaide,Melbourne,15,6,14,11,96,95,21,25,0.7142857142857143,0.56,1,-4,False
6327,2021,10,Round 10,home_and_away,2021-05-22 19:25:00,Docklands,Western Bulldogs,St Kilda,21,18,5,3,144,33,39,8,0.5384615384615384,0.625,111,31,False
6329,2021,10,Round 10,home_and_away,2021-05-22 19:40:00,Perth Stadium,Fremantle,Sydney,12,14,13,6,86,84,26,19,0.46153846153846156,0.6842105263157895,2,7,False
6326,2021,10,Round 10,home_and_away,2021-05-23 13:10:00,Sydney Showground,Greater Western Sydney,West Coast,13,15,11,11,93,77,28,22,0.4642857142857143,0.5,16,6,False
6323,2021,10,Round 10,home_and_away,2021-05-23 15:20:00,M.C.G.,Collingwood,Port Adelaide,8,10,8,11,58,59,18,19,0.4444444444444444,0.42105263157894735,-1,-1,False
6324,2021,10,Round 10,home_and_away,2021-05-23 16:40:00,Docklands,Essendon,North Melbourne,22,9,10,9,141,69,31,19,0.7096774193548387,0.5263157894736842,72,12,False
6335,2021,11,Round 11,home_and_away,2021-05-28 19:50:00,Docklands,Western Bulldogs,Melbourne,8,11,13,9,59,87,19,22,0.42105263157894735,0.5909090909090909,-28,-3,False
6331,2021,11,Round 11,home_and_away,2021-05-29 13:45:00,M.C.G.,Collingwood,Geelong,6,15,8,13,51,61,21,21,0.2857142857142857,0.38095238095238093,-10,0,False
6330,2021,11,Round 11,home_and_away,2021-05-29 14:10:00,Gabba,Brisbane Lions,Greater Western Sydney,19,15,10,5,129,65,34,15,0.5588235294117647,0.6666666666666666,64,19,False
6333,2021,11,Round 11,home_and_away,2021-05-29 16:35:00,Docklands,St Kilda,North Melbourne,12,16,10,8,88,68,28,18,0.42857142857142855,0.5555555555555556,20,10,False
6336,2021,11,Round 11,home_and_away,2021-05-29 19:40:00,S.C.G.,Gold Coast,Hawthorn,17,11,11,10,113,76,28,21,0.6071428571428571,0.5238095238095238,37,7,False
6338,2021,11,Round 11,home_and_away,2021-05-29 19:40:00,Perth Stadium,West Coast,Essendon,11,5,12,15,71,87,16,27,0.6875,0.4444444444444444,-16,-11,False
6332,2021,11,Round 11,home_and_away,2021-05-30 14:10:00,Sydney Showground,Richmond,Adelaide,17,9,12,11,111,83,26,23,0.6538461538461539,0.5217391304347826,28,3,False
6334,2021,11,Round 11,home_and_away,2021-05-30 15:20:00,S.C.G.,Sydney,Carlton,15,10,11,12,100,78,25,23,0.6,0.4782608695652174,22,2,False
6337,2021,11,Round 11,home_and_away,2021-05-30 17:20:00,Adelaide Oval,Port Adelaide,Fremantle,18,7,9,15,115,69,25,24,0.72,0.375,46,1,False
6343,2021,12,Round 12,home_and_away,2021-06-04 19:50:00,Sydney Showground,Melbourne,Brisbane Lions,14,13,11,9,97,75,27,20,0.5185185185185185,0.55,22,7,False
6341,2021,12,Round 12,home_and_away,2021-06-05 13:45:00,S.C.G.,Sydney,St Kilda,13,14,12,11,92,83,27,23,0.48148148148148145,0.5217391304347826,9,4,False
6342,2021,12,Round 12,home_and_away,2021-06-05 16:35:00,Adelaide Oval,Adelaide,Collingwood,10,13,12,6,73,78,23,18,0.43478260869565216,0.6666666666666666,-5,5,False
6340,2021,12,Round 12,home_and_away,2021-06-05 19:40:00,Perth Stadium,Essendon,Richmond,12,12,19,9,84,123,24,28,0.5,0.6785714285714286,-39,-4,False
6339,2021,12,Round 12,home_and_away,2021-06-06 15:20:00,S.C.G.,Carlton,West Coast,10,13,14,11,73,95,23,25,0.43478260869565216,0.56,-22,-2,False
6344,2021,12,Round 12,home_and_away,2021-06-06 18:40:00,Perth Stadium,Fremantle,Western Bulldogs,9,11,13,15,65,93,20,28,0.45,0.4642857142857143,-28,-8,False
6349,2021,13,Round 13,home_and_away,2021-06-10 19:40:00,Adelaide Oval,Port Adelaide,Geelong,14,7,17,10,91,112,21,27,0.6666666666666666,0.6296296296296297,-21,-6,False
6348,2021,13,Round 13,home_and_away,2021-06-11 19:50:00,S.C.G.,Sydney,Hawthorn,7,9,14,5,51,89,16,19,0.4375,0.7368421052631579,-38,-3,False
6350,2021,13,Round 13,home_and_away,2021-06-12 16:15:00,Perth Stadium,Fremantle,Gold Coast,11,10,6,13,76,49,21,19,0.5238095238095238,0.3157894736842105,27,2,False
6347,2021,13,Round 13,home_and_away,2021-06-12 19:25:00,Cazaly's Stadium,St Kilda,Adelaide,8,12,9,12,60,66,20,21,0.4,0.42857142857142855,-6,-1,False
6346,2021,13,Round 13,home_and_away,2021-06-13 15:20:00,Bellerive Oval,North Melbourne,Greater Western Sydney,14,10,14,10,94,94,24,24,0.5833333333333334,0.5833333333333334,0,0,True
6356,2021,13,Round 13,home_and_away,2021-06-13 19:20:00,Perth Stadium,West Coast,Richmond,13,7,12,9,85,81,20,21,0.65,0.5714285714285714,4,-1,False
6345,2021,13,Round 13,home_and_away,2021-06-14 15:20:00,S.C.G.,Melbourne,Collingwood,9,9,11,14,63,80,18,25,0.5,0.44,-17,-7,False
6351,2021,14,Round 14,home_and_away,2021-06-18 19:50:00,Kardinia Park,Geelong,Western Bulldogs,12,11,11,12,83,78,23,23,0.5217391304347826,0.4782608695652174,5,0,False
6352,2021,14,Round 14,home_and_away,2021-06-19 13:45:00,Carrara,Gold Coast,Port Adelaide,4,7,12,9,31,81,11,21,0.36363636363636365,0.5714285714285714,-50,-10,False
6355,2021,14,Round 14,home_and_away,2021-06-19 16:35:00,Bellerive Oval,North Melbourne,Brisbane Lions,6,9,9,14,45,68,15,23,0.4,0.391304347826087,-23,-8,False
6353,2021,14,Round 14,home_and_away,2021-06-19 19:25:00,Sydney Showground,Greater Western Sydney,Carlton,16,6,9,12,102,66,22,21,0.7272727272727273,0.42857142857142855,36,1,False
6354,2021,14,Round 14,home_and_away,2021-06-20 15:20:00,York Park,Hawthorn,Essendon,10,13,13,8,73,86,23,21,0.43478260869565216,0.6190476190476191,-13,2,False
6357,2021,15,Round 15,home_and_away,2021-06-24 19:30:00,Gabba,Brisbane Lions,Geelong,13,16,7,8,94,50,29,15,0.4482758620689655,0.4666666666666667,44,14,False
6363,2021,15,Round 15,home_and_away,2021-06-25 19:50:00,M.C.G.,Richmond,St Kilda,2,10,9,8,22,62,12,17,0.16666666666666666,0.5294117647058824,-40,-5,False
6359,2021,15,Round 15,home_and_away,2021-06-26 13:45:00,Docklands,Collingwood,Fremantle,12,7,14,7,79,91,19,21,0.631578947368421,0.6666666666666666,-12,-2,False
6362,2021,15,Round 15,home_and_away,2021-06-26 13:45:00,Bellerive Oval,North Melbourne,Gold Coast,9,18,9,9,72,63,27,18,0.3333333333333333,0.5,9,9,False
6364,2021,15,Round 15,home_and_away,2021-06-26 16:35:00,Adelaide Oval,Port Adelaide,Sydney,12,9,10,11,81,71,21,21,0.5714285714285714,0.47619047619047616,10,0,False
6360,2021,15,Round 15,home_and_away,2021-06-26 19:25:00,M.C.G.,Essendon,Melbourne,8,9,9,14,57,68,17,23,0.47058823529411764,0.391304347826087,-11,-6,False
6361,2021,15,Round 15,home_and_away,2021-06-27 13:10:00,M.C.G.,Greater Western Sydney,Hawthorn,11,6,13,12,72,90,17,25,0.6470588235294118,0.52,-18,-8,False
6365,2021,15,Round 15,home_and_away,2021-06-27 15:20:00,Perth Stadium,West Coast,Western Bulldogs,6,7,13,20,43,98,13,33,0.46153846153846156,0.3939393939393939,-55,-20,False
6358,2021,15,Round 15,home_and_away,2021-06-27 16:10:00,Docklands,Carlton,Adelaide,12,11,10,13,83,73,23,23,0.5217391304347826,0.43478260869565216,10,0,False
6368,2021,16,Round 16,home_and_away,2021-07-01 19:20:00,Docklands,Gold Coast,Richmond,10,17,10,7,77,67,27,17,0.37037037037037035,0.5882352941176471,10,10,False
6367,2021,16,Round 16,home_and_away,2021-07-02 19:50:00,Kardinia Park,Geelong,Essendon,15,8,8,9,98,57,23,17,0.6521739130434783,0.47058823529411764,41,6,False
6370,2021,16,Round 16,home_and_away,2021-07-03 13:45:00,M.C.G.,Melbourne,Greater Western Sydney,7,13,9,10,55,64,20,19,0.35,0.47368421052631576,-9,1,False
6373,2021,16,Round 16,home_and_away,2021-07-03 16:35:00,Adelaide Oval,Adelaide,Brisbane Lions,8,11,17,9,59,111,19,26,0.42105263157894735,0.6538461538461539,-52,-7,False
6374,2021,16,Round 16,home_and_away,2021-07-03 19:40:00,M.C.G.,Fremantle,Carlton,8,16,12,8,64,80,24,20,0.3333333333333333,0.6,-16,4,False
6369,2021,16,Round 16,home_and_away,2021-07-03 19:40:00,Docklands,Hawthorn,Port Adelaide,7,11,13,9,53,87,18,22,0.3888888888888889,0.5909090909090909,-34,-4,False
6371,2021,16,Round 16,home_and_away,2021-07-04 13:10:00,Kardinia Park,Sydney,West Coast,18,10,3,8,118,26,28,11,0.6428571428571429,0.2727272727272727,92,17,False
6366,2021,16,Round 16,home_and_away,2021-07-04 15:20:00,M.C.G.,Collingwood,St Kilda,8,13,10,10,61,70,21,20,0.38095238095238093,0.5,-9,1,False
6372,2021,16,Round 16,home_and_away,2021-07-04 16:40:00,Docklands,Western Bulldogs,North Melbourne,16,12,11,13,108,79,28,24,0.5714285714285714,0.4583333333333333,29,4,False
6382,2021,17,Round 17,home_and_away,2021-07-08 19:40:00,Adelaide Oval,Port Adelaide,Melbourne,8,7,12,14,55,86,15,26,0.5333333333333333,0.46153846153846156,-31,-11,False
6377,2021,17,Round 17,home_and_away,2021-07-09 19:50:00,Docklands,Essendon,Adelaide,11,18,2,9,84,21,29,11,0.3793103448275862,0.18181818181818182,63,18,False
6379,2021,17,Round 17,home_and_away,2021-07-10 13:45:00,York Park,Hawthorn,Fremantle,6,10,16,12,46,108,16,28,0.375,0.5714285714285714,-62,-12,False
6376,2021,17,Round 17,home_and_away,2021-07-10 16:35:00,M.C.G.,Carlton,Geelong,5,14,10,10,44,70,19,20,0.2631578947368421,0.5,-26,-1,False
6375,2021,17,Round 17,home_and_away,2021-07-10 19:25:00,Carrara,Brisbane Lions,St Kilda,8,15,14,11,63,95,23,25,0.34782608695652173,0.56,-32,-2,False
6378,2021,17,Round 17,home_and_away,2021-07-11 12:40:00,Eureka Stadium,Greater Western Sydney,Gold Coast,9,10,10,5,64,65,19,15,0.47368421052631576,0.6666666666666666,-1,4,False
6381,2021,17,Round 17,home_and_away,2021-07-11 15:20:00,Docklands,Western Bulldogs,Sydney,8,12,11,13,60,79,20,24,0.4,0.4583333333333333,-19,-4,False
6380,2021,17,Round 17,home_and_away,2021-07-11 16:10:00,M.C.G.,Richmond,Collingwood,11,5,13,9,71,87,16,22,0.6875,0.5909090909090909,-16,-6,False
6383,2021,17,Round 17,home_and_away,2021-07-12 19:40:00,Perth Stadium,West Coast,North Melbourne,8,12,10,10,60,70,20,20,0.4,0.5,-10,0,False
6392,2021,18,Round 18,home_and_away,2021-07-15 20:10:00,Perth Stadium,Fremantle,Geelong,3,13,14,16,31,100,16,30,0.1875,0.4666666666666667,-69,-14,False
6389,2021,18,Round 18,home_and_away,2021-07-16 20:05:00,Carrara,Richmond,Brisbane Lions,16,10,13,8,106,86,26,21,0.6153846153846154,0.6190476190476191,20,5,False
6390,2021,18,Round 18,home_and_away,2021-07-17 13:45:00,Docklands,St Kilda,Port Adelaide,8,13,10,14,61,74,21,24,0.38095238095238093,0.4166666666666667,-13,-3,False
6385,2021,18,Round 18,home_and_away,2021-07-17 16:35:00,Carrara,Gold Coast,Western Bulldogs,11,13,14,6,79,90,24,20,0.4583333333333333,0.7,-11,4,False
6387,2021,18,Round 18,home_and_away,2021-07-17 19:25:00,M.C.G.,Melbourne,Hawthorn,11,13,12,7,79,79,24,19,0.4583333333333333,0.631578947368421,0,5,True
6388,2021,18,Round 18,home_and_away,2021-07-18 12:35:00,Carrara,North Melbourne,Essendon,11,8,13,14,74,92,19,27,0.5789473684210527,0.48148148148148145,-18,-8,False
6384,2021,18,Round 18,home_and_away,2021-07-18 15:20:00,M.C.G.,Collingwood,Carlton,9,8,13,13,62,91,17,26,0.5294117647058824,0.5,-29,-9,False
6391,2021,18,Round 18,home_and_away,2021-07-18 16:40:00,Adelaide Oval,Adelaide,West Coast,8,8,14,14,56,98,16,28,0.5,0.5,-42,-12,False
6386,2021,18,Round 18,home_and_away,2021-07-18 18:10:00,Carrara,Greater Western Sydney,Sydney,11,6,15,8,72,98,17,23,0.6470588235294118,0.6521739130434783,-26,-6,False
6400,2021,19,Round 19,home_and_away,2021-07-23 19:10:00,Docklands,Port Adelaide,Collingwood,14,13,10,9,97,69,27,19,0.5185185185185185,0.5263157894736842,28,8,False
6393,2021,19,Round 19,home_and_away,2021-07-24 13:45:00,Docklands,Carlton,North Melbourne,11,11,18,8,77,116,22,26,0.5,0.6923076923076923,-39,-4,False
6402,2021,19,Round 19,home_and_away,2021-07-24 15:10:00,Gabba,Brisbane Lions,Gold Coast,17,18,10,11,120,71,35,21,0.4857142857142857,0.47619047619047616,49,14,False
6401,2021,19,Round 19,home_and_away,2021-07-24 16:35:00,Perth Stadium,West Coast,St Kilda,14,10,13,8,94,86,24,21,0.5833333333333334,0.6190476190476191,8,3,False
6406,2021,19,Round 19,home_and_away,2021-07-24 19:25:00,M.C.G.,Melbourne,Western Bulldogs,9,11,13,7,65,85,20,20,0.45,0.65,-20,0,False
6409,2021,19,Round 19,home_and_away,2021-07-24 19:40:00,Docklands,Adelaide,Hawthorn,16,6,13,5,102,83,22,18,0.7272727272727273,0.7222222222222222,19,4,False
6398,2021,19,Round 19,home_and_away,2021-07-25 12:30:00,Carrara,Sydney,Fremantle,14,14,8,10,98,58,28,18,0.5,0.4444444444444444,40,10,False
6395,2021,19,Round 19,home_and_away,2021-07-25 15:20:00,M.C.G.,Geelong,Richmond,15,5,8,9,95,57,20,17,0.75,0.47058823529411764,38,3,False
6394,2021,19,Round 19,home_and_away,2021-07-25 18:10:00,Carrara,Essendon,Greater Western Sydney,7,11,9,12,53,66,18,21,0.3888888888888889,0.42857142857142855,-13,-3,False
6408,2021,20,Round 20,home_and_away,2021-07-30 19:50:00,Docklands,St Kilda,Carlton,12,9,18,4,81,112,21,22,0.5714285714285714,0.8181818181818182,-31,-1,False
6399,2021,20,Round 20,home_and_away,2021-07-31 12:20:00,Eureka Stadium,Western Bulldogs,Adelaide,15,15,8,8,105,56,30,16,0.5,0.5,49,14,False
6407,2021,20,Round 20,home_and_away,2021-07-31 13:15:00,Bellerive Oval,North Melbourne,Geelong,6,6,8,14,42,62,12,22,0.5,0.36363636363636365,-20,-10,False
6403,2021,20,Round 20,home_and_away,2021-07-31 16:15:00,M.C.G.,Collingwood,West Coast,14,6,6,9,90,45,20,15,0.7,0.4,45,5,False
6396,2021,20,Round 20,home_and_away,2021-08-01 12:10:00,Docklands,Gold Coast,Melbourne,4,6,18,20,30,128,10,38,0.4,0.47368421052631576,-98,-28,False
6397,2021,20,Round 20,home_and_away,2021-08-01 14:10:00,York Park,Hawthorn,Brisbane Lions,14,8,12,8,92,80,22,20,0.6363636363636364,0.6,12,2,False
6404,2021,20,Round 20,home_and_away,2021-08-01 15:10:00,M.C.G.,Essendon,Sydney,16,6,17,7,102,109,22,24,0.7272727272727273,0.7083333333333334,-7,-2,False
6410,2021,20,Round 20,home_and_away,2021-08-01 17:10:00,Perth Stadium,Fremantle,Richmond,7,13,6,15,55,51,20,21,0.35,0.2857142857142857,4,-1,False
6405,2021,20,Round 20,home_and_away,2021-08-01 18:10:00,Docklands,Greater Western Sydney,Port Adelaide,11,7,15,10,73,100,18,25,0.6111111111111112,0.6,-27,-7,False
6413,2021,21,Round 21,home_and_away,2021-08-06 19:50:00,Kardinia Park,Geelong,Greater Western Sydney,8,17,13,6,65,84,25,19,0.32,0.6842105263157895,-19,6,False
6412,2021,21,Round 21,home_and_away,2021-08-07 13:45:00,Docklands,Carlton,Gold Coast,8,9,11,10,57,76,17,21,0.47058823529411764,0.5238095238095238,-19,-4,False
6415,2021,21,Round 21,home_and_away,2021-08-07 16:35:00,M.C.G.,Richmond,North Melbourne,13,11,8,8,89,56,24,16,0.5416666666666666,0.5,33,8,False
6418,2021,21,Round 21,home_and_away,2021-08-07 19:40:00,Adelaide Oval,Adelaide,Port Adelaide,7,9,7,13,51,55,16,20,0.4375,0.35,-4,-4,False
6416,2021,21,Round 21,home_and_away,2021-08-07 19:40:00,Docklands,St Kilda,Sydney,14,9,10,4,93,64,23,14,0.6086956521739131,0.7142857142857143,29,9,False
6414,2021,21,Round 21,home_and_away,2021-08-08 14:10:00,M.C.G.,Hawthorn,Collingwood,15,7,12,6,97,78,22,18,0.6818181818181818,0.6666666666666666,19,4,False
6417,2021,21,Round 21,home_and_away,2021-08-08 15:20:00,Docklands,Western Bulldogs,Essendon,12,12,15,7,84,97,24,22,0.5,0.6818181818181818,-13,2,False
6411,2021,21,Round 21,home_and_away,2021-08-08 17:10:00,Perth Stadium,Fremantle,Brisbane Lions,8,6,18,10,54,118,14,28,0.5714285714285714,0.6428571428571429,-64,-14,False
6419,2021,21,Round 21,home_and_away,2021-08-09 20:10:00,Perth Stadium,West Coast,Melbourne,9,9,10,12,63,72,18,22,0.5,0.45454545454545453,-9,-4,False
6423,2021,22,Round 22,home_and_away,2021-08-13 19:50:00,Docklands,Greater Western Sydney,Richmond,16,10,10,7,106,67,26,17,0.6153846153846154,0.5882352941176471,39,9,False
6424,2021,22,Round 22,home_and_away,2021-08-14 13:45:00,York Park,Hawthorn,Western Bulldogs,9,10,5,7,64,37,19,12,0.47368421052631576,0.4166666666666667,27,7,False
6421,2021,22,Round 22,home_and_away,2021-08-14 16:35:00,Kardinia Park,Geelong,St Kilda,13,7,11,5,85,71,20,16,0.65,0.6875,14,4,False
6427,2021,22,Round 22,home_and_away,2021-08-14 16:35:00,Adelaide Oval,Port Adelaide,Carlton,21,14,5,15,140,45,35,20,0.6,0.25,95,15,False
6420,2021,22,Round 22,home_and_away,2021-08-14 19:25:00,Gabba,Brisbane Lions,Collingwood,22,10,8,9,142,57,32,17,0.6875,0.47058823529411764,85,15,False
6426,2021,22,Round 22,home_and_away,2021-08-14 19:40:00,Docklands,North Melbourne,Sydney,12,5,13,13,77,91,17,26,0.7058823529411765,0.5,-14,-9,False
6425,2021,22,Round 22,home_and_away,2021-08-15 14:10:00,M.C.G.,Melbourne,Adelaide,16,8,9,9,104,63,24,18,0.6666666666666666,0.5,41,6,False
6422,2021,22,Round 22,home_and_away,2021-08-15 15:20:00,Kardinia Park,Gold Coast,Essendon,4,6,14,14,30,98,10,28,0.4,0.5,-68,-18,False
6428,2021,22,Round 22,home_and_away,2021-08-15 17:10:00,Perth Stadium,Fremantle,West Coast,12,7,9,10,79,64,19,19,0.631578947368421,0.47368421052631576,15,0,False
6436,2021,23,Round 23,home_and_away,2021-08-20 19:50:00,Docklands,Western Bulldogs,Port Adelaide,10,4,9,12,64,66,14,21,0.7142857142857143,0.42857142857142855,-2,-7,False
6433,2021,23,Round 23,home_and_away,2021-08-21 13:35:00,M.C.G.,Richmond,Hawthorn,12,11,12,11,83,83,23,23,0.5217391304347826,0.5217391304347826,0,0,True
6435,2021,23,Round 23,home_and_away,2021-08-21 13:45:00,Docklands,Sydney,Gold Coast,21,10,6,13,136,49,31,19,0.6774193548387096,0.3157894736842105,87,12,False
6429,2021,23,Round 23,home_and_away,2021-08-21 16:35:00,Gabba,Brisbane Lions,West Coast,19,11,13,9,125,87,30,22,0.6333333333333333,0.5909090909090909,38,8,False
6432,2021,23,Round 23,home_and_away,2021-08-21 19:25:00,Kardinia Park,Geelong,Melbourne,12,5,12,9,77,81,17,21,0.7058823529411765,0.5714285714285714,-4,-4,False
6430,2021,23,Round 23,home_and_away,2021-08-21 19:40:00,Docklands,Carlton,Greater Western Sydney,11,9,12,17,75,89,20,29,0.55,0.41379310344827586,-14,-9,False
6434,2021,23,Round 23,home_and_away,2021-08-22 12:15:00,Bellerive Oval,St Kilda,Fremantle,17,5,6,13,107,49,22,19,0.7727272727272727,0.3157894736842105,58,3,False
6431,2021,23,Round 23,home_and_away,2021-08-22 15:20:00,M.C.G.,Essendon,Collingwood,16,6,9,10,102,64,22,19,0.7272727272727273,0.47368421052631576,38,3,False
6437,2021,23,Round 23,home_and_away,2021-08-22 16:40:00,Adelaide Oval,Adelaide,North Melbourne,13,20,8,6,98,54,33,14,0.3939393939393939,0.5714285714285714,44,19,False
6441,2021,24,Finals Week 1,qualifying_final,2021-08-27 19:50:00,Adelaide Oval,Port Adelaide,Geelong,12,14,5,13,86,43,26,18,0.46153846153846156,0.2777777777777778,43,8,False
6439,2021,24,Finals Week 1,elimination_final,2021-08-28 15:20:00,York Park,Sydney,Greater Western Sydney,10,13,11,8,73,74,23,19,0.43478260869565216,0.5789473684210527,-1,4,False
6440,2021,24,Finals Week 1,qualifying_final,2021-08-28 19:30:00,Adelaide Oval,Melbourne,Brisbane Lions,13,15,9,6,93,60,28,15,0.4642857142857143,0.6,33,13,False
6438,2021,24,Finals Week 1,elimination_final,2021-08-29 15:20:00,York Park,Western Bulldogs,Essendon,13,7,4,12,85,36,20,16,0.65,0.25,49,4,False
6443,2021,25,Semi-Finals,semi_final,2021-09-03 19:50:00,Perth Stadium,Geelong,Greater Western Sydney,15,13,10,8,103,68,28,18,0.5357142857142857,0.5555555555555556,35,10,False
6442,2021,25,Semi-Finals,semi_final,2021-09-04 19:20:00,Gabba,Brisbane Lions,Western Bulldogs,11,12,11,13,78,79,23,24,0.4782608695652174,0.4583333333333333,-1,-1,False
6444,2021,26,Preliminary Finals,preliminary_final,2021-09-10 19:50:00,Perth Stadium,Melbourne,Geelong,19,11,6,6,125,42,30,12,0.6333333333333333,0.5,83,18,False
6445,2021,26,Preliminary Finals,preliminary_final,2021-09-11 19:40:00,Adelaide Oval,Port Adelaide,Western Bulldogs,6,9,17,14,45,116,15,31,0.4,0.5483870967741935,-71,-16,False
6446,2021,27,Grand Final,grand_final,2021-09-25 19:15:00,Perth Stadium,Melbourne,Western Bulldogs,21,14,10,6,140,66,35,16,0.6,0.625,74,19,False
8662,2022,1,Round 1,home_and_away,2022-03-16 19:10:00,M.C.G.,Melbourne,Western Bulldogs,14,13,11,5,97,71,27,16,0.5185185185185185,0.6875,26,11,False
8663,2022,1,Round 1,home_and_away,2022-03-17 19:25:00,M.C.G.,Carlton,Richmond,14,17,11,10,101,76,31,21,0.45161290322580644,0.5238095238095238,25,10,False
8664,2022,1,Round 1,home_and_away,2022-03-18 19:50:00,Docklands,St Kilda,Collingwood,12,13,15,12,85,102,25,27,0.48,0.5555555555555556,-17,-2,False
8665,2022,1,Round 1,home_and_away,2022-03-19 14:10:00,M.C.G.,Geelong,Essendon,20,18,11,6,138,72,38,17,0.5263157894736842,0.6470588235294118,66,21,False
8666,2022,1,Round 1,home_and_away,2022-03-19 17:10:00,Stadium Australia,Greater Western Sydney,Sydney,13,14,17,10,92,112,27,27,0.48148148148148145,0.6296296296296297,-20,0,False
8667,2022,1,Round 1,home_and_away,2022-03-19 20:10:00,Gabba,Brisbane Lions,Port Adelaide,11,14,10,9,80,69,25,19,0.44,0.5263157894736842,11,6,False
8668,2022,1,Round 1,home_and_away,2022-03-20 13:10:00,M.C.G.,Hawthorn,North Melbourne,11,12,8,10,78,58,23,18,0.4782608695652174,0.4444444444444444,20,5,False
8669,2022,1,Round 1,home_and_away,2022-03-20 16:10:00,Adelaide Oval,Adelaide,Fremantle,12,10,11,17,82,83,22,28,0.5454545454545454,0.39285714285714285,-1,-6,False
8670,2022,1,Round 1,home_and_away,2022-03-20 19:40:00,Perth Stadium,West Coast,Gold Coast,12,8,16,11,80,107,20,27,0.6,0.5925925925925926,-27,-7,False
8671,2022,2,Round 2,home_and_away,2022-03-24 19:20:00,Docklands,Western Bulldogs,Carlton,13,12,16,6,90,102,25,22,0.52,0.7272727272727273,-12,3,False
8672,2022,2,Round 2,home_and_away,2022-03-25 19:50:00,S.C.G.,Sydney,Geelong,17,5,10,17,107,77,22,27,0.7727272727272727,0.37037037037037035,30,-5,False
8673,2022,2,Round 2,home_and_away,2022-03-26 13:45:00,M.C.G.,Collingwood,Adelaide,15,10,8,10,100,58,25,18,0.6,0.4444444444444444,42,7,False
8674,2022,2,Round 2,home_and_away,2022-03-26 16:35:00,Docklands,Essendon,Brisbane Lions,10,15,15,7,75,97,25,22,0.4,0.6818181818181818,-22,3,False
8675,2022,2,Round 2,home_and_away,2022-03-26 19:40:00,Adelaide Oval,Port Adelaide,Hawthorn,7,14,19,6,56,120,21,25,0.3333333333333333,0.76,-64,-4,False
8676,2022,2,Round 2,home_and_away,2022-03-26 20:00:00,Carrara,Gold Coast,Melbourne,10,9,12,10,69,82,19,22,0.5263157894736842,0.5454545454545454,-13,-3,False
8677,2022,2,Round 2,home_and_away,2022-03-27 13:10:00,Docklands,North Melbourne,West Coast,10,14,8,11,74,59,24,19,0.4166666666666667,0.42105263157894735,15,5,False
8678,2022,2,Round 2,home_and_away,2022-03-27 15:20:00,M.C.G.,Richmond,Greater Western Sydney,16,13,10,13,109,73,29,23,0.5517241379310345,0.43478260869565216,36,6,False
8679,2022,2,Round 2,home_and_away,2022-03-27 18:20:00,Perth Stadium,Fremantle,St Kilda,8,7,9,11,55,65,15,20,0.5333333333333333,0.45,-10,-5,False
8680,2022,3,Round 3,home_and_away,2022-03-31 19:20:00,Docklands,Western Bulldogs,Sydney,9,17,9,6,71,60,26,15,0.34615384615384615,0.6,11,11,False
8681,2022,3,Round 3,home_and_away,2022-04-01 19:20:00,M.C.G.,Melbourne,Essendon,14,15,10,10,99,70,29,20,0.4827586206896552,0.5,29,9,False
8682,2022,3,Round 3,home_and_away,2022-04-01 20:20:00,Adelaide Oval,Adelaide,Port Adelaide,15,6,13,14,96,92,21,27,0.7142857142857143,0.48148148148148145,4,-6,False
8683,2022,3,Round 3,home_and_away,2022-04-02 16:35:00,Sydney Showground,Greater Western Sydney,Gold Coast,12,11,8,9,83,57,23,17,0.5217391304347826,0.47058823529411764,26,6,False
8684,2022,3,Round 3,home_and_away,2022-04-02 19:25:00,M.C.G.,Collingwood,Geelong,13,13,16,8,91,104,26,24,0.5,0.6666666666666666,-13,2,False
8685,2022,3,Round 3,home_and_away,2022-04-02 20:00:00,Gabba,Brisbane Lions,North Melbourne,23,18,7,6,156,48,41,13,0.5609756097560976,0.5384615384615384,108,28,False
8686,2022,3,Round 3,home_and_away,2022-04-03 13:10:00,M.C.G.,Carlton,Hawthorn,11,8,11,7,74,73,19,18,0.5789473684210527,0.6111111111111112,1,1,False
8687,2022,3,Round 3,home_and_away,2022-04-03 15:20:00,Docklands,St Kilda,Richmond,18,9,13,6,117,84,27,19,0.6666666666666666,0.6842105263157895,33,8,False
8688,2022,3,Round 3,home_and_away,2022-04-03 18:20:00,Perth Stadium,West Coast,Fremantle,7,5,15,12,47,102,12,27,0.5833333333333334,0.5555555555555556,-55,-15,False
8689,2022,4,Round 4,home_and_away,2022-04-07 19:40:00,Adelaide Oval,Port Adelaide,Melbourne,4,12,10,8,36,68,16,18,0.25,0.5555555555555556,-32,-2,False
8690,2022,4,Round 4,home_and_away,2022-04-08 19:50:00,Kardinia Park,Geelong,Brisbane Lions,11,14,11,4,80,70,25,15,0.44,0.7333333333333333,10,10,False
8691,2022,4,Round 4,home_and_away,2022-04-09 14:40:00,S.C.G.,Sydney,North Melbourne,13,8,12,3,86,75,21,15,0.6190476190476191,0.8,11,6,False
8692,2022,4,Round 4,home_and_away,2022-04-09 16:35:00,Docklands,Collingwood,West Coast,10,14,14,3,74,87,24,17,0.4166666666666667,0.8235294117647058,-13,7,False
8694,2022,4,Round 4,home_and_away,2022-04-09 19:25:00,Perth Stadium,Fremantle,Greater Western Sydney,13,10,8,6,88,54,23,14,0.5652173913043478,0.5714285714285714,34,9,False
8693,2022,4,Round 4,home_and_away,2022-04-09 19:25:00,M.C.G.,Richmond,Western Bulldogs,15,9,7,19,99,61,24,26,0.625,0.2692307692307692,38,-2,False
8695,2022,4,Round 4,home_and_away,2022-04-10 13:10:00,Docklands,Essendon,Adelaide,15,13,15,9,103,99,28,24,0.5357142857142857,0.625,4,4,False
8696,2022,4,Round 4,home_and_away,2022-04-10 15:20:00,M.C.G.,Hawthorn,St Kilda,10,13,22,10,73,142,23,32,0.43478260869565216,0.6875,-69,-9,False
8697,2022,4,Round 4,home_and_away,2022-04-10 16:10:00,Carrara,Gold Coast,Carlton,13,14,8,14,92,62,27,22,0.48148148148148145,0.36363636363636365,30,5,False
8698,2022,5,Round 5,home_and_away,2022-04-14 19:35:00,Gabba,Brisbane Lions,Collingwood,15,8,14,7,98,91,23,21,0.6521739130434783,0.6666666666666666,7,2,False
8699,2022,5,Round 5,home_and_away,2022-04-15 16:20:00,Docklands,North Melbourne,Western Bulldogs,11,5,21,13,71,139,16,34,0.6875,0.6176470588235294,-68,-18,False
8700,2022,5,Round 5,home_and_away,2022-04-15 19:40:00,Perth Stadium,West Coast,Sydney,9,4,18,13,58,121,13,31,0.6923076923076923,0.5806451612903226,-63,-18,False
8701,2022,5,Round 5,home_and_away,2022-04-16 13:45:00,Docklands,St Kilda,Gold Coast,13,9,9,7,87,61,22,16,0.5909090909090909,0.5625,26,6,False
8702,2022,5,Round 5,home_and_away,2022-04-16 16:35:00,Adelaide Oval,Adelaide,Richmond,15,11,12,10,101,82,26,22,0.5769230769230769,0.5454545454545454,19,4,False
8703,2022,5,Round 5,home_and_away,2022-04-16 19:25:00,M.C.G.,Melbourne,Greater Western Sydney,19,6,7,11,120,53,25,18,0.76,0.3888888888888889,67,7,False
8704,2022,5,Round 5,home_and_away,2022-04-17 13:40:00,M.C.G.,Carlton,Port Adelaide,14,10,13,13,94,91,24,26,0.5833333333333334,0.5,3,-2,False
8705,2022,5,Round 5,home_and_away,2022-04-17 16:40:00,Docklands,Essendon,Fremantle,8,11,16,11,59,107,19,27,0.42105263157894735,0.5925925925925926,-48,-8,False
8706,2022,5,Round 5,home_and_away,2022-04-18 15:20:00,M.C.G.,Hawthorn,Geelong,14,8,11,14,92,80,22,25,0.6363636363636364,0.44,12,-3,False
8707,2022,6,Round 6,home_and_away,2022-04-22 19:50:00,Manuka Oval,Greater Western Sydney,St Kilda,8,12,10,17,60,77,20,27,0.4,0.37037037037037035,-17,-7,False
8708,2022,6,Round 6,home_and_away,2022-04-23 13:45:00,Eureka Stadium,Western Bulldogs,Adelaide,9,8,8,15,62,63,17,23,0.5294117647058824,0.34782608695652173,-1,-6,False
8709,2022,6,Round 6,home_and_away,2022-04-23 16:35:00,Adelaide Oval,Port Adelaide,West Coast,18,9,4,9,117,33,27,13,0.6666666666666666,0.3076923076923077,84,14,False
8710,2022,6,Round 6,home_and_away,2022-04-23 19:40:00,Perth Stadium,Fremantle,Carlton,14,13,9,8,97,62,27,17,0.5185185185185185,0.5294117647058824,35,10,False
8711,2022,6,Round 6,home_and_away,2022-04-24 13:10:00,Bellerive Oval,North Melbourne,Geelong,9,7,17,19,61,121,16,36,0.5625,0.4722222222222222,-60,-20,False
8712,2022,6,Round 6,home_and_away,2022-04-24 16:10:00,Carrara,Gold Coast,Brisbane Lions,11,14,21,6,80,132,25,27,0.44,0.7777777777777778,-52,-2,False
8713,2022,6,Round 6,home_and_away,2022-04-24 19:25:00,M.C.G.,Richmond,Melbourne,8,6,9,22,54,76,14,31,0.5714285714285714,0.2903225806451613,-22,-17,False
8714,2022,6,Round 6,home_and_away,2022-04-25 12:30:00,York Park,Hawthorn,Sydney,10,8,16,13,68,109,18,29,0.5555555555555556,0.5517241379310345,-41,-11,False
8715,2022,6,Round 6,home_and_away,2022-04-25 15:20:00,M.C.G.,Essendon,Collingwood,12,10,15,3,82,93,22,18,0.5454545454545454,0.8333333333333334,-11,4,False
8716,2022,7,Round 7,home_and_away,2022-04-29 20:10:00,Perth Stadium,West Coast,Richmond,8,8,25,15,56,165,16,40,0.5,0.625,-109,-24,False
8717,2022,7,Round 7,home_and_away,2022-04-30 13:45:00,Kardinia Park,Geelong,Fremantle,10,6,10,9,66,69,16,19,0.625,0.5263157894736842,-3,-3,False
8718,2022,7,Round 7,home_and_away,2022-04-30 14:10:00,Adelaide Oval,Adelaide,Greater Western Sydney,8,6,17,11,54,113,14,28,0.5714285714285714,0.6071428571428571,-59,-14,False
8719,2022,7,Round 7,home_and_away,2022-04-30 16:35:00,M.C.G.,Melbourne,Hawthorn,13,13,11,15,91,81,26,26,0.5,0.4230769230769231,10,0,False
8721,2022,7,Round 7,home_and_away,2022-04-30 19:25:00,Docklands,Carlton,North Melbourne,17,12,10,4,114,64,29,14,0.5862068965517241,0.7142857142857143,50,15,False
8720,2022,7,Round 7,home_and_away,2022-04-30 19:25:00,Cazaly's Stadium,St Kilda,Port Adelaide,4,18,5,13,42,43,22,18,0.18181818181818182,0.2777777777777778,-1,4,False
8722,2022,7,Round 7,home_and_away,2022-05-01 13:10:00,M.C.G.,Collingwood,Gold Coast,17,13,14,6,115,90,30,20,0.5666666666666667,0.7,25,10,False
8723,2022,7,Round 7,home_and_away,2022-05-01 15:20:00,Docklands,Western Bulldogs,Essendon,16,7,10,11,103,71,23,21,0.6956521739130435,0.47619047619047616,32,2,False
8724,2022,7,Round 7,home_and_away,2022-05-01 16:40:00,S.C.G.,Sydney,Brisbane Lions,13,11,17,11,89,113,24,28,0.5416666666666666,0.6071428571428571,-24,-4,False
8725,2022,8,Round 8,home_and_away,2022-05-06 19:30:00,Adelaide Oval,Port Adelaide,Western Bulldogs,12,14,10,9,86,69,26,19,0.46153846153846156,0.5263157894736842,17,7,False
8726,2022,8,Round 8,home_and_away,2022-05-06 20:40:00,Perth Stadium,Fremantle,North Melbourne,15,12,3,6,102,24,27,9,0.5555555555555556,0.3333333333333333,78,18,False
8727,2022,8,Round 8,home_and_away,2022-05-07 13:45:00,M.C.G.,Richmond,Collingwood,17,11,12,14,113,86,28,26,0.6071428571428571,0.46153846153846156,27,2,False
8728,2022,8,Round 8,home_and_away,2022-05-07 13:45:00,S.C.G.,Sydney,Gold Coast,8,13,10,15,61,75,21,25,0.38095238095238093,0.4,-14,-4,False
8729,2022,8,Round 8,home_and_away,2022-05-07 16:35:00,Manuka Oval,Greater Western Sydney,Geelong,4,11,12,16,35,88,15,28,0.26666666666666666,0.42857142857142855,-53,-13,False
8731,2022,8,Round 8,home_and_away,2022-05-07 19:25:00,Gabba,Brisbane Lions,West Coast,16,9,4,6,105,30,25,10,0.64,0.4,75,15,False
8730,2022,8,Round 8,home_and_away,2022-05-07 19:25:00,Docklands,Essendon,Hawthorn,16,12,11,15,108,81,28,26,0.5714285714285714,0.4230769230769231,27,2,False
8732,2022,8,Round 8,home_and_away,2022-05-08 13:10:00,M.C.G.,Melbourne,St Kilda,14,9,8,7,93,55,23,15,0.6086956521739131,0.5333333333333333,38,8,False
8733,2022,8,Round 8,home_and_away,2022-05-08 16:40:00,Docklands,Carlton,Adelaide,17,14,10,8,116,68,31,18,0.5483870967741935,0.5555555555555556,48,13,False
8734,2022,9,Round 9,home_and_away,2022-05-13 19:50:00,Docklands,Collingwood,Western Bulldogs,7,9,14,15,51,99,16,29,0.4375,0.4827586206896552,-48,-13,False
8735,2022,9,Round 9,home_and_away,2022-05-14 13:45:00,M.C.G.,Hawthorn,Richmond,14,10,17,15,94,117,24,32,0.5833333333333334,0.53125,-23,-8,False
8736,2022,9,Round 9,home_and_away,2022-05-14 14:10:00,Bellerive Oval,North Melbourne,Port Adelaide,6,10,17,13,46,115,16,30,0.375,0.5666666666666667,-69,-14,False
8737,2022,9,Round 9,home_and_away,2022-05-14 16:35:00,Docklands,St Kilda,Geelong,13,12,11,14,90,80,25,25,0.52,0.44,10,0,False
8738,2022,9,Round 9,home_and_away,2022-05-14 19:25:00,S.C.G.,Sydney,Essendon,14,21,6,11,105,47,35,17,0.4,0.35294117647058826,58,18,False
8739,2022,9,Round 9,home_and_away,2022-05-14 19:40:00,Adelaide Oval,Adelaide,Brisbane Lions,9,12,16,6,66,102,21,22,0.42857142857142855,0.7272727272727273,-36,-1,False
8740,2022,9,Round 9,home_and_away,2022-05-15 13:40:00,Carrara,Gold Coast,Fremantle,10,9,4,9,69,33,19,13,0.5263157894736842,0.3076923076923077,36,6,False
8741,2022,9,Round 9,home_and_away,2022-05-15 15:20:00,Sydney Showground,Greater Western Sydney,Carlton,11,9,15,15,75,105,20,30,0.55,0.5,-30,-10,False
8742,2022,9,Round 9,home_and_away,2022-05-15 17:20:00,Perth Stadium,West Coast,Melbourne,5,8,16,16,38,112,13,32,0.38461538461538464,0.5,-74,-19,False
8743,2022,10,Round 10,home_and_away,2022-05-20 19:50:00,Docklands,Carlton,Sydney,15,12,13,9,102,87,27,22,0.5555555555555556,0.5909090909090909,15,5,False
8744,2022,10,Round 10,home_and_away,2022-05-21 13:45:00,Kardinia Park,Geelong,Port Adelaide,11,16,7,5,82,47,27,12,0.4074074074074074,0.5833333333333334,35,15,False
8749,2022,10,Round 10,home_and_away,2022-05-21 13:45:00,Eureka Stadium,Western Bulldogs,Gold Coast,15,16,13,9,106,87,31,22,0.4838709677419355,0.5909090909090909,19,9,False
8747,2022,10,Round 10,home_and_away,2022-05-21 16:35:00,Docklands,North Melbourne,Melbourne,8,5,14,16,53,100,13,30,0.6153846153846154,0.4666666666666667,-47,-17,False
8750,2022,10,Round 10,home_and_away,2022-05-21 19:30:00,Adelaide Oval,Adelaide,St Kilda,9,15,14,6,69,90,24,20,0.375,0.7,-21,4,False
8748,2022,10,Round 10,home_and_away,2022-05-21 19:30:00,M.C.G.,Richmond,Essendon,11,14,7,6,80,48,25,13,0.44,0.5384615384615384,32,12,False
8745,2022,10,Round 10,home_and_away,2022-05-22 14:10:00,Sydney Showground,Greater Western Sydney,West Coast,21,12,13,8,138,86,33,21,0.6363636363636364,0.6190476190476191,52,12,False
8746,2022,10,Round 10,home_and_away,2022-05-22 15:20:00,York Park,Hawthorn,Brisbane Lions,18,9,17,10,117,112,27,27,0.6666666666666666,0.6296296296296297,5,0,False
8751,2022,10,Round 10,home_and_away,2022-05-22 17:20:00,Perth Stadium,Fremantle,Collingwood,6,8,12,8,44,80,14,20,0.42857142857142855,0.6,-36,-6,False
8757,2022,11,Round 11,home_and_away,2022-05-27 19:50:00,S.C.G.,Sydney,Richmond,16,10,15,10,106,100,26,25,0.6153846153846154,0.6,6,1,False
8752,2022,11,Round 11,home_and_away,2022-05-28 13:45:00,Gabba,Brisbane Lions,Greater Western Sydney,16,14,15,6,110,96,30,21,0.5333333333333333,0.7142857142857143,14,9,False
8754,2022,11,Round 11,home_and_away,2022-05-28 13:45:00,Kardinia Park,Geelong,Adelaide,15,7,7,13,97,55,22,20,0.6818181818181818,0.35,42,2,False
8755,2022,11,Round 11,home_and_away,2022-05-28 16:35:00,M.C.G.,Melbourne,Fremantle,7,14,14,10,56,94,21,24,0.3333333333333333,0.5833333333333334,-38,-3,False
8760,2022,11,Round 11,home_and_away,2022-05-28 19:30:00,Perth Stadium,West Coast,Western Bulldogs,9,6,25,11,60,161,15,36,0.6,0.6944444444444444,-101,-21,False
8758,2022,11,Round 11,home_and_away,2022-05-28 19:40:00,Marrara Oval,Gold Coast,Hawthorn,18,13,7,12,121,54,31,19,0.5806451612903226,0.3684210526315789,67,12,False
8756,2022,11,Round 11,home_and_away,2022-05-29 13:10:00,Docklands,St Kilda,North Melbourne,16,7,7,8,103,50,23,15,0.6956521739130435,0.4666666666666667,53,8,False
8753,2022,11,Round 11,home_and_away,2022-05-29 15:20:00,M.C.G.,Collingwood,Carlton,11,13,11,9,79,75,24,20,0.4583333333333333,0.55,4,4,False
8759,2022,11,Round 11,home_and_away,2022-05-29 16:40:00,Adelaide Oval,Port Adelaide,Essendon,9,12,6,14,66,50,21,20,0.42857142857142855,0.3,16,1,False
8763,2022,12,Round 12,home_and_away,2022-06-03 19:50:00,Docklands,Western Bulldogs,Geelong,10,10,12,11,70,83,20,23,0.5,0.5217391304347826,-13,-3,False
8764,2022,12,Round 12,home_and_away,2022-06-04 13:45:00,Adelaide Oval,Adelaide,West Coast,13,10,8,9,88,57,23,17,0.5652173913043478,0.47058823529411764,31,6,False
8765,2022,12,Round 12,home_and_away,2022-06-04 16:35:00,Marrara Oval,Gold Coast,North Melbourne,15,19,7,5,109,47,34,12,0.4411764705882353,0.5833333333333334,62,22,False
8762,2022,12,Round 12,home_and_away,2022-06-04 19:25:00,M.C.G.,Melbourne,Sydney,9,7,10,13,61,73,16,23,0.5625,0.43478260869565216,-12,-7,False
8761,2022,12,Round 12,home_and_away,2022-06-05 14:10:00,M.C.G.,Hawthorn,Collingwood,10,8,10,12,68,72,18,22,0.5555555555555556,0.45454545454545453,-4,-4,False
8766,2022,12,Round 12,home_and_away,2022-06-05 17:20:00,Perth Stadium,Fremantle,Brisbane Lions,15,9,13,7,99,85,24,20,0.625,0.65,14,4,False
8771,2022,13,Round 13,home_and_away,2022-06-09 19:20:00,M.C.G.,Richmond,Port Adelaide,11,11,10,5,77,65,22,15,0.5,0.6666666666666666,12,7,False
8769,2022,13,Round 13,home_and_away,2022-06-10 19:50:00,M.C.G.,Essendon,Carlton,7,12,12,8,54,80,19,20,0.3684210526315789,0.6,-26,-1,False
8772,2022,13,Round 13,home_and_away,2022-06-11 16:10:00,Perth Stadium,Fremantle,Hawthorn,14,11,12,10,95,82,25,22,0.56,0.5454545454545454,13,3,False
8767,2022,13,Round 13,home_and_away,2022-06-11 19:25:00,Gabba,Brisbane Lions,St Kilda,10,18,8,9,78,57,28,17,0.35714285714285715,0.47058823529411764,21,11,False
8770,2022,13,Round 13,home_and_away,2022-06-12 15:20:00,Docklands,North Melbourne,Greater Western Sydney,7,11,15,12,53,102,18,27,0.3888888888888889,0.5555555555555556,-49,-9,False
8768,2022,13,Round 13,home_and_away,2022-06-13 15:20:00,M.C.G.,Collingwood,Melbourne,12,10,8,8,82,56,22,16,0.5454545454545454,0.5,26,6,False
8775,2022,14,Round 14,home_and_away,2022-06-16 19:20:00,M.C.G.,Richmond,Carlton,11,15,9,12,81,66,26,21,0.4230769230769231,0.42857142857142855,15,5,False
8776,2022,14,Round 14,home_and_away,2022-06-17 19:50:00,Docklands,St Kilda,Essendon,11,6,15,17,72,107,17,32,0.6470588235294118,0.46875,-35,-15,False
8777,2022,14,Round 14,home_and_away,2022-06-18 13:45:00,Adelaide Oval,Port Adelaide,Sydney,12,10,8,11,82,59,22,19,0.5454545454545454,0.42105263157894735,23,3,False
8778,2022,14,Round 14,home_and_away,2022-06-18 16:35:00,Perth Stadium,West Coast,Geelong,9,9,12,9,63,81,18,21,0.5,0.5714285714285714,-18,-3,False
8774,2022,14,Round 14,home_and_away,2022-06-18 19:25:00,Sydney Showground,Greater Western Sydney,Western Bulldogs,16,9,19,11,105,125,25,30,0.64,0.6333333333333333,-20,-5,False
8773,2022,14,Round 14,home_and_away,2022-06-19 15:20:00,Carrara,Gold Coast,Adelaide,18,8,10,13,116,73,26,23,0.6923076923076923,0.43478260869565216,43,3,False
8782,2022,15,Round 15,home_and_away,2022-06-23 19:20:00,M.C.G.,Melbourne,Brisbane Lions,16,21,7,11,117,53,37,18,0.43243243243243246,0.3888888888888889,64,19,False
8785,2022,15,Round 15,home_and_away,2022-06-24 19:00:00,Docklands,Western Bulldogs,Hawthorn,19,11,12,11,125,83,30,23,0.6333333333333333,0.5217391304347826,42,7,False
8787,2022,15,Round 15,home_and_away,2022-06-24 20:40:00,Perth Stadium,West Coast,Essendon,16,11,14,13,107,97,27,27,0.5925925925925926,0.5185185185185185,10,0,False
8779,2022,15,Round 15,home_and_away,2022-06-25 13:45:00,Docklands,Carlton,Fremantle,12,9,7,8,81,50,21,15,0.5714285714285714,0.4666666666666667,31,6,False
8781,2022,15,Round 15,home_and_away,2022-06-25 16:35:00,M.C.G.,Geelong,Richmond,13,11,13,8,89,86,24,21,0.5416666666666666,0.6190476190476191,3,3,False
8784,2022,15,Round 15,home_and_away,2022-06-25 19:25:00,S.C.G.,Sydney,St Kilda,12,11,4,8,83,32,23,12,0.5217391304347826,0.3333333333333333,51,11,False
8783,2022,15,Round 15,home_and_away,2022-06-26 13:10:00,Bellerive Oval,North Melbourne,Adelaide,8,10,17,13,58,115,18,30,0.4444444444444444,0.5666666666666667,-57,-12,False
8780,2022,15,Round 15,home_and_away,2022-06-26 15:20:00,M.C.G.,Collingwood,Greater Western Sydney,11,22,12,5,88,77,33,17,0.3333333333333333,0.7058823529411765,11,16,False
8786,2022,15,Round 15,home_and_away,2022-06-26 16:10:00,Adelaide Oval,Port Adelaide,Gold Coast,13,15,13,13,93,91,28,26,0.4642857142857143,0.5,2,2,False
8788,2022,16,Round 16,home_and_away,2022-06-30 19:20:00,Gabba,Brisbane Lions,Western Bulldogs,16,12,9,13,108,67,28,22,0.5714285714285714,0.4090909090909091,41,6,False
8789,2022,16,Round 16,home_and_away,2022-07-01 19:50:00,Docklands,Carlton,St Kilda,10,18,14,9,78,93,28,23,0.35714285714285715,0.6086956521739131,-15,5,False
8790,2022,16,Round 16,home_and_away,2022-07-02 13:45:00,M.C.G.,Essendon,Sydney,15,5,12,14,95,86,20,26,0.75,0.46153846153846156,9,-6,False
8795,2022,16,Round 16,home_and_away,2022-07-02 16:35:00,Adelaide Oval,Adelaide,Melbourne,10,5,14,10,65,94,15,24,0.6666666666666666,0.5833333333333334,-29,-9,False
8791,2022,16,Round 16,home_and_away,2022-07-02 19:25:00,Kardinia Park,Geelong,North Melbourne,21,18,5,2,144,32,39,7,0.5384615384615384,0.7142857142857143,112,32,False
8792,2022,16,Round 16,home_and_away,2022-07-02 19:25:00,Carrara,Gold Coast,Collingwood,8,14,9,13,62,67,22,22,0.36363636363636365,0.4090909090909091,-5,0,False
8794,2022,16,Round 16,home_and_away,2022-07-03 14:10:00,M.C.G.,Richmond,West Coast,20,8,13,15,128,93,28,28,0.7142857142857143,0.4642857142857143,35,0,False
8793,2022,16,Round 16,home_and_away,2022-07-03 15:20:00,Sydney Showground,Greater Western Sydney,Hawthorn,11,6,7,8,72,50,17,15,0.6470588235294118,0.4666666666666667,22,2,False
8796,2022,16,Round 16,home_and_away,2022-07-03 17:20:00,Perth Stadium,Fremantle,Port Adelaide,15,9,14,7,99,91,24,21,0.625,0.6666666666666666,8,3,False
8799,2022,17,Round 17,home_and_away,2022-07-07 19:20:00,Kardinia Park,Geelong,Melbourne,12,19,9,9,91,63,31,18,0.3870967741935484,0.5,28,13,False
8803,2022,17,Round 17,home_and_away,2022-07-08 19:50:00,S.C.G.,Sydney,Western Bulldogs,17,18,9,13,120,67,35,22,0.4857142857142857,0.4090909090909091,53,13,False
8798,2022,17,Round 17,home_and_away,2022-07-09 13:45:00,M.C.G.,Collingwood,North Melbourne,13,10,12,9,88,81,23,21,0.5652173913043478,0.5714285714285714,7,2,False
8800,2022,17,Round 17,home_and_away,2022-07-09 16:35:00,Carrara,Gold Coast,Richmond,14,10,13,14,94,92,24,27,0.5833333333333334,0.48148148148148145,2,-3,False
8802,2022,17,Round 17,home_and_away,2022-07-09 19:25:00,Docklands,St Kilda,Fremantle,10,10,17,9,70,111,20,26,0.5,0.6538461538461539,-41,-6,False
8804,2022,17,Round 17,home_and_away,2022-07-09 19:30:00,Adelaide Oval,Port Adelaide,Greater Western Sydney,12,12,3,11,84,29,24,14,0.5,0.21428571428571427,55,10,False
8797,2022,17,Round 17,home_and_away,2022-07-10 13:10:00,Gabba,Brisbane Lions,Essendon,13,12,15,10,90,100,25,25,0.52,0.6,-10,0,False
8801,2022,17,Round 17,home_and_away,2022-07-10 15:20:00,Docklands,Hawthorn,Adelaide,13,8,8,6,86,54,21,14,0.6190476190476191,0.5714285714285714,32,7,False
8805,2022,17,Round 17,home_and_away,2022-07-10 16:40:00,Perth Stadium,West Coast,Carlton,8,5,17,14,53,116,13,31,0.6153846153846154,0.5483870967741935,-63,-18,False
8811,2022,18,Round 18,home_and_away,2022-07-15 19:50:00,Docklands,Western Bulldogs,St Kilda,13,6,7,14,84,56,19,21,0.6842105263157895,0.3333333333333333,28,-2,False
8812,2022,18,Round 18,home_and_away,2022-07-16 13:45:00,Adelaide Oval,Adelaide,Collingwood,13,8,14,7,86,91,21,21,0.6190476190476191,0.6666666666666666,-5,0,False
8808,2022,18,Round 18,home_and_away,2022-07-16 13:45:00,Manuka Oval,Greater Western Sydney,Brisbane Lions,9,5,15,9,59,99,14,24,0.6428571428571429,0.625,-40,-10,False
8810,2022,18,Round 18,home_and_away,2022-07-16 16:35:00,Docklands,North Melbourne,Richmond,14,8,11,22,92,88,22,33,0.6363636363636364,0.3333333333333333,4,-11,False
8806,2022,18,Round 18,home_and_away,2022-07-16 19:25:00,M.C.G.,Carlton,Geelong,8,7,12,13,55,85,15,25,0.5333333333333333,0.48,-30,-10,False
8814,2022,18,Round 18,home_and_away,2022-07-16 19:30:00,Perth Stadium,Fremantle,Sydney,9,11,11,16,65,82,20,27,0.45,0.4074074074074074,-17,-7,False
8809,2022,18,Round 18,home_and_away,2022-07-17 13:10:00,M.C.G.,Hawthorn,West Coast,15,12,12,5,102,77,27,17,0.5555555555555556,0.7058823529411765,25,10,False
8813,2022,18,Round 18,home_and_away,2022-07-17 15:20:00,Traeger Park,Melbourne,Port Adelaide,12,11,10,9,83,69,23,19,0.5217391304347826,0.5263157894736842,14,4,False
8807,2022,18,Round 18,home_and_away,2022-07-17 16:40:00,Docklands,Essendon,Gold Coast,14,19,8,7,103,55,33,15,0.42424242424242425,0.5333333333333333,48,18,False
8819,2022,19,Round 19,home_and_away,2022-07-22 19:50:00,Docklands,Richmond,Fremantle,7,10,7,10,52,52,17,17,0.4117647058823529,0.4117647058823529,0,0,True
8818,2022,19,Round 19,home_and_away,2022-07-23 13:45:00,Bellerive Oval,North Melbourne,Hawthorn,11,9,19,7,75,121,20,26,0.55,0.7307692307692307,-46,-6,False
8820,2022,19,Round 19,home_and_away,2022-07-23 13:45:00,S.C.G.,Sydney,Adelaide,17,16,12,13,118,85,33,25,0.5151515151515151,0.48,33,8,False
8822,2022,19,Round 19,home_and_away,2022-07-23 16:35:00,Adelaide Oval,Port Adelaide,Geelong,14,10,16,10,94,106,24,26,0.5833333333333334,0.6153846153846154,-12,-2,False
8815,2022,19,Round 19,home_and_away,2022-07-23 19:10:00,Gabba,Brisbane Lions,Gold Coast,16,14,14,9,110,93,30,23,0.5333333333333333,0.6086956521739131,17,7,False
8821,2022,19,Round 19,home_and_away,2022-07-23 19:25:00,Docklands,Western Bulldogs,Melbourne,17,8,15,10,110,100,25,25,0.68,0.6,10,0,False
8816,2022,19,Round 19,home_and_away,2022-07-24 13:10:00,Docklands,Carlton,Greater Western Sydney,13,12,8,6,90,54,25,14,0.52,0.5714285714285714,36,11,False
8817,2022,19,Round 19,home_and_away,2022-07-24 15:20:00,M.C.G.,Collingwood,Essendon,12,8,11,10,80,76,20,21,0.6,0.5238095238095238,4,-1,False
8823,2022,19,Round 19,home_and_away,2022-07-24 16:40:00,Perth Stadium,West Coast,St Kilda,10,2,14,6,62,90,12,20,0.8333333333333334,0.7,-28,-8,False
8832,2022,20,Round 20,home_and_away,2022-07-29 20:10:00,Perth Stadium,Fremantle,Melbourne,5,9,12,13,39,85,14,25,0.35714285714285715,0.48,-46,-11,False
8824,2022,20,Round 20,home_and_away,2022-07-30 13:45:00,M.C.G.,Collingwood,Port Adelaide,13,10,12,10,88,82,23,22,0.5652173913043478,0.5454545454545454,6,1,False
8830,2022,20,Round 20,home_and_away,2022-07-30 14:10:00,S.C.G.,Sydney,Greater Western Sydney,17,10,5,9,112,39,27,14,0.6296296296296297,0.35714285714285715,73,13,False
8829,2022,20,Round 20,home_and_away,2022-07-30 16:35:00,Docklands,St Kilda,Hawthorn,10,15,9,9,75,63,25,18,0.4,0.5,12,7,False
8826,2022,20,Round 20,home_and_away,2022-07-30 19:25:00,Kardinia Park,Geelong,Western Bulldogs,14,10,9,12,94,66,24,21,0.5833333333333334,0.42857142857142855,28,3,False
8831,2022,20,Round 20,home_and_away,2022-07-30 19:30:00,Adelaide Oval,Adelaide,Carlton,12,12,8,7,84,55,24,15,0.5,0.5333333333333333,29,9,False
8827,2022,20,Round 20,home_and_away,2022-07-31 13:10:00,Carrara,Gold Coast,West Coast,16,11,16,8,107,104,27,24,0.5925925925925926,0.6666666666666666,3,3,False
8828,2022,20,Round 20,home_and_away,2022-07-31 15:20:00,M.C.G.,Richmond,Brisbane Lions,15,14,14,13,104,97,29,27,0.5172413793103449,0.5185185185185185,7,2,False
8825,2022,20,Round 20,home_and_away,2022-07-31 16:40:00,Docklands,Essendon,North Melbourne,17,12,9,12,114,66,29,21,0.5862068965517241,0.42857142857142855,48,8,False
8837,2022,21,Round 21,home_and_away,2022-08-05 19:50:00,M.C.G.,Melbourne,Collingwood,13,11,15,6,89,96,24,21,0.5416666666666666,0.7142857142857143,-7,3,False
8836,2022,21,Round 21,home_and_away,2022-08-06 13:45:00,York Park,Hawthorn,Gold Coast,10,10,8,15,70,63,20,23,0.5,0.34782608695652173,7,-3,False
8835,2022,21,Round 21,home_and_away,2022-08-06 14:10:00,Sydney Showground,Greater Western Sydney,Essendon,14,12,10,9,96,69,26,19,0.5384615384615384,0.5263157894736842,27,7,False
8839,2022,21,Round 21,home_and_away,2022-08-06 16:35:00,Docklands,Western Bulldogs,Fremantle,11,12,14,11,78,95,23,25,0.4782608695652174,0.56,-17,-2,False
8834,2022,21,Round 21,home_and_away,2022-08-06 19:25:00,Kardinia Park,Geelong,St Kilda,17,8,10,5,110,65,25,15,0.68,0.6666666666666666,45,10,False
8840,2022,21,Round 21,home_and_away,2022-08-06 19:40:00,Adelaide Oval,Port Adelaide,Richmond,10,11,16,13,71,109,21,29,0.47619047619047616,0.5517241379310345,-38,-8,False
8838,2022,21,Round 21,home_and_away,2022-08-07 13:10:00,Docklands,North Melbourne,Sydney,13,10,18,18,88,126,23,36,0.5652173913043478,0.5,-38,-13,False
8833,2022,21,Round 21,home_and_away,2022-08-07 15:20:00,Gabba,Brisbane Lions,Carlton,17,12,12,9,114,81,29,21,0.5862068965517241,0.5714285714285714,33,8,False
8841,2022,21,Round 21,home_and_away,2022-08-07 16:10:00,Perth Stadium,West Coast,Adelaide,13,8,16,6,86,102,21,22,0.6190476190476191,0.7272727272727273,-16,-1,False
8846,2022,22,Round 22,home_and_away,2022-08-12 19:50:00,Docklands,St Kilda,Brisbane Lions,9,12,12,9,66,81,21,21,0.42857142857142855,0.5714285714285714,-15,0,False
8848,2022,22,Round 22,home_and_away,2022-08-13 13:45:00,Docklands,Western Bulldogs,Greater Western Sydney,9,8,8,9,62,57,17,17,0.5294117647058824,0.47058823529411764,5,0,False
8849,2022,22,Round 22,home_and_away,2022-08-13 14:10:00,Adelaide Oval,Adelaide,North Melbourne,15,13,10,14,103,74,28,24,0.5357142857142857,0.4166666666666667,29,4,False
8843,2022,22,Round 22,home_and_away,2022-08-13 16:35:00,Carrara,Gold Coast,Geelong,9,5,18,11,59,119,14,29,0.6428571428571429,0.6206896551724138,-60,-15,False
8844,2022,22,Round 22,home_and_away,2022-08-13 19:25:00,M.C.G.,Melbourne,Carlton,11,13,10,14,79,74,24,24,0.4583333333333333,0.4166666666666667,5,0,False
8850,2022,22,Round 22,home_and_away,2022-08-13 19:40:00,Perth Stadium,Fremantle,West Coast,9,17,7,5,71,47,26,12,0.34615384615384615,0.5833333333333334,24,14,False
8845,2022,22,Round 22,home_and_away,2022-08-14 13:10:00,M.C.G.,Richmond,Hawthorn,20,8,9,13,128,67,28,22,0.7142857142857143,0.4090909090909091,61,6,False
8847,2022,22,Round 22,home_and_away,2022-08-14 15:20:00,S.C.G.,Sydney,Collingwood,11,11,7,8,77,50,22,15,0.5,0.4666666666666667,27,7,False
8842,2022,22,Round 22,home_and_away,2022-08-14 16:40:00,Docklands,Essendon,Port Adelaide,9,8,23,8,62,146,17,31,0.5294117647058824,0.7419354838709677,-84,-14,False
8851,2022,23,Round 23,home_and_away,2022-08-19 19:50:00,Gabba,Brisbane Lions,Melbourne,8,9,18,7,57,115,17,25,0.47058823529411764,0.72,-58,-8,False
8855,2022,23,Round 23,home_and_away,2022-08-20 13:45:00,Manuka Oval,Greater Western Sydney,Fremantle,10,9,13,11,69,89,19,24,0.5263157894736842,0.5416666666666666,-20,-5,False
8857,2022,23,Round 23,home_and_away,2022-08-20 14:10:00,Docklands,North Melbourne,Gold Coast,6,11,16,18,47,114,17,34,0.35294117647058826,0.47058823529411764,-67,-17,False
8854,2022,23,Round 23,home_and_away,2022-08-20 16:35:00,Kardinia Park,Geelong,West Coast,19,17,7,4,131,46,36,11,0.5277777777777778,0.6363636363636364,85,25,False
8853,2022,23,Round 23,home_and_away,2022-08-20 19:25:00,M.C.G.,Essendon,Richmond,11,9,21,15,75,141,20,36,0.55,0.5833333333333334,-66,-16,False
8859,2022,23,Round 23,home_and_away,2022-08-20 19:30:00,Adelaide Oval,Port Adelaide,Adelaide,16,15,7,13,111,55,31,20,0.5161290322580645,0.35,56,11,False
8856,2022,23,Round 23,home_and_away,2022-08-21 13:10:00,York Park,Hawthorn,Western Bulldogs,10,4,12,15,64,87,14,27,0.7142857142857143,0.4444444444444444,-23,-13,False
8852,2022,23,Round 23,home_and_away,2022-08-21 15:20:00,M.C.G.,Carlton,Collingwood,10,14,11,9,74,75,24,20,0.4166666666666667,0.55,-1,4,False
8858,2022,23,Round 23,home_and_away,2022-08-21 16:40:00,Docklands,St Kilda,Sydney,11,8,13,10,74,88,19,23,0.5789473684210527,0.5652173913043478,-14,-4,False
10906,2022,24,Finals Week 1,elimination_final,2022-09-01 19:20:00,Gabba,Brisbane Lions,Richmond,16,10,16,8,106,104,26,24,0.6153846153846154,0.6666666666666666,2,2,False
10908,2022,24,Finals Week 1,qualifying_final,2022-09-02 19:50:00,M.C.G.,Melbourne,Sydney,10,9,14,7,69,91,19,21,0.5263157894736842,0.6666666666666666,-22,-2,False
10907,2022,24,Finals Week 1,qualifying_final,2022-09-03 16:35:00,M.C.G.,Geelong,Collingwood,11,12,10,12,78,72,23,22,0.4782608695652174,0.45454545454545453,6,1,False
10905,2022,24,Finals Week 1,elimination_final,2022-09-03 20:10:00,Perth Stadium,Fremantle,Western Bulldogs,11,7,8,12,73,60,18,20,0.6111111111111112,0.4,13,-2,False
10910,2022,25,Semi-Finals,semi_final,2022-09-09 19:50:00,M.C.G.,Melbourne,Brisbane Lions,11,13,14,8,79,92,24,22,0.4583333333333333,0.6363636363636364,-13,2,False
10909,2022,25,Semi-Finals,semi_final,2022-09-10 19:25:00,M.C.G.,Collingwood,Fremantle,11,13,9,5,79,59,24,14,0.4583333333333333,0.6428571428571429,20,10,False
10911,2022,26,Preliminary Finals,preliminary_final,2022-09-16 19:50:00,M.C.G.,Geelong,Brisbane Lions,18,12,7,7,120,49,30,14,0.6,0.5,71,16,False
10912,2022,26,Preliminary Finals,preliminary_final,2022-09-17 16:45:00,S.C.G.,Sydney,Collingwood,14,11,14,10,95,94,25,24,0.56,0.5833333333333334,1,1,False
10913,2022,27,Grand Final,grand_final,2022-09-24 14:30:00,M.C.G.,Geelong,Sydney,20,13,8,4,133,52,33,12,0.6060606060606061,0.6666666666666666,81,21,False
34260,2023,1,Round 1,home_and_away,2023-03-16 19:20:00,M.C.G.,Richmond,Carlton,8,10,8,10,58,58,18,18,0.4444444444444444,0.4444444444444444,0,0,True
34261,2023,1,Round 1,home_and_away,2023-03-17 19:40:00,M.C.G.,Geelong,Collingwood,16,7,19,11,103,125,23,30,0.6956521739130435,0.6333333333333333,-22,-7,False
34262,2023,1,Round 1,home_and_away,2023-03-18 13:45:00,Docklands,North Melbourne,West Coast,12,15,12,10,87,82,27,22,0.4444444444444444,0.5454545454545454,5,5,False
34263,2023,1,Round 1,home_and_away,2023-03-18 16:35:00,Adelaide Oval,Port Adelaide,Brisbane Lions,18,18,11,6,126,72,36,17,0.5,0.6470588235294118,54,19,False
34264,2023,1,Round 1,home_and_away,2023-03-18 19:25:00,M.C.G.,Melbourne,Western Bulldogs,17,13,9,11,115,65,30,20,0.5666666666666667,0.45,50,10,False
34265,2023,1,Round 1,home_and_away,2023-03-18 20:00:00,Carrara,Gold Coast,Sydney,9,7,16,14,61,110,16,30,0.5625,0.5333333333333333,-49,-14,False
34266,2023,1,Round 1,home_and_away,2023-03-19 13:10:00,Sydney Showground,Greater Western Sydney,Adelaide,15,16,12,18,106,90,31,30,0.4838709677419355,0.4,16,1,False
34267,2023,1,Round 1,home_and_away,2023-03-19 15:20:00,M.C.G.,Hawthorn,Essendon,9,11,19,10,65,124,20,29,0.45,0.6551724137931034,-59,-9,False
34268,2023,1,Round 1,home_and_away,2023-03-19 16:40:00,Docklands,St Kilda,Fremantle,10,7,7,10,67,52,17,17,0.5882352941176471,0.4117647058823529,15,0,False
34269,2023,2,Round 2,home_and_away,2023-03-23 19:20:00,M.C.G.,Carlton,Geelong,13,12,12,10,90,82,25,22,0.52,0.5454545454545454,8,3,False
34270,2023,2,Round 2,home_and_away,2023-03-24 19:55:00,Gabba,Brisbane Lions,Melbourne,14,9,13,4,93,82,23,17,0.6086956521739131,0.7647058823529411,11,6,False
34271,2023,2,Round 2,home_and_away,2023-03-25 13:45:00,M.C.G.,Collingwood,Port Adelaide,21,9,9,10,135,64,30,19,0.7,0.47368421052631576,71,11,False
34272,2023,2,Round 2,home_and_away,2023-03-25 16:35:00,Adelaide Oval,Adelaide,Richmond,10,16,17,6,76,108,26,23,0.38461538461538464,0.7391304347826086,-32,3,False
34273,2023,2,Round 2,home_and_away,2023-03-25 19:25:00,Docklands,Western Bulldogs,St Kilda,5,11,14,8,41,92,16,22,0.3125,0.6363636363636364,-51,-6,False
34274,2023,2,Round 2,home_and_away,2023-03-25 19:30:00,Perth Stadium,Fremantle,North Melbourne,10,12,11,7,72,73,22,18,0.45454545454545453,0.6111111111111112,-1,4,False
34275,2023,2,Round 2,home_and_away,2023-03-26 13:10:00,S.C.G.,Sydney,Hawthorn,17,16,4,13,118,37,33,17,0.5151515151515151,0.23529411764705882,81,16,False
34276,2023,2,Round 2,home_and_away,2023-03-26 15:20:00,Docklands,Essendon,Gold Coast,16,12,11,14,108,80,28,25,0.5714285714285714,0.44,28,3,False
34277,2023,2,Round 2,home_and_away,2023-03-26 18:20:00,Perth Stadium,West Coast,Greater Western Sydney,14,16,11,15,100,81,30,26,0.4666666666666667,0.4230769230769231,19,4,False
34278,2023,3,Round 3,home_and_away,2023-03-30 19:20:00,Docklands,Western Bulldogs,Brisbane Lions,10,7,7,11,67,53,17,18,0.5882352941176471,0.3888888888888889,14,-1,False
34279,2023,3,Round 3,home_and_away,2023-03-31 19:50:00,M.C.G.,Collingwood,Richmond,8,15,7,7,63,49,23,14,0.34782608695652173,0.5,14,9,False
34280,2023,3,Round 3,home_and_away,2023-04-01 13:45:00,York Park,Hawthorn,North Melbourne,11,14,9,7,80,61,25,16,0.44,0.5625,19,9,False
34281,2023,3,Round 3,home_and_away,2023-04-01 16:35:00,Sydney Showground,Greater Western Sydney,Carlton,9,10,9,20,64,74,19,29,0.47368421052631576,0.3103448275862069,-10,-10,False
34282,2023,3,Round 3,home_and_away,2023-04-01 19:25:00,M.C.G.,St Kilda,Essendon,14,8,11,8,92,74,22,19,0.6363636363636364,0.5789473684210527,18,3,False
34283,2023,3,Round 3,home_and_away,2023-04-01 19:30:00,Adelaide Oval,Port Adelaide,Adelaide,13,8,18,9,86,117,21,27,0.6190476190476191,0.6666666666666666,-31,-6,False
34284,2023,3,Round 3,home_and_away,2023-04-02 14:10:00,Carrara,Gold Coast,Geelong,10,13,7,12,73,54,23,19,0.43478260869565216,0.3684210526315789,19,4,False
34285,2023,3,Round 3,home_and_away,2023-04-02 15:20:00,M.C.G.,Melbourne,Sydney,21,8,12,12,134,84,29,24,0.7241379310344828,0.5,50,5,False
34286,2023,3,Round 3,home_and_away,2023-04-02 17:20:00,Perth Stadium,Fremantle,West Coast,16,12,9,13,108,67,28,22,0.5714285714285714,0.4090909090909091,41,6,False
34287,2023,4,Round 4,home_and_away,2023-04-06 19:35:00,Gabba,Brisbane Lions,Collingwood,18,8,11,17,116,83,26,28,0.6923076923076923,0.39285714285714285,33,-2,False
34288,2023,4,Round 4,home_and_away,2023-04-07 16:20:00,Docklands,North Melbourne,Carlton,11,18,16,11,84,107,29,27,0.3793103448275862,0.5925925925925926,-23,2,False
34289,2023,4,Round 4,home_and_away,2023-04-08 13:45:00,Adelaide Oval,Adelaide,Fremantle,17,9,10,12,111,72,26,22,0.6538461538461539,0.45454545454545453,39,4,False
34290,2023,4,Round 4,home_and_away,2023-04-08 16:35:00,M.C.G.,Richmond,Western Bulldogs,12,12,12,17,84,89,24,29,0.5,0.41379310344827586,-5,-5,False
34291,2023,4,Round 4,home_and_away,2023-04-08 19:30:00,Docklands,St Kilda,Gold Coast,17,11,8,12,113,60,28,20,0.6071428571428571,0.4,53,8,False
34292,2023,4,Round 4,home_and_away,2023-04-08 19:30:00,S.C.G.,Sydney,Port Adelaide,9,10,9,12,64,66,19,21,0.47368421052631576,0.42857142857142855,-2,-2,False
34293,2023,4,Round 4,home_and_away,2023-04-09 14:10:00,Docklands,Essendon,Greater Western Sydney,11,22,11,9,88,75,33,20,0.3333333333333333,0.55,13,13,False
34294,2023,4,Round 4,home_and_away,2023-04-09 17:20:00,Perth Stadium,West Coast,Melbourne,9,9,19,12,63,126,18,31,0.5,0.6129032258064516,-63,-13,False
34295,2023,4,Round 4,home_and_away,2023-04-10 15:20:00,M.C.G.,Geelong,Hawthorn,19,13,6,9,127,45,32,15,0.59375,0.4,82,17,False
34296,2023,5,Round 5,home_and_away,2023-04-13 19:40:00,Adelaide Oval,Adelaide,Carlton,18,10,9,8,118,62,28,17,0.6428571428571429,0.5294117647058824,56,11,False
34297,2023,5,Round 5,home_and_away,2023-04-14 17:10:00,Norwood Oval,Fremantle,Gold Coast,15,10,13,12,100,90,25,25,0.6,0.52,10,0,False
34505,2023,5,Round 5,home_and_away,2023-04-14 20:10:00,Adelaide Oval,Richmond,Sydney,11,12,18,14,78,122,23,32,0.4782608695652174,0.5625,-44,-9,False
34506,2023,5,Round 5,home_and_away,2023-04-15 13:10:00,Adelaide Hills,Brisbane Lions,North Melbourne,22,20,12,5,152,77,42,17,0.5238095238095238,0.7058823529411765,75,25,False
34300,2023,5,Round 5,home_and_away,2023-04-15 16:10:00,Adelaide Oval,Essendon,Melbourne,15,14,11,11,104,77,29,22,0.5172413793103449,0.5,27,7,False
34301,2023,5,Round 5,home_and_away,2023-04-15 19:50:00,Adelaide Oval,Port Adelaide,Western Bulldogs,10,10,8,8,70,56,20,16,0.5,0.5,14,4,False
34302,2023,5,Round 5,home_and_away,2023-04-16 13:10:00,Adelaide Oval,Geelong,West Coast,21,10,13,11,136,89,31,24,0.6774193548387096,0.5416666666666666,47,7,False
34510,2023,5,Round 5,home_and_away,2023-04-16 15:20:00,Norwood Oval,Greater Western Sydney,Hawthorn,10,17,11,9,77,75,27,20,0.37037037037037035,0.55,2,7,False
34511,2023,5,Round 5,home_and_away,2023-04-16 16:50:00,Adelaide Oval,Collingwood,St Kilda,10,10,9,10,70,64,20,19,0.5,0.47368421052631576,6,1,False
34305,2023,6,Round 6,home_and_away,2023-04-21 20:10:00,Perth Stadium,Fremantle,Western Bulldogs,10,9,17,16,69,118,19,33,0.5263157894736842,0.5151515151515151,-49,-14,False
34306,2023,6,Round 6,home_and_away,2023-04-22 13:45:00,Adelaide Oval,Port Adelaide,West Coast,16,13,10,9,109,69,29,19,0.5517241379310345,0.5263157894736842,40,10,False
34307,2023,6,Round 6,home_and_away,2023-04-22 16:35:00,Manuka Oval,Greater Western Sydney,Brisbane Lions,13,9,16,12,87,108,22,28,0.5909090909090909,0.5714285714285714,-21,-6,False
34308,2023,6,Round 6,home_and_away,2023-04-22 19:25:00,Kardinia Park,Geelong,Sydney,20,10,5,7,130,37,30,12,0.6666666666666666,0.4166666666666667,93,18,False
34309,2023,6,Round 6,home_and_away,2023-04-23 13:10:00,York Park,Hawthorn,Adelaide,11,10,11,13,76,79,21,24,0.5238095238095238,0.4583333333333333,-3,-3,False
34310,2023,6,Round 6,home_and_away,2023-04-23 15:20:00,Docklands,Carlton,St Kilda,8,12,12,10,60,82,20,22,0.4,0.5454545454545454,-22,-2,False
34311,2023,6,Round 6,home_and_away,2023-04-23 16:40:00,Carrara,Gold Coast,North Melbourne,14,13,7,12,97,54,27,19,0.5185185185185185,0.3684210526315789,43,8,False
34312,2023,6,Round 6,home_and_away,2023-04-24 19:25:00,M.C.G.,Melbourne,Richmond,15,6,11,12,96,78,21,23,0.7142857142857143,0.4782608695652174,18,-2,False
34313,2023,6,Round 6,home_and_away,2023-04-25 15:20:00,M.C.G.,Collingwood,Essendon,13,12,11,11,90,77,25,22,0.52,0.5,13,3,False
34314,2023,7,Round 7,home_and_away,2023-04-28 19:50:00,Docklands,St Kilda,Port Adelaide,11,10,12,11,76,83,21,23,0.5238095238095238,0.5217391304347826,-7,-2,False
34315,2023,7,Round 7,home_and_away,2023-04-29 13:45:00,Gabba,Brisbane Lions,Fremantle,17,13,10,7,115,67,30,17,0.5666666666666667,0.5882352941176471,48,13,False
34316,2023,7,Round 7,home_and_away,2023-04-29 14:10:00,S.C.G.,Sydney,Greater Western Sydney,16,10,17,5,106,107,26,22,0.6153846153846154,0.7727272727272727,-1,4,False
34317,2023,7,Round 7,home_and_away,2023-04-29 16:35:00,Docklands,Western Bulldogs,Hawthorn,14,10,9,11,94,65,24,20,0.5833333333333334,0.45,29,4,False
34318,2023,7,Round 7,home_and_away,2023-04-29 19:25:00,M.C.G.,Melbourne,North Melbourne,22,7,7,7,139,49,29,14,0.7586206896551724,0.5,90,15,False
34319,2023,7,Round 7,home_and_away,2023-04-29 19:30:00,Perth Stadium,West Coast,Carlton,6,8,23,14,44,152,14,37,0.42857142857142855,0.6216216216216216,-108,-23,False
34320,2023,7,Round 7,home_and_away,2023-04-30 13:10:00,M.C.G.,Essendon,Geelong,16,8,20,12,104,132,24,32,0.6666666666666666,0.625,-28,-8,False
34321,2023,7,Round 7,home_and_away,2023-04-30 15:20:00,Docklands,Richmond,Gold Coast,6,12,11,6,48,72,18,17,0.3333333333333333,0.6470588235294118,-24,1,False
34322,2023,7,Round 7,home_and_away,2023-04-30 16:40:00,Adelaide Oval,Adelaide,Collingwood,7,16,8,11,58,59,23,19,0.30434782608695654,0.42105263157894735,-1,4,False
34323,2023,8,Round 8,home_and_away,2023-05-05 19:50:00,Docklands,Carlton,Brisbane Lions,11,8,15,10,74,100,19,25,0.5789473684210527,0.6,-26,-6,False
34324,2023,8,Round 8,home_and_away,2023-05-06 13:45:00,M.C.G.,Richmond,West Coast,15,14,8,10,104,58,29,18,0.5172413793103449,0.4444444444444444,46,11,False
34325,2023,8,Round 8,home_and_away,2023-05-06 14:10:00,Kardinia Park,Geelong,Adelaide,14,14,11,6,98,72,28,17,0.5,0.6470588235294118,26,11,False
34326,2023,8,Round 8,home_and_away,2023-05-06 16:35:00,Carrara,Gold Coast,Melbourne,13,7,13,12,85,90,20,25,0.65,0.52,-5,-5,False
34328,2023,8,Round 8,home_and_away,2023-05-06 19:30:00,Perth Stadium,Fremantle,Hawthorn,18,9,7,6,117,48,27,13,0.6666666666666666,0.5384615384615384,69,14,False
34327,2023,8,Round 8,home_and_away,2023-05-06 19:30:00,Manuka Oval,Greater Western Sydney,Western Bulldogs,10,11,13,8,71,86,21,21,0.47619047619047616,0.6190476190476191,-15,0,False
34329,2023,8,Round 8,home_and_away,2023-05-07 13:10:00,Adelaide Oval,Port Adelaide,Essendon,12,20,13,9,92,87,32,22,0.375,0.5909090909090909,5,10,False
34330,2023,8,Round 8,home_and_away,2023-05-07 15:20:00,M.C.G.,Collingwood,Sydney,11,11,6,12,77,48,22,18,0.5,0.3333333333333333,29,4,False
34331,2023,8,Round 8,home_and_away,2023-05-07 16:40:00,Docklands,North Melbourne,St Kilda,4,10,8,16,34,64,14,24,0.2857142857142857,0.3333333333333333,-30,-10,False
34332,2023,9,Round 9,home_and_away,2023-05-12 19:20:00,M.C.G.,Richmond,Geelong,16,6,11,12,102,78,22,23,0.7272727272727273,0.4782608695652174,24,-1,False
34333,2023,9,Round 9,home_and_away,2023-05-12 20:40:00,Perth Stadium,West Coast,Gold Coast,6,7,16,17,43,113,13,33,0.46153846153846156,0.48484848484848486,-70,-20,False
34334,2023,9,Round 9,home_and_away,2023-05-13 13:45:00,S.C.G.,Sydney,Fremantle,13,8,16,7,86,103,21,23,0.6190476190476191,0.6956521739130435,-17,-2,False
34335,2023,9,Round 9,home_and_away,2023-05-13 14:10:00,Bellerive Oval,North Melbourne,Port Adelaide,10,5,20,15,65,135,15,35,0.6666666666666666,0.5714285714285714,-70,-20,False
34336,2023,9,Round 9,home_and_away,2023-05-13 16:35:00,M.C.G.,Hawthorn,Melbourne,7,7,15,13,49,103,14,28,0.5,0.5357142857142857,-54,-14,False
34337,2023,9,Round 9,home_and_away,2023-05-13 19:25:00,Gabba,Brisbane Lions,Essendon,12,15,6,9,87,45,27,15,0.4444444444444444,0.4,42,12,False
34338,2023,9,Round 9,home_and_away,2023-05-13 19:30:00,Docklands,Carlton,Western Bulldogs,8,11,11,13,59,79,19,24,0.42105263157894735,0.4583333333333333,-20,-5,False
34339,2023,9,Round 9,home_and_away,2023-05-14 13:10:00,Adelaide Oval,Adelaide,St Kilda,19,7,10,9,121,69,26,19,0.7307692307692307,0.5263157894736842,52,7,False
34340,2023,9,Round 9,home_and_away,2023-05-14 16:40:00,M.C.G.,Collingwood,Greater Western Sydney,18,12,7,13,120,55,30,20,0.6,0.35,65,10,False
34341,2023,10,Round 10,home_and_away,2023-05-19 19:50:00,Adelaide Oval,Port Adelaide,Melbourne,11,14,11,10,80,76,25,21,0.44,0.5238095238095238,4,4,False
34342,2023,10,Round 10,home_and_away,2023-05-20 13:45:00,Docklands,North Melbourne,Sydney,14,6,14,9,90,93,20,23,0.7,0.6086956521739131,-3,-3,False
34343,2023,10,Round 10,home_and_away,2023-05-20 14:10:00,Eureka Stadium,Western Bulldogs,Adelaide,11,19,5,10,85,40,30,15,0.36666666666666664,0.3333333333333333,45,15,False
34344,2023,10,Round 10,home_and_away,2023-05-20 16:35:00,Perth Stadium,Fremantle,Geelong,16,10,11,11,106,77,26,22,0.6153846153846154,0.5,29,4,False
34345,2023,10,Round 10,home_and_away,2023-05-20 19:30:00,Gabba,Brisbane Lions,Gold Coast,16,11,9,10,107,64,27,19,0.5925925925925926,0.47368421052631576,43,8,False
34346,2023,10,Round 10,home_and_away,2023-05-20 19:40:00,M.C.G.,Essendon,Richmond,10,11,10,10,71,70,21,20,0.47619047619047616,0.5,1,1,False
34347,2023,10,Round 10,home_and_away,2023-05-21 13:10:00,York Park,Hawthorn,West Coast,22,10,4,2,142,26,32,6,0.6875,0.6666666666666666,116,26,False
34348,2023,10,Round 10,home_and_away,2023-05-21 15:20:00,M.C.G.,Carlton,Collingwood,7,15,13,7,57,85,22,20,0.3181818181818182,0.65,-28,2,False
34349,2023,10,Round 10,home_and_away,2023-05-21 16:40:00,Sydney Showground,Greater Western Sydney,St Kilda,12,8,13,14,80,92,20,27,0.6,0.48148148148148145,-12,-7,False
34350,2023,11,Round 11,home_and_away,2023-05-26 19:50:00,S.C.G.,Sydney,Carlton,11,11,6,15,77,51,22,21,0.5,0.2857142857142857,26,1,False
34351,2023,11,Round 11,home_and_away,2023-05-27 13:45:00,Docklands,St Kilda,Hawthorn,12,6,12,16,78,88,18,28,0.6666666666666666,0.42857142857142855,-10,-10,False
34352,2023,11,Round 11,home_and_away,2023-05-27 14:10:00,M.C.G.,Melbourne,Fremantle,10,12,12,7,72,79,22,19,0.45454545454545453,0.631578947368421,-7,3,False
34353,2023,11,Round 11,home_and_away,2023-05-27 16:35:00,Kardinia Park,Geelong,Greater Western Sydney,10,14,12,9,74,81,24,21,0.4166666666666667,0.5714285714285714,-7,3,False
34354,2023,11,Round 11,home_and_away,2023-05-27 19:25:00,Marrara Oval,Gold Coast,Western Bulldogs,13,6,11,11,84,77,19,22,0.6842105263157895,0.5,7,-3,False
34355,2023,11,Round 11,home_and_away,2023-05-27 19:40:00,Perth Stadium,West Coast,Essendon,6,10,14,12,46,96,16,26,0.375,0.5384615384615384,-50,-10,False
34356,2023,11,Round 11,home_and_away,2023-05-28 13:10:00,M.C.G.,Richmond,Port Adelaide,9,13,10,17,67,77,22,27,0.4090909090909091,0.37037037037037035,-10,-5,False
34357,2023,11,Round 11,home_and_away,2023-05-28 15:20:00,Docklands,Collingwood,North Melbourne,16,9,10,10,105,70,25,20,0.64,0.5,35,5,False
34358,2023,11,Round 11,home_and_away,2023-05-28 16:40:00,Adelaide Oval,Adelaide,Brisbane Lions,14,11,10,18,95,78,25,28,0.56,0.35714285714285715,17,-3,False
34359,2023,12,Round 12,home_and_away,2023-06-02 19:50:00,M.C.G.,Melbourne,Carlton,8,13,6,8,61,44,21,14,0.38095238095238093,0.42857142857142855,17,7,False
34360,2023,12,Round 12,home_and_away,2023-06-03 13:45:00,Adelaide Oval,Port Adelaide,Hawthorn,23,13,14,12,151,96,36,26,0.6388888888888888,0.5384615384615384,55,10,False
34361,2023,12,Round 12,home_and_away,2023-06-03 16:35:00,Perth Stadium,West Coast,Collingwood,8,9,18,12,57,120,17,30,0.47058823529411764,0.6,-63,-13,False
34362,2023,12,Round 12,home_and_away,2023-06-03 19:25:00,Docklands,Western Bulldogs,Geelong,10,15,15,7,75,97,25,22,0.4,0.6818181818181818,-22,3,False
34363,2023,12,Round 12,home_and_away,2023-06-03 19:30:00,Marrara Oval,Gold Coast,Adelaide,16,16,13,9,112,87,32,22,0.5,0.5909090909090909,25,10,False
34364,2023,12,Round 12,home_and_away,2023-06-04 13:10:00,Sydney Showground,Greater Western Sydney,Richmond,15,14,16,14,104,110,29,30,0.5172413793103449,0.5333333333333333,-6,-1,False
34365,2023,12,Round 12,home_and_away,2023-06-04 16:40:00,Docklands,Essendon,North Melbourne,16,9,15,9,105,99,25,24,0.64,0.625,6,1,False
34366,2023,13,Round 13,home_and_away,2023-06-08 19:10:00,S.C.G.,Sydney,St Kilda,9,12,12,8,66,80,21,20,0.42857142857142855,0.6,-14,1,False
34367,2023,13,Round 13,home_and_away,2023-06-09 19:50:00,Docklands,Western Bulldogs,Port Adelaide,13,7,16,11,85,107,20,27,0.65,0.5925925925925926,-22,-7,False
34368,2023,13,Round 13,home_and_away,2023-06-10 13:45:00,M.C.G.,Hawthorn,Brisbane Lions,15,8,11,7,98,73,23,18,0.6521739130434783,0.6111111111111112,25,5,False
34369,2023,13,Round 13,home_and_away,2023-06-10 16:35:00,Adelaide Oval,Adelaide,West Coast,27,12,8,4,174,52,39,12,0.6923076923076923,0.6666666666666666,122,27,False
34370,2023,13,Round 13,home_and_away,2023-06-10 19:25:00,Perth Stadium,Fremantle,Richmond,10,10,12,13,70,85,20,25,0.5,0.48,-15,-5,False
34371,2023,13,Round 13,home_and_away,2023-06-11 15:20:00,Bellerive Oval,North Melbourne,Greater Western Sydney,11,9,15,13,75,103,20,28,0.55,0.5357142857142857,-28,-8,False
34372,2023,13,Round 13,home_and_away,2023-06-11 19:15:00,M.C.G.,Carlton,Essendon,6,16,13,8,52,86,22,21,0.2727272727272727,0.6190476190476191,-34,1,False
34373,2023,13,Round 13,home_and_away,2023-06-12 15:20:00,M.C.G.,Melbourne,Collingwood,8,18,9,8,66,62,26,17,0.3076923076923077,0.5294117647058824,4,9,False
34374,2023,14,Round 14,home_and_away,2023-06-15 19:40:00,Adelaide Oval,Port Adelaide,Geelong,16,14,11,6,110,72,30,17,0.5333333333333333,0.6470588235294118,38,13,False
34375,2023,14,Round 14,home_and_away,2023-06-16 19:50:00,Gabba,Brisbane Lions,Sydney,13,19,12,9,97,81,32,21,0.40625,0.5714285714285714,16,11,False
34376,2023,14,Round 14,home_and_away,2023-06-17 16:35:00,Sydney Showground,Greater Western Sydney,Fremantle,16,10,5,6,106,36,26,11,0.6153846153846154,0.45454545454545453,70,15,False
34377,2023,14,Round 14,home_and_away,2023-06-17 19:25:00,M.C.G.,Richmond,St Kilda,13,12,11,4,90,70,25,15,0.52,0.7333333333333333,20,10,False
34378,2023,14,Round 14,home_and_away,2023-06-18 13:10:00,M.C.G.,Carlton,Gold Coast,18,12,8,13,120,61,30,21,0.6,0.38095238095238093,59,9,False
34379,2023,14,Round 14,home_and_away,2023-06-18 16:40:00,Docklands,North Melbourne,Western Bulldogs,13,6,15,15,84,105,19,30,0.6842105263157895,0.5,-21,-11,False
34380,2023,15,Round 15,home_and_away,2023-06-22 19:20:00,Kardinia Park,Geelong,Melbourne,11,12,8,15,78,63,23,23,0.4782608695652174,0.34782608695652173,15,0,False
34381,2023,15,Round 15,home_and_away,2023-06-23 19:50:00,Docklands,St Kilda,Brisbane Lions,8,8,12,12,56,84,16,24,0.5,0.5,-28,-8,False
34382,2023,15,Round 15,home_and_away,2023-06-24 16:35:00,S.C.G.,Sydney,West Coast,31,19,5,4,205,34,50,9,0.62,0.5555555555555556,171,41,False
34383,2023,15,Round 15,home_and_away,2023-06-24 19:25:00,Perth Stadium,Fremantle,Essendon,14,9,9,7,93,61,23,16,0.6086956521739131,0.5625,32,7,False
34384,2023,15,Round 15,home_and_away,2023-06-25 13:10:00,M.C.G.,Collingwood,Adelaide,12,10,11,14,82,80,22,25,0.5454545454545454,0.44,2,-3,False
34385,2023,15,Round 15,home_and_away,2023-06-25 16:40:00,Carrara,Gold Coast,Hawthorn,14,17,5,4,101,34,31,9,0.45161290322580644,0.5555555555555556,67,22,False
34386,2023,16,Round 16,home_and_away,2023-06-29 19:20:00,Gabba,Brisbane Lions,Richmond,20,14,7,11,134,53,34,18,0.5882352941176471,0.3888888888888889,81,16,False
34390,2023,16,Round 16,home_and_away,2023-06-30 19:50:00,S.C.G.,Sydney,Geelong,6,18,7,12,54,54,24,19,0.25,0.3684210526315789,0,5,True
34392,2023,16,Round 16,home_and_away,2023-07-01 13:45:00,Adelaide Oval,Adelaide,North Melbourne,21,12,11,6,138,72,33,17,0.6363636363636364,0.6470588235294118,66,16,False
34391,2023,16,Round 16,home_and_away,2023-07-01 13:45:00,Docklands,Western Bulldogs,Fremantle,16,6,11,7,102,73,22,18,0.7272727272727273,0.6111111111111112,29,4,False
34388,2023,16,Round 16,home_and_away,2023-07-01 16:35:00,Carrara,Gold Coast,Collingwood,5,12,18,12,42,120,17,30,0.29411764705882354,0.6,-78,-13,False
34387,2023,16,Round 16,home_and_away,2023-07-01 19:25:00,M.C.G.,Essendon,Port Adelaide,10,14,11,12,74,78,24,23,0.4166666666666667,0.4782608695652174,-4,1,False
34389,2023,16,Round 16,home_and_away,2023-07-02 13:10:00,M.C.G.,Hawthorn,Carlton,7,10,17,10,52,112,17,27,0.4117647058823529,0.6296296296296297,-60,-10,False
34393,2023,16,Round 16,home_and_away,2023-07-02 15:20:00,Traeger Park,Melbourne,Greater Western Sydney,5,15,7,5,45,47,20,12,0.25,0.5833333333333334,-2,8,False
34394,2023,16,Round 16,home_and_away,2023-07-02 16:40:00,Perth Stadium,West Coast,St Kilda,12,5,12,13,77,85,17,25,0.7058823529411765,0.48,-8,-8,False
34399,2023,17,Round 17,home_and_away,2023-07-06 19:20:00,M.C.G.,Richmond,Sydney,12,16,11,9,88,75,28,20,0.42857142857142855,0.55,13,8,False
34401,2023,17,Round 17,home_and_away,2023-07-07 19:50:00,Docklands,Western Bulldogs,Collingwood,11,11,13,11,77,89,22,24,0.5,0.5416666666666666,-12,-2,False
34395,2023,17,Round 17,home_and_away,2023-07-08 13:45:00,Gabba,Brisbane Lions,West Coast,16,20,5,5,116,35,36,10,0.4444444444444444,0.5,81,26,False
34398,2023,17,Round 17,home_and_away,2023-07-08 16:35:00,Sydney Showground,Greater Western Sydney,Hawthorn,12,13,10,12,85,72,25,22,0.48,0.45454545454545453,13,3,False
34400,2023,17,Round 17,home_and_away,2023-07-08 19:25:00,Docklands,St Kilda,Melbourne,8,10,12,7,58,79,18,19,0.4444444444444444,0.631578947368421,-21,-1,False
34402,2023,17,Round 17,home_and_away,2023-07-08 19:40:00,Adelaide Oval,Port Adelaide,Gold Coast,16,10,11,7,106,73,26,18,0.6153846153846154,0.6111111111111112,33,8,False
34397,2023,17,Round 17,home_and_away,2023-07-09 13:10:00,Kardinia Park,Geelong,North Melbourne,19,11,9,9,125,63,30,18,0.6333333333333333,0.5,62,12,False
34396,2023,17,Round 17,home_and_away,2023-07-09 15:20:00,Docklands,Essendon,Adelaide,17,13,15,7,115,97,30,22,0.5666666666666667,0.6818181818181818,18,8,False
34403,2023,17,Round 17,home_and_away,2023-07-09 16:40:00,Perth Stadium,Fremantle,Carlton,6,9,14,14,45,98,15,28,0.4,0.5,-53,-13,False
34410,2023,18,Round 18,home_and_away,2023-07-13 19:20:00,S.C.G.,Sydney,Western Bulldogs,11,12,11,10,78,76,23,21,0.4782608695652174,0.5238095238095238,2,2,False
34408,2023,18,Round 18,home_and_away,2023-07-14 19:50:00,M.C.G.,Melbourne,Brisbane Lions,16,9,16,8,105,104,25,24,0.64,0.6666666666666666,1,1,False
34405,2023,18,Round 18,home_and_away,2023-07-15 13:45:00,M.C.G.,Collingwood,Fremantle,18,5,10,7,113,67,23,17,0.782608695652174,0.5882352941176471,46,6,False
34407,2023,18,Round 18,home_and_away,2023-07-15 14:10:00,Carrara,Gold Coast,St Kilda,11,11,8,3,77,51,22,11,0.5,0.7272727272727273,26,11,False
34404,2023,18,Round 18,home_and_away,2023-07-15 16:35:00,Docklands,Carlton,Port Adelaide,18,14,10,12,122,72,32,22,0.5625,0.45454545454545453,50,10,False
34406,2023,18,Round 18,home_and_away,2023-07-15 19:25:00,Kardinia Park,Geelong,Essendon,18,14,7,3,122,45,32,10,0.5625,0.7,77,22,False
34411,2023,18,Round 18,home_and_away,2023-07-15 19:40:00,Adelaide Oval,Adelaide,Greater Western Sydney,8,9,10,11,57,71,17,21,0.47058823529411764,0.47619047619047616,-14,-4,False
34409,2023,18,Round 18,home_and_away,2023-07-16 13:10:00,Docklands,North Melbourne,Hawthorn,6,4,12,16,40,88,10,28,0.6,0.42857142857142855,-48,-18,False
34412,2023,18,Round 18,home_and_away,2023-07-16 16:40:00,Perth Stadium,West Coast,Richmond,8,12,14,14,60,98,20,28,0.4,0.5,-38,-8,False
34415,2023,19,Round 19,home_and_away,2023-07-21 19:50:00,Docklands,Essendon,Western Bulldogs,7,7,13,12,49,90,14,25,0.5,0.52,-41,-11,False
34418,2023,19,Round 19,home_and_away,2023-07-22 13:45:00,M.C.G.,Richmond,Hawthorn,14,12,15,5,96,95,26,20,0.5384615384615384,0.75,1,6,False
34414,2023,19,Round 19,home_and_away,2023-07-22 14:10:00,Docklands,Carlton,West Coast,21,14,10,9,140,69,35,19,0.6,0.5263157894736842,71,16,False
34413,2023,19,Round 19,home_and_away,2023-07-22 16:35:00,Gabba,Brisbane Lions,Geelong,9,10,7,11,64,53,19,18,0.47368421052631576,0.3888888888888889,11,1,False
34421,2023,19,Round 19,home_and_away,2023-07-22 19:40:00,Perth Stadium,Fremantle,Sydney,12,4,16,9,76,105,16,25,0.75,0.64,-29,-9,False
34420,2023,19,Round 19,home_and_away,2023-07-22 19:40:00,Adelaide Oval,Port Adelaide,Collingwood,12,11,13,7,83,85,23,20,0.5217391304347826,0.65,-2,3,False
34416,2023,19,Round 19,home_and_away,2023-07-23 13:10:00,Manuka Oval,Greater Western Sydney,Gold Coast,15,13,9,9,103,63,28,18,0.5357142857142857,0.5,40,10,False
34417,2023,19,Round 19,home_and_away,2023-07-23 15:20:00,M.C.G.,Melbourne,Adelaide,14,13,13,15,97,93,27,28,0.5185185185185185,0.4642857142857143,4,-1,False
34419,2023,19,Round 19,home_and_away,2023-07-23 16:40:00,Docklands,St Kilda,North Melbourne,9,15,9,7,69,61,24,16,0.375,0.5625,8,8,False
34422,2023,20,Round 20,home_and_away,2023-07-28 19:50:00,M.C.G.,Collingwood,Carlton,10,16,14,9,76,93,26,23,0.38461538461538464,0.6086956521739131,-17,3,False
34424,2023,20,Round 20,home_and_away,2023-07-29 13:45:00,Kardinia Park,Geelong,Fremantle,9,10,10,11,64,71,19,21,0.47368421052631576,0.47619047619047616,-7,-2,False
34428,2023,20,Round 20,home_and_away,2023-07-29 13:45:00,Eureka Stadium,Western Bulldogs,Greater Western Sydney,10,13,11,12,73,78,23,23,0.43478260869565216,0.4782608695652174,-5,0,False
34425,2023,20,Round 20,home_and_away,2023-07-29 16:35:00,Carrara,Gold Coast,Brisbane Lions,15,6,7,13,96,55,21,20,0.7142857142857143,0.35,41,1,False
34423,2023,20,Round 20,home_and_away,2023-07-29 19:25:00,Docklands,Essendon,Sydney,15,9,15,11,99,101,24,26,0.625,0.5769230769230769,-2,-2,False
34429,2023,20,Round 20,home_and_away,2023-07-29 19:40:00,Adelaide Oval,Adelaide,Port Adelaide,16,16,9,11,112,65,32,20,0.5,0.45,47,12,False
34426,2023,20,Round 20,home_and_away,2023-07-30 13:10:00,Docklands,Hawthorn,St Kilda,14,9,19,8,93,122,23,27,0.6086956521739131,0.7037037037037037,-29,-4,False
34427,2023,20,Round 20,home_and_away,2023-07-30 15:20:00,M.C.G.,Richmond,Melbourne,15,8,20,10,98,130,23,30,0.6521739130434783,0.6666666666666666,-32,-7,False
34430,2023,20,Round 20,home_and_away,2023-07-30 16:40:00,Perth Stadium,West Coast,North Melbourne,10,12,10,7,72,67,22,17,0.45454545454545453,0.5882352941176471,5,5,False
34437,2023,21,Round 21,home_and_away,2023-08-04 19:50:00,Docklands,Western Bulldogs,Richmond,19,12,10,11,126,71,31,21,0.6129032258064516,0.47619047619047616,55,10,False
34431,2023,21,Round 21,home_and_away,2023-08-05 13:45:00,Docklands,Essendon,West Coast,10,13,11,6,73,72,23,17,0.43478260869565216,0.6470588235294118,1,6,False
34438,2023,21,Round 21,home_and_away,2023-08-05 14:10:00,Adelaide Oval,Adelaide,Gold Coast,13,11,9,7,89,61,24,16,0.5416666666666666,0.5625,28,8,False
34434,2023,21,Round 21,home_and_away,2023-08-05 16:35:00,M.C.G.,Hawthorn,Collingwood,16,9,11,7,105,73,25,18,0.64,0.6111111111111112,32,7,False
34432,2023,21,Round 21,home_and_away,2023-08-05 19:25:00,Kardinia Park,Geelong,Port Adelaide,14,13,12,13,97,85,27,25,0.5185185185185185,0.48,12,2,False
34433,2023,21,Round 21,home_and_away,2023-08-05 19:30:00,Sydney Showground,Greater Western Sydney,Sydney,12,13,15,6,85,96,25,21,0.48,0.7142857142857143,-11,4,False
34435,2023,21,Round 21,home_and_away,2023-08-06 13:10:00,Bellerive Oval,North Melbourne,Melbourne,10,11,15,13,71,103,21,28,0.47619047619047616,0.5357142857142857,-32,-7,False
34436,2023,21,Round 21,home_and_away,2023-08-06 15:20:00,Docklands,St Kilda,Carlton,8,6,10,13,54,73,14,23,0.5714285714285714,0.43478260869565216,-19,-9,False
34439,2023,21,Round 21,home_and_away,2023-08-06 16:40:00,Perth Stadium,Fremantle,Brisbane Lions,11,8,11,11,74,77,19,22,0.5789473684210527,0.5,-3,-3,False
34442,2023,22,Round 22,home_and_away,2023-08-11 19:50:00,M.C.G.,Collingwood,Geelong,16,13,15,11,109,101,29,26,0.5517241379310345,0.5769230769230769,8,3,False
34444,2023,22,Round 22,home_and_away,2023-08-12 13:45:00,Docklands,North Melbourne,Essendon,12,5,13,8,77,86,17,21,0.7058823529411765,0.6190476190476191,-9,-4,False
34446,2023,22,Round 22,home_and_away,2023-08-12 13:45:00,S.C.G.,Sydney,Gold Coast,18,6,13,12,114,90,24,25,0.75,0.52,24,-1,False
34441,2023,22,Round 22,home_and_away,2023-08-12 16:35:00,Gabba,Brisbane Lions,Adelaide,15,9,13,15,99,93,24,28,0.625,0.4642857142857143,6,-4,False
34440,2023,22,Round 22,home_and_away,2023-08-12 19:30:00,M.C.G.,Carlton,Melbourne,9,6,8,8,60,56,15,16,0.6,0.5,4,-1,False
34448,2023,22,Round 22,home_and_away,2023-08-12 20:10:00,Perth Stadium,West Coast,Fremantle,4,9,20,14,33,134,13,34,0.3076923076923077,0.5882352941176471,-101,-21,False
34443,2023,22,Round 22,home_and_away,2023-08-13 13:10:00,York Park,Hawthorn,Western Bulldogs,9,13,9,10,67,64,22,19,0.4090909090909091,0.47368421052631576,3,3,False
34445,2023,22,Round 22,home_and_away,2023-08-13 15:20:00,Docklands,St Kilda,Richmond,14,9,8,9,93,57,23,17,0.6086956521739131,0.47058823529411764,36,6,False
34447,2023,22,Round 22,home_and_away,2023-08-13 16:40:00,Adelaide Oval,Port Adelaide,Greater Western Sydney,21,10,13,7,136,85,31,20,0.6774193548387096,0.65,51,11,False
34449,2023,23,Round 23,home_and_away,2023-08-18 19:50:00,Docklands,Collingwood,Brisbane Lions,15,10,19,10,100,124,25,29,0.6,0.6551724137931034,-24,-4,False
34453,2023,23,Round 23,home_and_away,2023-08-19 13:45:00,M.C.G.,Richmond,North Melbourne,14,17,10,12,101,72,31,22,0.45161290322580644,0.45454545454545453,29,9,False
34450,2023,23,Round 23,home_and_away,2023-08-19 14:10:00,Carrara,Gold Coast,Carlton,13,9,13,13,87,91,22,26,0.5909090909090909,0.5,-4,-4,False
34451,2023,23,Round 23,home_and_away,2023-08-19 16:35:00,Sydney Showground,Greater Western Sydney,Essendon,25,12,5,6,162,36,37,11,0.6756756756756757,0.45454545454545453,126,26,False
34454,2023,23,Round 23,home_and_away,2023-08-19 19:25:00,Docklands,St Kilda,Geelong,12,16,8,7,88,55,28,15,0.42857142857142855,0.5333333333333333,33,13,False
34456,2023,23,Round 23,home_and_away,2023-08-19 19:40:00,Adelaide Oval,Adelaide,Sydney,10,13,11,8,73,74,23,19,0.43478260869565216,0.5789473684210527,-1,4,False
34455,2023,23,Round 23,home_and_away,2023-08-20 13:10:00,Docklands,Western Bulldogs,West Coast,12,13,14,8,85,92,25,22,0.48,0.6363636363636364,-7,3,False
34452,2023,23,Round 23,home_and_away,2023-08-20 15:20:00,M.C.G.,Melbourne,Hawthorn,13,9,9,6,87,60,22,15,0.5909090909090909,0.6,27,7,False
34457,2023,23,Round 23,home_and_away,2023-08-20 16:40:00,Perth Stadium,Fremantle,Port Adelaide,8,10,11,8,58,74,18,19,0.4444444444444444,0.5789473684210527,-16,-1,False
34460,2023,24,Round 24,home_and_away,2023-08-25 19:50:00,M.C.G.,Essendon,Collingwood,3,13,16,5,31,101,16,21,0.1875,0.7619047619047619,-70,-5,False
34462,2023,24,Round 24,home_and_away,2023-08-26 13:45:00,M.C.G.,Hawthorn,Fremantle,8,8,14,9,56,93,16,23,0.5,0.6086956521739131,-37,-7,False
34463,2023,24,Round 24,home_and_away,2023-08-26 13:45:00,Bellerive Oval,North Melbourne,Gold Coast,20,12,14,13,132,97,32,27,0.625,0.5185185185185185,35,5,False
34458,2023,24,Round 24,home_and_away,2023-08-26 16:35:00,Gabba,Brisbane Lions,St Kilda,9,18,9,6,72,60,27,15,0.3333333333333333,0.6,12,12,False
34461,2023,24,Round 24,home_and_away,2023-08-26 19:25:00,Kardinia Park,Geelong,Western Bulldogs,11,13,16,8,79,104,24,24,0.4583333333333333,0.6666666666666666,-25,0,False
34466,2023,24,Round 24,home_and_away,2023-08-26 20:10:00,Perth Stadium,West Coast,Adelaide,12,6,17,21,78,123,18,38,0.6666666666666666,0.4473684210526316,-45,-20,False
34465,2023,24,Round 24,home_and_away,2023-08-27 12:30:00,Adelaide Oval,Port Adelaide,Richmond,13,16,8,15,94,63,29,23,0.4482758620689655,0.34782608695652173,31,6,False
34464,2023,24,Round 24,home_and_away,2023-08-27 15:20:00,S.C.G.,Sydney,Melbourne,7,14,11,11,56,77,21,22,0.3333333333333333,0.5,-21,-1,False
34459,2023,24,Round 24,home_and_away,2023-08-27 18:10:00,Docklands,Carlton,Greater Western Sydney,11,7,16,9,73,105,18,25,0.6111111111111112,0.64,-32,-7,False
34676,2023,25,Finals Week 1,qualifying_final,2023-09-07 19:20:00,M.C.G.,Collingwood,Melbourne,9,6,7,11,60,53,15,18,0.6,0.3888888888888889,7,-3,False
34674,2023,25,Finals Week 1,elimination_final,2023-09-08 19:50:00,M.C.G.,Carlton,Sydney,11,8,9,14,74,68,19,23,0.5789473684210527,0.391304347826087,6,-4,False
34675,2023,25,Finals Week 1,elimination_final,2023-09-09 15:20:00,M.C.G.,St Kilda,Greater Western Sydney,11,11,15,11,77,101,22,26,0.5,0.5769230769230769,-24,-4,False
34677,2023,25,Finals Week 1,qualifying_final,2023-09-09 19:25:00,Gabba,Brisbane Lions,Port Adelaide,19,9,11,9,123,75,28,20,0.6785714285714286,0.55,48,8,False
34678,2023,26,Semi-Finals,semi_final,2023-09-15 19:50:00,M.C.G.,Melbourne,Carlton,9,17,11,7,71,73,26,18,0.34615384615384615,0.6111111111111112,-2,8,False
34679,2023,26,Semi-Finals,semi_final,2023-09-16 19:40:00,Adelaide Oval,Port Adelaide,Greater Western Sydney,9,16,13,15,70,93,25,28,0.36,0.4642857142857143,-23,-3,False
35045,2023,27,Preliminary Finals,preliminary_final,2023-09-22 19:50:00,M.C.G.,Collingwood,Greater Western Sydney,8,10,8,9,58,57,18,17,0.4444444444444444,0.47058823529411764,1,1,False
35046,2023,27,Preliminary Finals,preliminary_final,2023-09-23 17:15:00,Gabba,Brisbane Lions,Carlton,11,13,9,9,79,63,24,18,0.4583333333333333,0.5,16,6,False
34682,2023,28,Grand Final,grand_final,2023-09-30 14:30:00,M.C.G.,Collingwood,Brisbane Lions,12,18,13,8,90,86,30,21,0.4,0.6190476190476191,4,9,False
35700,2024,0,Opening Round,home_and_away,2024-03-07 19:30:00,S.C.G.,Sydney,Melbourne,12,14,9,10,86,64,26,19,0.46153846153846156,0.47368421052631576,22,7,False
35701,2024,0,Opening Round,home_and_away,2024-03-08 19:40:00,Gabba,Brisbane Lions,Carlton,12,13,13,8,85,86,25,21,0.48,0.6190476190476191,-1,4,False
35702,2024,0,Opening Round,home_and_away,2024-03-09 16:20:00,Carrara,Gold Coast,Richmond,14,15,9,6,99,60,29,15,0.4827586206896552,0.6,39,14,False
35703,2024,0,Opening Round,home_and_away,2024-03-09 19:30:00,Sydney Showground,Greater Western Sydney,Collingwood,18,6,11,16,114,82,24,27,0.75,0.4074074074074074,32,-3,False
35704,2024,1,Round 1,home_and_away,2024-03-14 19:30:00,M.C.G.,Carlton,Richmond,12,14,12,9,86,81,26,21,0.46153846153846156,0.5714285714285714,5,5,False
35705,2024,1,Round 1,home_and_away,2024-03-15 19:40:00,M.C.G.,Collingwood,Sydney,10,9,15,12,69,102,19,27,0.5263157894736842,0.5555555555555556,-33,-8,False
35706,2024,1,Round 1,home_and_away,2024-03-16 13:45:00,M.C.G.,Essendon,Hawthorn,17,5,11,17,107,83,22,28,0.7727272727272727,0.39285714285714285,24,-6,False
35707,2024,1,Round 1,home_and_away,2024-03-16 16:35:00,Sydney Showground,Greater Western Sydney,North Melbourne,17,19,13,4,121,82,36,17,0.4722222222222222,0.7647058823529411,39,19,False
35708,2024,1,Round 1,home_and_away,2024-03-16 19:30:00,Kardinia Park,Geelong,St Kilda,10,16,9,14,76,68,26,23,0.38461538461538464,0.391304347826087,8,3,False
35709,2024,1,Round 1,home_and_away,2024-03-16 20:10:00,Carrara,Gold Coast,Adelaide,8,12,8,6,60,54,20,14,0.4,0.5714285714285714,6,6,False
35710,2024,1,Round 1,home_and_away,2024-03-17 13:00:00,M.C.G.,Melbourne,Western Bulldogs,16,13,9,10,109,64,29,19,0.5517241379310345,0.47368421052631576,45,10,False
35711,2024,1,Round 1,home_and_away,2024-03-17 16:00:00,Adelaide Oval,Port Adelaide,West Coast,16,24,10,10,120,70,40,20,0.4,0.5,50,20,False
35712,2024,1,Round 1,home_and_away,2024-03-17 18:50:00,Perth Stadium,Fremantle,Brisbane Lions,14,9,10,10,93,70,23,20,0.6086956521739131,0.5,23,3,False
35713,2024,2,Round 2,home_and_away,2024-03-21 19:30:00,M.C.G.,St Kilda,Collingwood,14,10,12,7,94,79,24,19,0.5833333333333334,0.631578947368421,15,5,False
35714,2024,2,Round 2,home_and_away,2024-03-22 19:40:00,Adelaide Oval,Adelaide,Geelong,11,11,14,12,77,96,22,26,0.5,0.5384615384615384,-19,-4,False
35715,2024,2,Round 2,home_and_away,2024-03-23 13:45:00,Docklands,North Melbourne,Fremantle,11,10,15,12,76,102,21,27,0.5238095238095238,0.5555555555555556,-26,-6,False
35716,2024,2,Round 2,home_and_away,2024-03-23 16:35:00,M.C.G.,Hawthorn,Melbourne,5,8,14,9,38,93,13,23,0.38461538461538464,0.6086956521739131,-55,-10,False
35717,2024,2,Round 2,home_and_away,2024-03-23 19:30:00,S.C.G.,Sydney,Essendon,19,17,15,11,131,101,36,26,0.5277777777777778,0.5769230769230769,30,10,False
35718,2024,2,Round 2,home_and_away,2024-03-24 13:00:00,Eureka Stadium,Western Bulldogs,Gold Coast,18,7,10,7,115,67,25,17,0.72,0.5882352941176471,48,8,False
35719,2024,2,Round 2,home_and_away,2024-03-24 16:00:00,M.C.G.,Richmond,Port Adelaide,13,14,18,14,92,122,27,32,0.48148148148148145,0.5625,-30,-5,False
35720,2024,2,Round 2,home_and_away,2024-03-24 18:50:00,Perth Stadium,West Coast,Greater Western Sydney,5,13,16,12,43,108,18,28,0.2777777777777778,0.5714285714285714,-65,-10,False
35721,2024,3,Round 3,home_and_away,2024-03-28 19:30:00,Gabba,Brisbane Lions,Collingwood,10,12,14,8,72,92,22,22,0.45454545454545453,0.6363636363636364,-20,0,False
35722,2024,3,Round 3,home_and_away,2024-03-29 16:20:00,Docklands,North Melbourne,Carlton,12,9,21,11,81,137,21,32,0.5714285714285714,0.65625,-56,-11,False
35723,2024,3,Round 3,home_and_away,2024-03-29 19:30:00,Perth Stadium,Fremantle,Adelaide,9,15,4,10,69,34,24,14,0.375,0.2857142857142857,35,10,False
35724,2024,3,Round 3,home_and_away,2024-03-30 16:20:00,Docklands,Essendon,St Kilda,10,11,9,13,71,67,21,22,0.47619047619047616,0.4090909090909091,4,-1,False
35725,2024,3,Round 3,home_and_away,2024-03-30 19:30:00,Adelaide Oval,Port Adelaide,Melbourne,13,11,15,6,89,96,24,21,0.5416666666666666,0.7142857142857143,-7,3,False
35726,2024,3,Round 3,home_and_away,2024-03-31 13:00:00,Docklands,Western Bulldogs,West Coast,16,10,3,12,106,30,26,15,0.6153846153846154,0.2,76,11,False
35727,2024,3,Round 3,home_and_away,2024-03-31 16:00:00,M.C.G.,Richmond,Sydney,11,16,11,11,82,77,27,22,0.4074074074074074,0.5,5,5,False
35728,2024,3,Round 3,home_and_away,2024-04-01 15:20:00,M.C.G.,Hawthorn,Geelong,10,10,17,4,70,106,20,21,0.5,0.8095238095238095,-36,-1,False
35729,2024,4,Round 4,home_and_away,2024-04-04 19:40:00,Adelaide Oval,Adelaide,Melbourne,8,15,10,18,63,78,23,28,0.34782608695652173,0.35714285714285715,-15,-5,False
35730,2024,4,Round 4,home_and_away,2024-04-05 17:10:00,Norwood Oval,Brisbane Lions,North Melbourne,16,16,6,6,112,42,32,12,0.5,0.5,70,20,False
35731,2024,4,Round 4,home_and_away,2024-04-05 20:10:00,Adelaide Oval,Port Adelaide,Essendon,17,9,6,6,111,42,26,12,0.6538461538461539,0.5,69,14,False
35732,2024,4,Round 4,home_and_away,2024-04-06 13:30:00,Adelaide Hills,West Coast,Sydney,11,12,15,14,78,104,23,29,0.4782608695652174,0.5172413793103449,-26,-6,False
35733,2024,4,Round 4,home_and_away,2024-04-06 16:20:00,Adelaide Oval,Fremantle,Carlton,9,9,10,13,63,73,18,23,0.5,0.43478260869565216,-10,-5,False
35734,2024,4,Round 4,home_and_away,2024-04-06 20:10:00,Adelaide Oval,Western Bulldogs,Geelong,14,7,14,11,91,95,21,25,0.6666666666666666,0.56,-4,-4,False
35735,2024,4,Round 4,home_and_away,2024-04-07 12:30:00,Adelaide Hills,Gold Coast,Greater Western Sydney,13,11,18,9,89,117,24,27,0.5416666666666666,0.6666666666666666,-28,-3,False
35736,2024,4,Round 4,home_and_away,2024-04-07 15:20:00,Norwood Oval,Richmond,St Kilda,9,6,9,13,60,67,15,22,0.6,0.4090909090909091,-7,-7,False
35737,2024,4,Round 4,home_and_away,2024-04-07 17:10:00,Adelaide Oval,Collingwood,Hawthorn,11,11,11,6,77,72,22,17,0.5,0.6470588235294118,5,5,False
35738,2024,5,Round 5,home_and_away,2024-04-11 19:30:00,M.C.G.,Melbourne,Brisbane Lions,8,12,12,10,60,82,20,22,0.4,0.5454545454545454,-22,-2,False
35739,2024,5,Round 5,home_and_away,2024-04-12 19:40:00,Docklands,Western Bulldogs,Essendon,9,13,15,6,67,96,22,21,0.4090909090909091,0.7142857142857143,-29,1,False
35740,2024,5,Round 5,home_and_away,2024-04-13 13:45:00,Manuka Oval,Greater Western Sydney,St Kilda,11,14,12,7,80,79,25,19,0.44,0.631578947368421,1,6,False
35741,2024,5,Round 5,home_and_away,2024-04-13 16:35:00,Docklands,Carlton,Adelaide,14,14,16,4,98,100,28,20,0.5,0.8,-2,8,False
35742,2024,5,Round 5,home_and_away,2024-04-13 19:30:00,Carrara,Gold Coast,Hawthorn,16,13,8,8,109,56,29,16,0.5517241379310345,0.5,53,13,False
35743,2024,5,Round 5,home_and_away,2024-04-13 19:30:00,Adelaide Oval,Port Adelaide,Fremantle,9,12,9,9,66,63,21,18,0.42857142857142855,0.5,3,3,False
35744,2024,5,Round 5,home_and_away,2024-04-14 13:00:00,Kardinia Park,Geelong,North Melbourne,21,13,10,4,139,64,34,14,0.6176470588235294,0.7142857142857143,75,20,False
35745,2024,5,Round 5,home_and_away,2024-04-14 16:00:00,Perth Stadium,West Coast,Richmond,16,13,10,10,109,70,29,20,0.5517241379310345,0.5,39,9,False
35746,2024,6,Round 6,home_and_away,2024-04-18 19:30:00,Docklands,St Kilda,Western Bulldogs,9,10,19,10,64,124,19,29,0.47368421052631576,0.6551724137931034,-60,-10,False
35747,2024,6,Round 6,home_and_away,2024-04-19 19:40:00,Adelaide Oval,Adelaide,Essendon,11,9,10,18,75,78,20,28,0.55,0.35714285714285715,-3,-8,False
35748,2024,6,Round 6,home_and_away,2024-04-20 13:45:00,M.C.G.,Collingwood,Port Adelaide,17,21,12,9,123,81,38,21,0.4473684210526316,0.5714285714285714,42,17,False
35749,2024,6,Round 6,home_and_away,2024-04-20 16:35:00,Docklands,Carlton,Greater Western Sydney,17,15,15,8,117,98,32,23,0.53125,0.6521739130434783,19,9,False
35750,2024,6,Round 6,home_and_away,2024-04-20 19:30:00,Gabba,Brisbane Lions,Geelong,4,13,9,9,37,63,17,18,0.23529411764705882,0.5,-26,-1,False
35751,2024,6,Round 6,home_and_away,2024-04-20 20:10:00,Perth Stadium,West Coast,Fremantle,16,9,10,8,105,68,25,18,0.64,0.5555555555555556,37,7,False
35752,2024,6,Round 6,home_and_away,2024-04-21 13:05:00,S.C.G.,Sydney,Gold Coast,17,8,8,9,110,57,25,17,0.68,0.47058823529411764,53,8,False
35753,2024,6,Round 6,home_and_away,2024-04-21 16:05:00,Docklands,North Melbourne,Hawthorn,10,8,17,11,68,113,18,28,0.5555555555555556,0.6071428571428571,-45,-10,False
35754,2024,7,Round 7,home_and_away,2024-04-24 19:25:00,M.C.G.,Richmond,Melbourne,5,12,13,7,42,85,17,20,0.29411764705882354,0.65,-43,-3,False
35755,2024,7,Round 7,home_and_away,2024-04-25 15:20:00,M.C.G.,Essendon,Collingwood,12,13,12,13,85,85,25,25,0.48,0.48,0,0,True
35756,2024,7,Round 7,home_and_away,2024-04-25 19:35:00,Manuka Oval,Greater Western Sydney,Brisbane Lions,17,11,8,11,113,59,28,19,0.6071428571428571,0.42105263157894735,54,9,False
35757,2024,7,Round 7,home_and_away,2024-04-26 19:40:00,Adelaide Oval,Port Adelaide,St Kilda,11,16,11,6,82,72,27,17,0.4074074074074074,0.6470588235294118,10,10,False
35758,2024,7,Round 7,home_and_away,2024-04-27 13:45:00,Bellerive Oval,North Melbourne,Adelaide,12,9,20,18,81,138,21,38,0.5714285714285714,0.5263157894736842,-57,-17,False
35759,2024,7,Round 7,home_and_away,2024-04-27 16:35:00,M.C.G.,Geelong,Carlton,18,10,15,15,118,105,28,30,0.6428571428571429,0.5,13,-2,False
35760,2024,7,Round 7,home_and_away,2024-04-27 19:40:00,Perth Stadium,Fremantle,Western Bulldogs,14,11,10,11,95,71,25,21,0.56,0.47619047619047616,24,4,False
35761,2024,7,Round 7,home_and_away,2024-04-28 13:00:00,Carrara,Gold Coast,West Coast,17,10,12,3,112,75,27,15,0.6296296296296297,0.8,37,12,False
35762,2024,7,Round 7,home_and_away,2024-04-28 16:00:00,M.C.G.,Hawthorn,Sydney,5,12,18,10,42,118,17,28,0.29411764705882354,0.6428571428571429,-76,-11,False
35763,2024,8,Round 8,home_and_away,2024-05-02 19:30:00,Adelaide Oval,Adelaide,Port Adelaide,12,6,5,18,78,48,18,23,0.6666666666666666,0.21739130434782608,30,-5,False
35764,2024,8,Round 8,home_and_away,2024-05-03 19:40:00,M.C.G.,Carlton,Collingwood,12,7,12,13,79,85,19,25,0.631578947368421,0.48,-6,-6,False
35765,2024,8,Round 8,home_and_away,2024-05-04 13:45:00,S.C.G.,Sydney,Greater Western Sydney,14,14,10,9,98,69,28,19,0.5,0.5263157894736842,29,9,False
35766,2024,8,Round 8,home_and_away,2024-05-04 16:35:00,Docklands,St Kilda,North Melbourne,15,13,10,5,103,65,28,15,0.5357142857142857,0.6666666666666666,38,13,False
35767,2024,8,Round 8,home_and_away,2024-05-04 19:30:00,M.C.G.,Melbourne,Geelong,10,14,9,12,74,66,24,21,0.4166666666666667,0.42857142857142855,8,3,False
35768,2024,8,Round 8,home_and_away,2024-05-04 20:10:00,Perth Stadium,West Coast,Essendon,11,5,11,11,71,77,16,22,0.6875,0.5,-6,-6,False
35769,2024,8,Round 8,home_and_away,2024-05-05 13:00:00,M.C.G.,Richmond,Fremantle,6,13,15,13,49,103,19,28,0.3157894736842105,0.5357142857142857,-54,-9,False
35770,2024,8,Round 8,home_and_away,2024-05-05 16:00:00,Docklands,Western Bulldogs,Hawthorn,14,7,14,14,91,98,21,28,0.6666666666666666,0.5,-7,-7,False
35771,2024,8,Round 8,home_and_away,2024-05-05 19:10:00,Gabba,Brisbane Lions,Gold Coast,10,19,6,9,79,45,29,15,0.3448275862068966,0.4,34,14,False
35772,2024,9,Round 9,home_and_away,2024-05-09 19:30:00,M.C.G.,Carlton,Melbourne,12,5,11,10,77,76,17,21,0.7058823529411765,0.5238095238095238,1,-4,False
35773,2024,9,Round 9,home_and_away,2024-05-10 19:10:00,Kardinia Park,Geelong,Port Adelaide,14,11,15,11,95,101,25,26,0.56,0.5769230769230769,-6,-1,False
35774,2024,9,Round 9,home_and_away,2024-05-10 20:30:00,Perth Stadium,Fremantle,Sydney,4,15,13,9,39,87,19,22,0.21052631578947367,0.5909090909090909,-48,-3,False
35775,2024,9,Round 9,home_and_away,2024-05-11 13:45:00,York Park,Hawthorn,St Kilda,8,10,7,11,58,53,18,18,0.4444444444444444,0.3888888888888889,5,0,False
35776,2024,9,Round 9,home_and_away,2024-05-11 16:35:00,Docklands,Essendon,Greater Western Sydney,12,10,9,8,82,62,22,17,0.5454545454545454,0.5294117647058824,20,5,False
35778,2024,9,Round 9,home_and_away,2024-05-11 19:30:00,Marrara Oval,Gold Coast,North Melbourne,17,18,7,10,120,52,35,17,0.4857142857142857,0.4117647058823529,68,18,False
35777,2024,9,Round 9,home_and_away,2024-05-11 19:30:00,M.C.G.,Richmond,Western Bulldogs,6,6,19,19,42,133,12,38,0.5,0.5,-91,-26,False
35779,2024,9,Round 9,home_and_away,2024-05-12 13:00:00,Docklands,Collingwood,West Coast,15,13,5,7,103,37,28,12,0.5357142857142857,0.4166666666666667,66,16,False
35780,2024,9,Round 9,home_and_away,2024-05-12 16:00:00,Adelaide Oval,Adelaide,Brisbane Lions,13,12,13,12,90,90,25,25,0.52,0.52,0,0,True
35781,2024,10,Round 10,home_and_away,2024-05-16 19:30:00,Marrara Oval,Gold Coast,Geelong,26,8,15,10,164,100,34,25,0.7647058823529411,0.6,64,9,False
35782,2024,10,Round 10,home_and_away,2024-05-17 19:40:00,S.C.G.,Sydney,Carlton,17,15,9,11,117,65,32,20,0.53125,0.45,52,12,False
35783,2024,10,Round 10,home_and_away,2024-05-18 13:45:00,M.C.G.,Collingwood,Adelaide,12,6,11,8,78,74,18,19,0.6666666666666666,0.5789473684210527,4,-1,False
35784,2024,10,Round 10,home_and_away,2024-05-18 16:35:00,Sydney Showground,Greater Western Sydney,Western Bulldogs,6,7,8,22,43,70,13,30,0.46153846153846156,0.26666666666666666,-27,-17,False
35786,2024,10,Round 10,home_and_away,2024-05-18 19:30:00,Gabba,Brisbane Lions,Richmond,26,7,6,8,163,44,33,14,0.7878787878787878,0.42857142857142855,119,19,False
35785,2024,10,Round 10,home_and_away,2024-05-18 19:30:00,Docklands,St Kilda,Fremantle,8,7,9,18,55,72,15,27,0.5333333333333333,0.3333333333333333,-17,-12,False
35787,2024,10,Round 10,home_and_away,2024-05-19 13:10:00,Docklands,Essendon,North Melbourne,16,10,10,6,106,66,26,16,0.6153846153846154,0.625,40,10,False
35788,2024,10,Round 10,home_and_away,2024-05-19 15:20:00,Adelaide Oval,Port Adelaide,Hawthorn,11,14,12,7,80,79,25,19,0.44,0.631578947368421,1,6,False
35789,2024,10,Round 10,home_and_away,2024-05-19 18:20:00,Perth Stadium,West Coast,Melbourne,16,9,10,10,105,70,25,20,0.64,0.5,35,5,False
35790,2024,11,Round 11,home_and_away,2024-05-23 19:30:00,Docklands,Western Bulldogs,Sydney,12,16,16,6,88,102,28,22,0.42857142857142855,0.7272727272727273,-14,6,False
35791,2024,11,Round 11,home_and_away,2024-05-24 20:10:00,Perth Stadium,Fremantle,Collingwood,11,9,10,15,75,75,20,25,0.55,0.4,0,-5,True
35793,2024,11,Round 11,home_and_away,2024-05-25 13:45:00,Docklands,Carlton,Gold Coast,15,12,11,7,102,73,27,18,0.5555555555555556,0.6111111111111112,29,9,False
35792,2024,11,Round 11,home_and_away,2024-05-25 13:45:00,Bellerive Oval,North Melbourne,Port Adelaide,7,6,16,11,48,107,13,27,0.5384615384615384,0.5925925925925926,-59,-14,False
35794,2024,11,Round 11,home_and_away,2024-05-25 16:35:00,Kardinia Park,Geelong,Greater Western Sydney,11,8,11,12,74,78,19,23,0.5789473684210527,0.4782608695652174,-4,-4,False
35795,2024,11,Round 11,home_and_away,2024-05-25 19:40:00,M.C.G.,Richmond,Essendon,10,14,12,14,74,86,24,26,0.4166666666666667,0.46153846153846156,-12,-2,False
35796,2024,11,Round 11,home_and_away,2024-05-26 13:10:00,Docklands,Hawthorn,Brisbane Lions,15,10,10,15,100,75,25,25,0.6,0.4,25,0,False
35797,2024,11,Round 11,home_and_away,2024-05-26 15:20:00,M.C.G.,Melbourne,St Kilda,14,16,9,8,100,62,30,17,0.4666666666666667,0.5294117647058824,38,13,False
35798,2024,11,Round 11,home_and_away,2024-05-26 16:40:00,Adelaide Oval,Adelaide,West Coast,21,11,5,8,137,38,32,13,0.65625,0.38461538461538464,99,19,False
35799,2024,12,Round 12,home_and_away,2024-05-30 19:30:00,Adelaide Oval,Port Adelaide,Carlton,10,11,16,11,71,107,21,27,0.47619047619047616,0.5925925925925926,-36,-6,False
35800,2024,12,Round 12,home_and_away,2024-05-31 19:40:00,Docklands,Collingwood,Western Bulldogs,12,10,15,10,82,100,22,25,0.5454545454545454,0.6,-18,-3,False
35801,2024,12,Round 12,home_and_away,2024-06-01 13:45:00,M.C.G.,Hawthorn,Adelaide,16,11,12,8,107,80,27,20,0.5925925925925926,0.6,27,7,False
35802,2024,12,Round 12,home_and_away,2024-06-01 16:35:00,Perth Stadium,West Coast,St Kilda,10,8,12,10,68,82,18,22,0.5555555555555556,0.5454545454545454,-14,-4,False
35803,2024,12,Round 12,home_and_away,2024-06-01 19:30:00,Kardinia Park,Geelong,Richmond,15,9,10,9,99,69,24,19,0.625,0.5263157894736842,30,5,False
35804,2024,12,Round 12,home_and_away,2024-06-02 13:00:00,Traeger Park,Melbourne,Fremantle,7,7,22,9,49,141,14,31,0.5,0.7096774193548387,-92,-17,False
35805,2024,12,Round 12,home_and_away,2024-06-02 16:00:00,Carrara,Gold Coast,Essendon,14,7,11,14,91,80,21,25,0.6666666666666666,0.44,11,-4,False
35806,2024,13,Round 13,home_and_away,2024-06-06 19:30:00,Adelaide Oval,Adelaide,Richmond,10,11,12,7,71,79,21,19,0.47619047619047616,0.631578947368421,-8,2,False
35807,2024,13,Round 13,home_and_away,2024-06-07 19:40:00,Docklands,Western Bulldogs,Brisbane Lions,10,11,17,12,71,114,21,29,0.47619047619047616,0.5862068965517241,-43,-8,False
35808,2024,13,Round 13,home_and_away,2024-06-08 13:45:00,York Park,Hawthorn,Greater Western Sydney,12,13,12,7,85,79,25,19,0.48,0.631578947368421,6,6,False
35809,2024,13,Round 13,home_and_away,2024-06-08 16:35:00,Perth Stadium,West Coast,North Melbourne,8,17,11,8,65,74,25,19,0.32,0.5789473684210527,-9,6,False
35810,2024,13,Round 13,home_and_away,2024-06-08 19:30:00,Docklands,St Kilda,Gold Coast,7,9,7,6,51,48,16,13,0.4375,0.5384615384615384,3,3,False
35811,2024,13,Round 13,home_and_away,2024-06-09 15:20:00,S.C.G.,Sydney,Geelong,16,16,12,10,112,82,32,22,0.5,0.5454545454545454,30,10,False
35812,2024,13,Round 13,home_and_away,2024-06-09 19:20:00,M.C.G.,Essendon,Carlton,9,16,15,6,70,96,25,21,0.36,0.7142857142857143,-26,4,False
35813,2024,13,Round 13,home_and_away,2024-06-10 15:20:00,M.C.G.,Collingwood,Melbourne,14,5,6,15,89,51,19,21,0.7368421052631579,0.2857142857142857,38,-2,False
35814,2024,14,Round 14,home_and_away,2024-06-14 19:40:00,Gabba,Brisbane Lions,St Kilda,19,12,16,10,126,106,31,26,0.6129032258064516,0.6153846153846154,20,5,False
35815,2024,14,Round 14,home_and_away,2024-06-15 13:45:00,Docklands,Western Bulldogs,Fremantle,23,11,12,10,149,82,34,22,0.6764705882352942,0.5454545454545454,67,12,False
35816,2024,14,Round 14,home_and_away,2024-06-15 16:35:00,M.C.G.,Richmond,Hawthorn,6,13,14,13,49,97,19,27,0.3157894736842105,0.5185185185185185,-48,-8,False
35817,2024,14,Round 14,home_and_away,2024-06-15 19:30:00,Adelaide Oval,Adelaide,Sydney,10,7,16,13,67,109,17,29,0.5882352941176471,0.5517241379310345,-42,-12,False
35818,2024,14,Round 14,home_and_away,2024-06-16 13:00:00,Docklands,North Melbourne,Collingwood,19,4,18,11,118,119,23,29,0.8260869565217391,0.6206896551724138,-1,-6,False
35819,2024,14,Round 14,home_and_away,2024-06-16 16:00:00,Sydney Showground,Greater Western Sydney,Port Adelaide,9,19,6,15,73,51,28,21,0.32142857142857145,0.2857142857142857,22,7,False
35820,2024,15,Round 15,home_and_away,2024-06-21 19:40:00,M.C.G.,Carlton,Geelong,21,12,11,9,138,75,33,20,0.6363636363636364,0.55,63,13,False
35821,2024,15,Round 15,home_and_away,2024-06-22 13:45:00,Adelaide Oval,Port Adelaide,Brisbane Lions,10,13,23,14,73,152,23,37,0.43478260869565216,0.6216216216216216,-79,-14,False
35822,2024,15,Round 15,home_and_away,2024-06-22 16:35:00,Sydney Showground,Greater Western Sydney,Sydney,11,9,15,12,75,102,20,27,0.55,0.5555555555555556,-27,-7,False
35823,2024,15,Round 15,home_and_away,2024-06-22 19:30:00,M.C.G.,Melbourne,North Melbourne,11,4,10,7,70,67,15,17,0.7333333333333333,0.5882352941176471,3,-2,False
35824,2024,15,Round 15,home_and_away,2024-06-23 13:00:00,Docklands,Essendon,West Coast,19,8,13,14,122,92,27,27,0.7037037037037037,0.48148148148148145,30,0,False
35825,2024,15,Round 15,home_and_away,2024-06-23 16:00:00,Perth Stadium,Fremantle,Gold Coast,12,13,10,5,85,65,25,15,0.48,0.6666666666666666,20,10,False
35826,2024,16,Round 16,home_and_away,2024-06-28 19:40:00,Gabba,Brisbane Lions,Melbourne,11,20,11,15,86,81,31,26,0.3548387096774194,0.4230769230769231,5,5,False
35829,2024,16,Round 16,home_and_away,2024-06-29 13:45:00,Docklands,North Melbourne,Western Bulldogs,9,6,11,11,60,77,15,22,0.6,0.5,-17,-7,False
35832,2024,16,Round 16,home_and_away,2024-06-29 13:45:00,S.C.G.,Sydney,Fremantle,14,14,15,9,98,99,28,24,0.5,0.625,-1,4,False
35828,2024,16,Round 16,home_and_away,2024-06-29 16:35:00,Carrara,Gold Coast,Collingwood,14,17,13,12,101,90,31,25,0.45161290322580644,0.52,11,6,False
35833,2024,16,Round 16,home_and_away,2024-06-29 19:30:00,Adelaide Oval,Adelaide,Greater Western Sydney,13,16,12,6,94,78,29,18,0.4482758620689655,0.6666666666666666,16,11,False
35827,2024,16,Round 16,home_and_away,2024-06-29 19:30:00,M.C.G.,Geelong,Essendon,16,9,9,6,105,60,25,15,0.64,0.6,45,10,False
35831,2024,16,Round 16,home_and_away,2024-06-30 13:10:00,Docklands,St Kilda,Port Adelaide,8,12,8,14,60,62,20,22,0.4,0.36363636363636365,-2,-2,False
35830,2024,16,Round 16,home_and_away,2024-06-30 15:20:00,M.C.G.,Richmond,Carlton,10,10,20,11,70,131,20,31,0.5,0.6451612903225806,-61,-11,False
35834,2024,16,Round 16,home_and_away,2024-06-30 16:40:00,Perth Stadium,West Coast,Hawthorn,4,9,14,10,33,94,13,24,0.3076923076923077,0.5833333333333334,-61,-11,False
35836,2024,17,Round 17,home_and_away,2024-07-05 19:40:00,M.C.G.,Collingwood,Essendon,12,8,13,14,80,92,20,27,0.6,0.48148148148148145,-12,-7,False
35840,2024,17,Round 17,home_and_away,2024-07-06 13:45:00,Docklands,North Melbourne,Gold Coast,13,9,12,11,87,83,22,23,0.5909090909090909,0.5217391304347826,4,-1,False
35842,2024,17,Round 17,home_and_away,2024-07-06 13:45:00,Adelaide Oval,Port Adelaide,Western Bulldogs,15,12,8,6,102,54,27,14,0.5555555555555556,0.5714285714285714,48,13,False
35837,2024,17,Round 17,home_and_away,2024-07-06 16:35:00,Kardinia Park,Geelong,Hawthorn,16,14,9,5,110,59,30,14,0.5333333333333333,0.6428571428571429,51,16,False
35838,2024,17,Round 17,home_and_away,2024-07-06 19:30:00,Sydney Showground,Greater Western Sydney,Carlton,18,8,16,8,116,104,26,24,0.6923076923076923,0.6666666666666666,12,2,False
35843,2024,17,Round 17,home_and_away,2024-07-06 20:10:00,Perth Stadium,Fremantle,Richmond,16,9,7,12,105,54,25,19,0.64,0.3684210526315789,51,6,False
35839,2024,17,Round 17,home_and_away,2024-07-07 13:10:00,M.C.G.,Melbourne,West Coast,17,10,8,10,112,58,27,18,0.6296296296296297,0.4444444444444444,54,9,False
35841,2024,17,Round 17,home_and_away,2024-07-07 15:20:00,Docklands,St Kilda,Sydney,13,6,11,16,84,82,19,27,0.6842105263157895,0.4074074074074074,2,-8,False
35835,2024,17,Round 17,home_and_away,2024-07-07 16:10:00,Gabba,Brisbane Lions,Adelaide,14,13,13,8,97,86,27,21,0.5185185185185185,0.6190476190476191,11,6,False
35844,2024,18,Round 18,home_and_away,2024-07-12 19:40:00,M.C.G.,Collingwood,Geelong,10,11,13,13,71,91,21,26,0.47619047619047616,0.5,-20,-5,False
35846,2024,18,Round 18,home_and_away,2024-07-13 13:45:00,York Park,Hawthorn,Fremantle,13,9,10,14,87,74,22,24,0.5909090909090909,0.4166666666666667,13,-2,False
35849,2024,18,Round 18,home_and_away,2024-07-13 13:45:00,S.C.G.,Sydney,North Melbourne,20,18,9,5,138,59,38,14,0.5263157894736842,0.6428571428571429,79,24,False
35850,2024,18,Round 18,home_and_away,2024-07-13 16:35:00,Docklands,Western Bulldogs,Carlton,14,16,12,14,100,86,30,26,0.4666666666666667,0.46153846153846156,14,4,False
35851,2024,18,Round 18,home_and_away,2024-07-13 19:30:00,Adelaide Oval,Adelaide,St Kilda,10,11,5,9,71,39,21,14,0.47619047619047616,0.35714285714285715,32,7,False
35847,2024,18,Round 18,home_and_away,2024-07-13 19:30:00,M.C.G.,Melbourne,Essendon,13,6,10,7,84,67,19,17,0.6842105263157895,0.5882352941176471,17,2,False
35845,2024,18,Round 18,home_and_away,2024-07-14 13:10:00,Carrara,Gold Coast,Port Adelaide,14,12,12,10,96,82,26,22,0.5384615384615384,0.5454545454545454,14,4,False
35848,2024,18,Round 18,home_and_away,2024-07-14 15:20:00,M.C.G.,Richmond,Greater Western Sydney,12,12,17,6,84,108,24,23,0.5,0.7391304347826086,-24,1,False
35852,2024,18,Round 18,home_and_away,2024-07-14 16:40:00,Perth Stadium,West Coast,Brisbane Lions,14,9,16,10,93,106,23,26,0.6086956521739131,0.6153846153846154,-13,-3,False
35855,2024,19,Round 19,home_and_away,2024-07-19 19:40:00,Docklands,Essendon,Adelaide,17,11,17,13,113,115,28,30,0.6071428571428571,0.5666666666666667,-2,-2,False
35857,2024,19,Round 19,home_and_away,2024-07-20 13:45:00,Sydney Showground,Greater Western Sydney,Gold Coast,14,5,6,14,89,50,19,20,0.7368421052631579,0.3,39,-1,False
35859,2024,19,Round 19,home_and_away,2024-07-20 13:45:00,Docklands,St Kilda,West Coast,17,11,6,5,113,41,28,11,0.6071428571428571,0.5454545454545454,72,17,False
35858,2024,19,Round 19,home_and_away,2024-07-20 16:35:00,M.C.G.,Hawthorn,Collingwood,20,13,9,13,133,67,33,22,0.6060606060606061,0.4090909090909091,66,11,False
35856,2024,19,Round 19,home_and_away,2024-07-20 19:30:00,Kardinia Park,Geelong,Western Bulldogs,7,6,13,17,48,95,13,30,0.5384615384615384,0.43333333333333335,-47,-17,False
35860,2024,19,Round 19,home_and_away,2024-07-20 19:30:00,Adelaide Oval,Port Adelaide,Richmond,16,20,11,9,116,75,36,20,0.4444444444444444,0.55,41,16,False
35853,2024,19,Round 19,home_and_away,2024-07-21 13:10:00,Gabba,Brisbane Lions,Sydney,11,13,11,11,79,77,24,22,0.4583333333333333,0.5,2,2,False
35861,2024,19,Round 19,home_and_away,2024-07-21 15:20:00,Perth Stadium,Fremantle,Melbourne,17,14,10,6,116,66,31,16,0.5483870967741935,0.625,50,15,False
35854,2024,19,Round 19,home_and_away,2024-07-21 16:40:00,Docklands,Carlton,North Melbourne,16,11,14,4,107,88,27,18,0.5925925925925926,0.7777777777777778,19,9,False
35862,2024,20,Round 20,home_and_away,2024-07-26 19:40:00,Docklands,Carlton,Port Adelaide,9,11,11,13,65,79,20,24,0.45,0.4583333333333333,-14,-4,False
35866,2024,20,Round 20,home_and_away,2024-07-27 13:45:00,Bellerive Oval,North Melbourne,Geelong,10,6,16,10,66,106,16,26,0.625,0.6153846153846154,-40,-10,False
35864,2024,20,Round 20,home_and_away,2024-07-27 16:35:00,Carrara,Gold Coast,Brisbane Lions,9,11,13,15,65,93,20,28,0.45,0.4642857142857143,-28,-8,False
35867,2024,20,Round 20,home_and_away,2024-07-27 16:35:00,Docklands,St Kilda,Essendon,17,6,8,7,108,55,23,15,0.7391304347826086,0.5333333333333333,53,8,False
35865,2024,20,Round 20,home_and_away,2024-07-27 19:30:00,M.C.G.,Melbourne,Greater Western Sydney,12,11,13,7,83,85,23,20,0.5217391304347826,0.65,-2,3,False
35870,2024,20,Round 20,home_and_away,2024-07-27 20:10:00,Perth Stadium,Fremantle,West Coast,17,8,11,9,110,75,25,20,0.68,0.55,35,5,False
35863,2024,20,Round 20,home_and_away,2024-07-28 13:10:00,M.C.G.,Collingwood,Richmond,14,9,9,13,93,67,23,22,0.6086956521739131,0.4090909090909091,26,1,False
35868,2024,20,Round 20,home_and_away,2024-07-28 15:20:00,S.C.G.,Sydney,Western Bulldogs,7,6,12,15,48,87,13,27,0.5384615384615384,0.4444444444444444,-39,-14,False
35869,2024,20,Round 20,home_and_away,2024-07-28 16:10:00,Adelaide Oval,Adelaide,Hawthorn,8,10,19,10,58,124,18,29,0.4444444444444444,0.6551724137931034,-66,-11,False
35877,2024,21,Round 21,home_and_away,2024-08-02 19:15:00,Docklands,Western Bulldogs,Melbourne,15,20,9,5,110,59,35,14,0.42857142857142855,0.6428571428571429,51,21,False
35879,2024,21,Round 21,home_and_away,2024-08-02 20:30:00,Perth Stadium,West Coast,Gold Coast,15,7,13,9,97,87,22,22,0.6818181818181818,0.5909090909090909,10,0,False
35875,2024,21,Round 21,home_and_away,2024-08-03 13:45:00,Docklands,North Melbourne,Richmond,14,6,10,17,90,77,20,27,0.7,0.37037037037037035,13,-7,False
35873,2024,21,Round 21,home_and_away,2024-08-03 16:35:00,Kardinia Park,Geelong,Adelaide,13,12,13,7,90,85,25,20,0.52,0.65,5,5,False
35871,2024,21,Round 21,home_and_away,2024-08-03 19:30:00,M.C.G.,Collingwood,Carlton,12,12,11,15,84,81,24,26,0.5,0.4230769230769231,3,-2,False
35878,2024,21,Round 21,home_and_away,2024-08-03 19:30:00,Adelaide Oval,Port Adelaide,Sydney,22,16,5,6,148,36,38,11,0.5789473684210527,0.45454545454545453,112,27,False
35874,2024,21,Round 21,home_and_away,2024-08-04 13:10:00,Manuka Oval,Greater Western Sydney,Hawthorn,12,12,12,10,84,82,24,22,0.5,0.5454545454545454,2,2,False
35872,2024,21,Round 21,home_and_away,2024-08-04 15:20:00,M.C.G.,Essendon,Fremantle,13,12,14,5,90,89,25,19,0.52,0.7368421052631579,1,6,False
35876,2024,21,Round 21,home_and_away,2024-08-04 16:40:00,Docklands,St Kilda,Brisbane Lions,5,9,19,10,39,124,14,29,0.35714285714285715,0.6551724137931034,-85,-15,False
35886,2024,22,Round 22,home_and_away,2024-08-09 19:40:00,S.C.G.,Sydney,Collingwood,13,11,12,14,89,86,24,26,0.5416666666666666,0.46153846153846156,3,-2,False
35880,2024,22,Round 22,home_and_away,2024-08-10 13:45:00,Gabba,Brisbane Lions,Greater Western Sydney,8,16,13,4,64,82,24,17,0.3333333333333333,0.7647058823529411,-18,7,False
35884,2024,22,Round 22,home_and_away,2024-08-10 13:45:00,Bellerive Oval,North Melbourne,West Coast,14,13,15,12,97,102,27,27,0.5185185185185185,0.5555555555555556,-5,0,False
35888,2024,22,Round 22,home_and_away,2024-08-10 16:35:00,Perth Stadium,Fremantle,Geelong,9,8,10,13,62,73,17,23,0.5294117647058824,0.43478260869565216,-11,-6,False
35882,2024,22,Round 22,home_and_away,2024-08-10 19:30:00,Docklands,Essendon,Gold Coast,12,14,13,9,86,87,26,22,0.46153846153846156,0.5909090909090909,-1,4,False
35883,2024,22,Round 22,home_and_away,2024-08-10 19:30:00,M.C.G.,Melbourne,Port Adelaide,7,9,7,11,51,53,16,18,0.4375,0.3888888888888889,-2,-2,False
35881,2024,22,Round 22,home_and_away,2024-08-11 13:10:00,M.C.G.,Carlton,Hawthorn,5,8,16,16,38,112,13,32,0.38461538461538464,0.5,-74,-19,False
35885,2024,22,Round 22,home_and_away,2024-08-11 15:20:00,Docklands,Richmond,St Kilda,7,9,15,9,51,99,16,24,0.4375,0.625,-48,-8,False
35887,2024,22,Round 22,home_and_away,2024-08-11 16:10:00,Adelaide Oval,Adelaide,Western Bulldogs,17,9,9,18,111,72,26,27,0.6538461538461539,0.3333333333333333,39,-1,False
35890,2024,23,Round 23,home_and_away,2024-08-16 19:40:00,Docklands,Essendon,Sydney,8,11,15,8,59,98,19,23,0.42105263157894735,0.6521739130434783,-39,-4,False
35891,2024,23,Round 23,home_and_away,2024-08-17 13:45:00,Carrara,Gold Coast,Melbourne,9,9,18,9,63,117,18,27,0.5,0.6666666666666666,-54,-9,False
35892,2024,23,Round 23,home_and_away,2024-08-17 13:45:00,Sydney Showground,Greater Western Sydney,Fremantle,15,11,14,8,101,92,26,22,0.5769230769230769,0.6363636363636364,9,4,False
35889,2024,23,Round 23,home_and_away,2024-08-17 16:35:00,M.C.G.,Collingwood,Brisbane Lions,11,13,11,12,79,78,24,23,0.4583333333333333,0.4782608695652174,1,1,False
35896,2024,23,Round 23,home_and_away,2024-08-17 19:30:00,Adelaide Oval,Port Adelaide,Adelaide,11,14,8,10,80,58,25,18,0.44,0.4444444444444444,22,7,False
35894,2024,23,Round 23,home_and_away,2024-08-17 19:30:00,Docklands,St Kilda,Geelong,16,11,14,5,107,89,27,19,0.5925925925925926,0.7368421052631579,18,8,False
35895,2024,23,Round 23,home_and_away,2024-08-18 13:10:00,Docklands,Western Bulldogs,North Melbourne,20,18,6,6,138,42,38,12,0.5263157894736842,0.5,96,26,False
35893,2024,23,Round 23,home_and_away,2024-08-18 15:20:00,M.C.G.,Hawthorn,Richmond,19,17,10,8,131,68,36,18,0.5277777777777778,0.5555555555555556,63,18,False
35897,2024,23,Round 23,home_and_away,2024-08-18 16:40:00,Perth Stadium,West Coast,Carlton,4,10,14,15,34,99,14,29,0.2857142857142857,0.4827586206896552,-65,-15,False
35902,2024,24,Round 24,home_and_away,2024-08-23 19:40:00,M.C.G.,Melbourne,Collingwood,8,9,15,13,57,103,17,28,0.47058823529411764,0.5357142857142857,-46,-11,False
35900,2024,24,Round 24,home_and_away,2024-08-24 13:45:00,Kardinia Park,Geelong,West Coast,26,12,11,9,168,75,38,20,0.6842105263157895,0.55,93,18,False
35903,2024,24,Round 24,home_and_away,2024-08-24 14:10:00,M.C.G.,Richmond,Gold Coast,10,6,14,10,66,94,16,24,0.625,0.5833333333333334,-28,-8,False
35901,2024,24,Round 24,home_and_away,2024-08-24 16:35:00,York Park,Hawthorn,North Melbourne,26,14,7,4,170,46,40,11,0.65,0.6363636363636364,124,29,False
35898,2024,24,Round 24,home_and_away,2024-08-24 19:25:00,Gabba,Brisbane Lions,Essendon,11,21,10,7,87,67,32,17,0.34375,0.5882352941176471,20,15,False
35904,2024,24,Round 24,home_and_away,2024-08-24 19:40:00,S.C.G.,Sydney,Adelaide,18,13,13,12,121,90,31,25,0.5806451612903226,0.52,31,6,False
35905,2024,24,Round 24,home_and_away,2024-08-25 12:30:00,Eureka Stadium,Western Bulldogs,Greater Western Sydney,14,14,9,7,98,61,28,16,0.5,0.5625,37,12,False
35899,2024,24,Round 24,home_and_away,2024-08-25 15:20:00,Docklands,Carlton,St Kilda,11,8,11,10,74,76,19,21,0.5789473684210527,0.5238095238095238,-2,-2,False
35906,2024,24,Round 24,home_and_away,2024-08-25 18:10:00,Perth Stadium,Fremantle,Port Adelaide,9,13,13,9,67,87,22,22,0.4090909090909091,0.5909090909090909,-20,0,False
35910,2024,25,Finals Week 1,qualifying_final,2024-09-05 19:40:00,Adelaide Oval,Port Adelaide,Geelong,7,12,20,18,54,138,19,38,0.3684210526315789,0.5263157894736842,-84,-19,False
35908,2024,25,Finals Week 1,elimination_final,2024-09-06 19:40:00,M.C.G.,Western Bulldogs,Hawthorn,9,8,14,15,62,99,17,29,0.5294117647058824,0.4827586206896552,-37,-12,False
35909,2024,25,Finals Week 1,qualifying_final,2024-09-07 15:20:00,S.C.G.,Sydney,Greater Western Sydney,13,10,12,10,88,82,23,22,0.5652173913043478,0.5454545454545454,6,1,False
35907,2024,25,Finals Week 1,elimination_final,2024-09-07 19:30:00,Gabba,Brisbane Lions,Carlton,14,15,11,5,99,71,29,16,0.4827586206896552,0.6875,28,13,False
35912,2024,26,Semi-Finals,semi_final,2024-09-13 19:40:00,Adelaide Oval,Port Adelaide,Hawthorn,11,9,11,6,75,72,20,17,0.55,0.6470588235294118,3,3,False
35911,2024,26,Semi-Finals,semi_final,2024-09-14 19:30:00,Sydney Showground,Greater Western Sydney,Brisbane Lions,15,10,15,15,100,105,25,30,0.6,0.5,-5,-5,False
36462,2024,27,Preliminary Finals,preliminary_final,2024-09-20 19:40:00,S.C.G.,Sydney,Port Adelaide,14,11,8,11,95,59,25,19,0.56,0.42105263157894735,36,6,False
36463,2024,27,Preliminary Finals,preliminary_final,2024-09-21 17:15:00,M.C.G.,Geelong,Brisbane Lions,12,13,14,11,85,95,25,25,0.48,0.56,-10,0,False
35915,2024,28,Grand Final,grand_final,2024-09-28 14:30:00,M.C.G.,Sydney,Brisbane Lions,9,6,18,12,60,120,15,30,0.6,0.6,-60,-15,False
37091,2025,0,Opening Round,home_and_away,2025-03-07 19:40:00,S.C.G.,Sydney,Hawthorn,11,10,14,12,76,96,21,26,0.5238095238095238,0.5384615384615384,-20,-5,False
37093,2025,0,Opening Round,home_and_away,2025-03-09 15:20:00,Sydney Showground,Greater Western Sydney,Collingwood,15,14,6,16,104,52,29,22,0.5172413793103449,0.2727272727272727,52,7,False
37094,2025,1,Round 1,home_and_away,2025-03-13 19:30:00,M.C.G.,Richmond,Carlton,13,4,9,15,82,69,17,24,0.7647058823529411,0.375,13,-7,False
37095,2025,1,Round 1,home_and_away,2025-03-14 19:40:00,M.C.G.,Hawthorn,Essendon,17,9,12,13,111,85,26,25,0.6538461538461539,0.48,26,1,False
37096,2025,1,Round 1,home_and_away,2025-03-15 13:20:00,Kardinia Park,Geelong,Fremantle,23,9,10,9,147,69,32,19,0.71875,0.5263157894736842,78,13,False
37097,2025,1,Round 1,home_and_away,2025-03-15 16:15:00,S.C.G.,Sydney,Brisbane Lions,12,10,12,14,82,86,22,26,0.5454545454545454,0.46153846153846156,-4,-4,False
37099,2025,1,Round 1,home_and_away,2025-03-15 19:35:00,M.C.G.,Collingwood,Port Adelaide,21,10,6,9,136,45,31,15,0.6774193548387096,0.4,91,16,False
37098,2025,1,Round 1,home_and_away,2025-03-15 19:35:00,Docklands,Western Bulldogs,North Melbourne,17,11,14,13,113,97,28,27,0.6071428571428571,0.5185185185185185,16,1,False
37100,2025,1,Round 1,home_and_away,2025-03-16 12:35:00,Adelaide Oval,Adelaide,St Kilda,21,9,10,12,135,72,30,22,0.7,0.45454545454545453,63,8,False
37101,2025,1,Round 1,home_and_away,2025-03-16 15:20:00,M.C.G.,Melbourne,Greater Western Sydney,11,8,11,11,74,77,19,22,0.5789473684210527,0.5,-3,-3,False
37102,2025,1,Round 1,home_and_away,2025-03-16 18:10:00,Perth Stadium,West Coast,Gold Coast,7,7,20,16,49,136,14,36,0.5,0.5555555555555556,-87,-22,False
37103,2025,2,Round 2,home_and_away,2025-03-20 19:30:00,M.C.G.,Carlton,Hawthorn,8,12,12,8,60,80,20,20,0.4,0.6,-20,0,False
37104,2025,2,Round 2,home_and_away,2025-03-21 19:40:00,M.C.G.,Western Bulldogs,Collingwood,10,10,10,16,70,76,20,26,0.5,0.38461538461538464,-6,-6,False
37105,2025,2,Round 2,home_and_away,2025-03-22 13:20:00,M.C.G.,Essendon,Adelaide,15,10,25,11,100,161,25,36,0.6,0.6944444444444444,-61,-11,False
37106,2025,2,Round 2,home_and_away,2025-03-22 16:15:00,Adelaide Oval,Port Adelaide,Richmond,21,14,9,14,140,68,35,23,0.6,0.391304347826087,72,12,False
37107,2025,2,Round 2,home_and_away,2025-03-22 19:35:00,Docklands,St Kilda,Geelong,15,8,13,13,98,91,23,26,0.6521739130434783,0.5,7,-3,False
37108,2025,2,Round 2,home_and_away,2025-03-23 13:10:00,Gabba,Brisbane Lions,West Coast,14,10,11,9,94,75,24,20,0.5833333333333334,0.55,19,4,False
37109,2025,2,Round 2,home_and_away,2025-03-23 15:20:00,Docklands,North Melbourne,Melbourne,19,11,9,12,125,66,30,21,0.6333333333333333,0.42857142857142855,59,9,False
37110,2025,2,Round 2,home_and_away,2025-03-23 18:10:00,Perth Stadium,Fremantle,Sydney,9,11,9,14,65,68,20,23,0.45,0.391304347826087,-3,-3,False
37111,2025,3,Round 3,home_and_away,2025-03-27 19:30:00,Docklands,Essendon,Port Adelaide,9,18,8,12,72,60,27,20,0.3333333333333333,0.4,12,7,False
37112,2025,3,Round 3,home_and_away,2025-03-28 19:40:00,Docklands,Carlton,Western Bulldogs,11,9,12,11,75,83,20,23,0.55,0.5217391304347826,-8,-3,False
37113,2025,3,Round 3,home_and_away,2025-03-29 13:20:00,M.C.G.,Melbourne,Gold Coast,8,14,18,12,62,120,22,30,0.36363636363636365,0.6,-58,-8,False
37114,2025,3,Round 3,home_and_away,2025-03-29 16:15:00,Docklands,St Kilda,Richmond,20,15,7,11,135,53,35,18,0.5714285714285714,0.3888888888888889,82,17,False
37090,2025,3,Round 3,home_and_away,2025-03-29 19:35:00,Gabba,Brisbane Lions,Geelong,10,10,9,7,70,61,20,16,0.5,0.5625,9,4,False
37115,2025,3,Round 3,home_and_away,2025-03-29 19:35:00,York Park,Hawthorn,Greater Western Sydney,10,16,9,10,76,64,26,19,0.38461538461538464,0.47368421052631576,12,7,False
37116,2025,3,Round 3,home_and_away,2025-03-30 15:20:00,Adelaide Oval,Adelaide,North Melbourne,17,12,12,6,114,78,29,18,0.5862068965517241,0.6666666666666666,36,11,False
37117,2025,3,Round 3,home_and_away,2025-03-30 18:10:00,Perth Stadium,West Coast,Fremantle,10,8,15,16,68,106,18,31,0.5555555555555556,0.4838709677419355,-38,-13,False
37118,2025,4,Round 4,home_and_away,2025-04-03 19:30:00,M.C.G.,Collingwood,Carlton,8,15,6,10,63,46,23,16,0.34782608695652173,0.375,17,7,False
37119,2025,4,Round 4,home_and_away,2025-04-04 19:40:00,Kardinia Park,Geelong,Melbourne,12,13,6,10,85,46,25,16,0.48,0.375,39,9,False
37120,2025,4,Round 4,home_and_away,2025-04-05 13:20:00,Carrara,Gold Coast,Adelaide,13,13,14,6,91,90,26,20,0.5,0.7,1,6,False
37121,2025,4,Round 4,home_and_away,2025-04-05 16:15:00,M.C.G.,Richmond,Brisbane Lions,13,12,18,10,90,118,25,28,0.52,0.6428571428571429,-28,-3,False
37122,2025,4,Round 4,home_and_away,2025-04-05 19:35:00,Docklands,North Melbourne,Sydney,8,4,18,9,52,117,12,27,0.6666666666666666,0.6666666666666666,-65,-15,False
37123,2025,4,Round 4,home_and_away,2025-04-06 13:10:00,Sydney Showground,Greater Western Sydney,West Coast,20,12,7,9,132,51,32,16,0.625,0.4375,81,16,False
37124,2025,4,Round 4,home_and_away,2025-04-06 15:20:00,Adelaide Oval,Port Adelaide,St Kilda,10,12,13,11,72,89,22,24,0.45454545454545453,0.5416666666666666,-17,-2,False
37125,2025,4,Round 4,home_and_away,2025-04-06 17:10:00,Perth Stadium,Fremantle,Western Bulldogs,15,7,12,9,97,81,22,21,0.6818181818181818,0.5714285714285714,16,1,False
37126,2025,5,Round 5,home_and_away,2025-04-10 19:40:00,Adelaide Oval,Adelaide,Geelong,15,10,18,11,100,119,25,29,0.6,0.6206896551724138,-19,-4,False
37127,2025,5,Round 5,home_and_away,2025-04-11 19:40:00,Adelaide Oval,Collingwood,Sydney,16,13,12,6,109,78,29,18,0.5517241379310345,0.6666666666666666,31,11,False
37128,2025,5,Round 5,home_and_away,2025-04-12 12:35:00,Barossa Park,North Melbourne,Gold Coast,13,11,21,15,89,141,24,36,0.5416666666666666,0.5833333333333334,-52,-12,False
37129,2025,5,Round 5,home_and_away,2025-04-12 13:20:00,Adelaide Oval,Carlton,West Coast,17,19,6,14,121,50,36,20,0.4722222222222222,0.3,71,16,False
37130,2025,5,Round 5,home_and_away,2025-04-12 16:15:00,Norwood Oval,Western Bulldogs,Brisbane Lions,14,13,18,10,97,118,27,28,0.5185185185185185,0.6428571428571429,-21,-1,False
37131,2025,5,Round 5,home_and_away,2025-04-12 19:35:00,Adelaide Oval,Melbourne,Essendon,8,9,15,6,57,96,17,21,0.47058823529411764,0.7142857142857143,-39,-4,False
37132,2025,5,Round 5,home_and_away,2025-04-13 12:35:00,Barossa Park,Richmond,Fremantle,7,5,16,12,47,108,12,28,0.5833333333333334,0.5714285714285714,-61,-16,False
37133,2025,5,Round 5,home_and_away,2025-04-13 15:20:00,Norwood Oval,St Kilda,Greater Western Sydney,12,10,16,14,82,110,22,30,0.5454545454545454,0.5333333333333333,-28,-8,False
37134,2025,5,Round 5,home_and_away,2025-04-13 19:20:00,Adelaide Oval,Port Adelaide,Hawthorn,18,13,14,7,121,91,31,21,0.5806451612903226,0.6666666666666666,30,10,False
37135,2025,6,Round 6,home_and_away,2025-04-17 19:30:00,Gabba,Brisbane Lions,Collingwood,7,11,16,9,53,105,18,25,0.3888888888888889,0.64,-52,-7,False
37136,2025,6,Round 6,home_and_away,2025-04-18 15:20:00,Docklands,North Melbourne,Carlton,11,5,24,9,71,153,16,33,0.6875,0.7272727272727273,-82,-17,False
37137,2025,6,Round 6,home_and_away,2025-04-18 18:10:00,Perth Stadium,West Coast,Essendon,11,9,11,11,75,77,20,22,0.55,0.5,-2,-2,False
37138,2025,6,Round 6,home_and_away,2025-04-19 13:20:00,M.C.G.,Melbourne,Fremantle,16,11,14,13,107,97,27,27,0.5925925925925926,0.5185185185185185,10,0,False
37139,2025,6,Round 6,home_and_away,2025-04-19 16:15:00,Adelaide Oval,Adelaide,Greater Western Sydney,7,10,4,10,52,34,17,14,0.4117647058823529,0.2857142857142857,18,3,False
37140,2025,6,Round 6,home_and_away,2025-04-19 19:35:00,Docklands,Richmond,Gold Coast,12,8,9,15,80,69,20,24,0.6,0.375,11,-4,False
37141,2025,6,Round 6,home_and_away,2025-04-20 15:20:00,S.C.G.,Sydney,Port Adelaide,10,17,13,7,77,85,27,20,0.37037037037037035,0.65,-8,7,False
37142,2025,6,Round 6,home_and_away,2025-04-20 19:20:00,Docklands,Western Bulldogs,St Kilda,18,19,8,8,127,56,37,16,0.4864864864864865,0.5,71,21,False
37143,2025,6,Round 6,home_and_away,2025-04-21 15:20:00,M.C.G.,Geelong,Hawthorn,12,14,11,13,86,79,26,24,0.46153846153846156,0.4583333333333333,7,2,False
37144,2025,7,Round 7,home_and_away,2025-04-24 19:30:00,M.C.G.,Melbourne,Richmond,12,11,9,9,83,63,23,18,0.5217391304347826,0.5,20,5,False
37145,2025,7,Round 7,home_and_away,2025-04-25 15:20:00,M.C.G.,Collingwood,Essendon,16,11,10,6,107,66,27,16,0.5925925925925926,0.625,41,11,False
37146,2025,7,Round 7,home_and_away,2025-04-25 20:10:00,Perth Stadium,Fremantle,Adelaide,12,13,9,13,85,67,25,22,0.48,0.4090909090909091,18,3,False
37147,2025,7,Round 7,home_and_away,2025-04-26 13:20:00,Docklands,St Kilda,Brisbane Lions,11,7,17,16,73,118,18,33,0.6111111111111112,0.5151515151515151,-45,-15,False
37148,2025,7,Round 7,home_and_away,2025-04-26 16:15:00,Adelaide Oval,Port Adelaide,North Melbourne,14,13,13,10,97,88,27,23,0.5185185185185185,0.5652173913043478,9,4,False
37149,2025,7,Round 7,home_and_away,2025-04-26 19:35:00,Manuka Oval,Greater Western Sydney,Western Bulldogs,12,9,17,11,81,113,21,28,0.5714285714285714,0.6071428571428571,-32,-7,False
37150,2025,7,Round 7,home_and_away,2025-04-27 13:15:00,Carrara,Gold Coast,Sydney,17,15,12,7,117,79,32,19,0.53125,0.631578947368421,38,13,False
37151,2025,7,Round 7,home_and_away,2025-04-27 15:20:00,M.C.G.,Carlton,Geelong,14,10,12,4,94,76,24,16,0.5833333333333334,0.75,18,8,False
37152,2025,7,Round 7,home_and_away,2025-04-27 16:45:00,Docklands,Hawthorn,West Coast,18,16,11,8,124,74,34,19,0.5294117647058824,0.5789473684210527,50,15,False
37153,2025,8,Round 8,home_and_away,2025-05-01 19:30:00,Docklands,Essendon,North Melbourne,9,11,9,8,65,62,20,17,0.45,0.5294117647058824,3,3,False
37154,2025,8,Round 8,home_and_away,2025-05-02 19:40:00,Docklands,St Kilda,Fremantle,14,10,5,3,94,33,24,8,0.5833333333333334,0.625,61,16,False
37155,2025,8,Round 8,home_and_away,2025-05-03 13:20:00,Eureka Stadium,Western Bulldogs,Port Adelaide,20,11,5,11,131,41,31,16,0.6451612903225806,0.3125,90,15,False
37156,2025,8,Round 8,home_and_away,2025-05-03 16:15:00,Adelaide Oval,Adelaide,Carlton,16,14,7,8,110,50,30,15,0.5333333333333333,0.4666666666666667,60,15,False
37157,2025,8,Round 8,home_and_away,2025-05-03 19:35:00,M.C.G.,Collingwood,Geelong,12,15,13,12,87,90,27,25,0.4444444444444444,0.52,-3,2,False
37158,2025,8,Round 8,home_and_away,2025-05-03 19:35:00,Perth Stadium,West Coast,Melbourne,11,10,16,12,76,108,21,28,0.5238095238095238,0.5714285714285714,-32,-7,False
37159,2025,8,Round 8,home_and_away,2025-05-04 13:10:00,S.C.G.,Sydney,Greater Western Sydney,12,15,10,13,87,73,27,23,0.4444444444444444,0.43478260869565216,14,4,False
37160,2025,8,Round 8,home_and_away,2025-05-04 15:20:00,M.C.G.,Hawthorn,Richmond,16,13,6,8,109,44,29,14,0.5517241379310345,0.42857142857142855,65,15,False
37161,2025,8,Round 8,home_and_away,2025-05-04 19:20:00,Gabba,Brisbane Lions,Gold Coast,9,12,7,7,66,49,21,14,0.42857142857142855,0.5,17,7,False
37162,2025,9,Round 9,home_and_away,2025-05-08 20:10:00,Perth Stadium,Fremantle,Collingwood,12,11,15,7,83,97,23,22,0.5217391304347826,0.6818181818181818,-14,1,False
37163,2025,9,Round 9,home_and_away,2025-05-09 19:40:00,M.C.G.,St Kilda,Carlton,9,8,11,11,62,77,17,22,0.5294117647058824,0.5,-15,-5,False
37164,2025,9,Round 9,home_and_away,2025-05-10 13:20:00,M.C.G.,Melbourne,Hawthorn,7,14,13,13,56,91,21,26,0.3333333333333333,0.5,-35,-5,False
37165,2025,9,Round 9,home_and_away,2025-05-10 16:15:00,Docklands,Essendon,Sydney,11,5,8,15,71,63,16,23,0.6875,0.34782608695652173,8,-7,False
37166,2025,9,Round 9,home_and_away,2025-05-10 19:35:00,Marrara Oval,Gold Coast,Western Bulldogs,15,16,14,12,106,96,31,26,0.4838709677419355,0.5384615384615384,10,5,False
37167,2025,9,Round 9,home_and_away,2025-05-10 20:10:00,Adelaide Oval,Port Adelaide,Adelaide,12,12,13,11,84,89,24,24,0.5,0.5416666666666666,-5,0,False
37168,2025,9,Round 9,home_and_away,2025-05-11 13:10:00,M.C.G.,Richmond,West Coast,11,15,11,13,81,79,26,24,0.4230769230769231,0.4583333333333333,2,2,False
37169,2025,9,Round 9,home_and_away,2025-05-11 15:20:00,Kardinia Park,Geelong,Greater Western Sydney,14,17,16,9,101,105,31,25,0.45161290322580644,0.64,-4,6,False
37170,2025,9,Round 9,home_and_away,2025-05-11 16:40:00,Bellerive Oval,North Melbourne,Brisbane Lions,10,11,10,11,71,71,21,21,0.47619047619047616,0.47619047619047616,0,0,True
37171,2025,10,Round 10,home_and_away,2025-05-15 19:30:00,Marrara Oval,Gold Coast,Hawthorn,16,8,15,6,104,96,24,21,0.6666666666666666,0.7142857142857143,8,3,False
37172,2025,10,Round 10,home_and_away,2025-05-16 19:40:00,S.C.G.,Sydney,Carlton,11,12,9,8,78,62,23,17,0.4782608695652174,0.5294117647058824,16,6,False
37173,2025,10,Round 10,home_and_away,2025-05-17 13:20:00,M.C.G.,Collingwood,Adelaide,11,12,10,8,78,68,23,18,0.4782608695652174,0.5555555555555556,10,5,False
37175,2025,10,Round 10,home_and_away,2025-05-17 16:15:00,Sydney Showground,Greater Western Sydney,Fremantle,8,13,13,17,61,95,21,30,0.38095238095238093,0.43333333333333335,-34,-9,False
37174,2025,10,Round 10,home_and_away,2025-05-17 16:15:00,Adelaide Oval,Port Adelaide,Geelong,5,9,17,13,39,115,14,30,0.35714285714285715,0.5666666666666667,-76,-16,False
37176,2025,10,Round 10,home_and_away,2025-05-17 19:35:00,Docklands,Western Bulldogs,Essendon,18,19,5,6,127,36,37,11,0.4864864864864865,0.45454545454545453,91,26,False
37177,2025,10,Round 10,home_and_away,2025-05-18 13:10:00,M.C.G.,Richmond,North Melbourne,11,8,12,6,74,78,19,18,0.5789473684210527,0.6666666666666666,-4,1,False
37178,2025,10,Round 10,home_and_away,2025-05-18 15:20:00,Gabba,Brisbane Lions,Melbourne,13,10,14,15,88,99,23,29,0.5652173913043478,0.4827586206896552,-11,-6,False
37179,2025,10,Round 10,home_and_away,2025-05-18 16:40:00,Perth Stadium,West Coast,St Kilda,16,12,12,8,108,80,28,20,0.5714285714285714,0.6,28,8,False
37180,2025,11,Round 11,home_and_away,2025-05-22 19:30:00,Kardinia Park,Geelong,Western Bulldogs,20,7,16,17,127,113,27,33,0.7407407407407407,0.48484848484848486,14,-6,False
37181,2025,11,Round 11,home_and_away,2025-05-23 19:40:00,M.C.G.,Essendon,Richmond,11,15,8,10,81,58,26,18,0.4230769230769231,0.4444444444444444,23,8,False
37182,2025,11,Round 11,home_and_away,2025-05-24 12:35:00,Docklands,Carlton,Greater Western Sydney,12,10,17,8,82,110,22,25,0.5454545454545454,0.68,-28,-3,False
37183,2025,11,Round 11,home_and_away,2025-05-24 16:15:00,M.C.G.,Hawthorn,Brisbane Lions,8,12,14,9,60,93,20,23,0.4,0.6086956521739131,-33,-3,False
37184,2025,11,Round 11,home_and_away,2025-05-24 19:35:00,Docklands,North Melbourne,Collingwood,9,9,15,18,63,108,18,33,0.5,0.45454545454545453,-45,-15,False
37185,2025,11,Round 11,home_and_away,2025-05-24 20:10:00,Perth Stadium,Fremantle,Port Adelaide,15,10,7,9,100,51,25,16,0.6,0.4375,49,9,False
37186,2025,11,Round 11,home_and_away,2025-05-25 13:10:00,Adelaide Oval,Adelaide,West Coast,19,14,8,14,128,62,33,22,0.5757575757575758,0.36363636363636365,66,11,False
37187,2025,11,Round 11,home_and_away,2025-05-25 15:20:00,M.C.G.,Melbourne,Sydney,19,17,12,6,131,78,36,18,0.5277777777777778,0.6666666666666666,53,18,False
37188,2025,11,Round 11,home_and_away,2025-05-25 16:40:00,Docklands,St Kilda,Gold Coast,8,13,12,8,61,80,21,20,0.38095238095238093,0.6,-19,1,False
37189,2025,12,Round 12,home_and_away,2025-05-29 19:30:00,Gabba,Brisbane Lions,Essendon,13,12,11,6,90,72,25,17,0.52,0.6470588235294118,18,8,False
37190,2025,12,Round 12,home_and_away,2025-05-30 19:40:00,M.C.G.,Collingwood,Hawthorn,16,11,8,8,107,56,27,16,0.5925925925925926,0.5,51,11,False
37191,2025,12,Round 12,home_and_away,2025-05-31 13:20:00,Carrara,Gold Coast,Fremantle,9,10,11,9,64,75,19,20,0.47368421052631576,0.55,-11,-1,False
37192,2025,12,Round 12,home_and_away,2025-05-31 16:15:00,Sydney Showground,Greater Western Sydney,Richmond,12,8,10,17,80,77,20,27,0.6,0.37037037037037035,3,-7,False
37193,2025,12,Round 12,home_and_away,2025-05-31 19:35:00,S.C.G.,Sydney,Adelaide,5,11,21,5,41,131,16,26,0.3125,0.8076923076923077,-90,-10,False
37194,2025,12,Round 12,home_and_away,2025-06-01 15:20:00,Traeger Park,Melbourne,St Kilda,7,21,14,7,63,91,28,21,0.25,0.6666666666666666,-28,7,False
37195,2025,12,Round 12,home_and_away,2025-06-01 19:20:00,Perth Stadium,West Coast,Geelong,11,7,17,14,73,116,18,31,0.6111111111111112,0.5483870967741935,-43,-13,False
37196,2025,13,Round 13,home_and_away,2025-06-05 19:30:00,Docklands,Western Bulldogs,Hawthorn,8,11,12,9,59,81,19,21,0.42105263157894735,0.5714285714285714,-22,-2,False
37197,2025,13,Round 13,home_and_away,2025-06-06 19:40:00,Adelaide Oval,Adelaide,Brisbane Lions,10,8,8,15,68,63,18,23,0.5555555555555556,0.34782608695652173,5,-5,False
37198,2025,13,Round 13,home_and_away,2025-06-07 13:20:00,M.C.G.,Richmond,Sydney,4,12,11,14,36,80,16,25,0.25,0.44,-44,-9,False
37199,2025,13,Round 13,home_and_away,2025-06-07 16:15:00,Kardinia Park,Geelong,Gold Coast,9,7,5,7,61,37,16,12,0.5625,0.4166666666666667,24,4,False
37200,2025,13,Round 13,home_and_away,2025-06-07 19:35:00,Manuka Oval,Greater Western Sydney,Port Adelaide,7,8,9,12,50,66,15,21,0.4666666666666667,0.42857142857142855,-16,-6,False
37201,2025,13,Round 13,home_and_away,2025-06-08 15:20:00,Hands Oval,North Melbourne,West Coast,9,8,6,16,62,52,17,22,0.5294117647058824,0.2727272727272727,10,-5,False
37202,2025,13,Round 13,home_and_away,2025-06-08 19:20:00,M.C.G.,Carlton,Essendon,11,12,11,4,78,70,23,15,0.4782608695652174,0.7333333333333333,8,8,False
37203,2025,13,Round 13,home_and_away,2025-06-09 15:20:00,M.C.G.,Melbourne,Collingwood,10,11,11,6,71,72,21,17,0.47619047619047616,0.6470588235294118,-1,4,False
37204,2025,14,Round 14,home_and_away,2025-06-12 19:30:00,Docklands,St Kilda,Western Bulldogs,8,12,20,12,60,132,20,32,0.4,0.625,-72,-12,False
37205,2025,14,Round 14,home_and_away,2025-06-13 19:40:00,York Park,Hawthorn,Adelaide,6,11,5,14,47,44,17,19,0.35294117647058826,0.2631578947368421,3,-2,False
37206,2025,14,Round 14,home_and_away,2025-06-14 13:20:00,Gabba,Brisbane Lions,Greater Western Sydney,13,18,17,5,96,107,31,22,0.41935483870967744,0.7727272727272727,-11,9,False
37207,2025,14,Round 14,home_and_away,2025-06-14 16:15:00,M.C.G.,Essendon,Geelong,8,8,23,13,56,151,16,36,0.5,0.6388888888888888,-95,-20,False
37208,2025,14,Round 14,home_and_away,2025-06-14 19:35:00,Perth Stadium,North Melbourne,Fremantle,10,7,10,13,67,73,17,23,0.5882352941176471,0.43478260869565216,-6,-6,False
37209,2025,14,Round 14,home_and_away,2025-06-15 15:20:00,Adelaide Oval,Port Adelaide,Melbourne,14,9,9,14,93,68,23,23,0.6086956521739131,0.391304347826087,25,0,False
37210,2025,14,Round 14,home_and_away,2025-06-15 18:10:00,Perth Stadium,West Coast,Carlton,7,10,12,14,52,86,17,26,0.4117647058823529,0.46153846153846156,-34,-9,False
37211,2025,15,Round 15,home_and_away,2025-06-19 20:10:00,Perth Stadium,Fremantle,Essendon,16,8,9,9,104,63,24,18,0.6666666666666666,0.5,41,6,False
37212,2025,15,Round 15,home_and_away,2025-06-20 19:40:00,Kardinia Park,Geelong,Brisbane Lions,6,15,14,8,51,92,21,22,0.2857142857142857,0.6363636363636364,-41,-1,False
37213,2025,15,Round 15,home_and_away,2025-06-21 13:20:00,M.C.G.,Carlton,North Melbourne,10,13,13,6,73,84,23,19,0.43478260869565216,0.6842105263157895,-11,4,False
37214,2025,15,Round 15,home_and_away,2025-06-21 16:15:00,Adelaide Oval,Port Adelaide,Sydney,7,10,9,17,52,71,17,26,0.4117647058823529,0.34615384615384615,-19,-9,False
37215,2025,15,Round 15,home_and_away,2025-06-21 19:35:00,Docklands,Collingwood,St Kilda,16,12,11,8,108,74,28,19,0.5714285714285714,0.5789473684210527,34,9,False
37216,2025,15,Round 15,home_and_away,2025-06-22 13:10:00,Sydney Showground,Greater Western Sydney,Gold Coast,16,10,14,15,106,99,26,29,0.6153846153846154,0.4827586206896552,7,-3,False
37217,2025,15,Round 15,home_and_away,2025-06-22 15:20:00,Docklands,Western Bulldogs,Richmond,21,9,8,8,135,56,30,16,0.7,0.5,79,14,False
37223,2025,16,Round 16,home_and_away,2025-06-26 19:30:00,Adelaide Oval,Port Adelaide,Carlton,16,14,8,12,110,60,30,20,0.5333333333333333,0.4,50,10,False
37221,2025,16,Round 16,home_and_away,2025-06-27 19:40:00,S.C.G.,Sydney,Western Bulldogs,14,12,16,9,96,105,26,25,0.5384615384615384,0.64,-9,1,False
37220,2025,16,Round 16,home_and_away,2025-06-28 13:20:00,Carrara,Gold Coast,Melbourne,15,14,12,13,104,85,29,25,0.5172413793103449,0.48,19,4,False
37222,2025,16,Round 16,home_and_away,2025-06-28 16:15:00,York Park,Hawthorn,North Melbourne,23,12,9,11,150,65,35,20,0.6571428571428571,0.45,85,15,False
37218,2025,16,Round 16,home_and_away,2025-06-28 19:35:00,Docklands,Collingwood,West Coast,13,10,8,11,88,59,23,19,0.5652173913043478,0.42105263157894735,29,4,False
37219,2025,16,Round 16,home_and_away,2025-06-29 15:15:00,M.C.G.,Richmond,Adelaide,8,6,18,14,54,122,14,32,0.5714285714285714,0.5625,-68,-18,False
37224,2025,16,Round 16,home_and_away,2025-06-29 17:10:00,Perth Stadium,Fremantle,St Kilda,11,15,9,15,81,69,26,24,0.4230769230769231,0.375,12,2,False
37227,2025,17,Round 17,home_and_away,2025-07-03 19:30:00,Docklands,North Melbourne,Western Bulldogs,13,7,20,14,85,134,20,34,0.65,0.5882352941176471,-49,-14,False
37229,2025,17,Round 17,home_and_away,2025-07-04 19:20:00,M.C.G.,Carlton,Collingwood,8,11,17,13,59,115,19,30,0.42105263157894735,0.5666666666666667,-56,-11,False
37233,2025,17,Round 17,home_and_away,2025-07-04 20:20:00,Perth Stadium,West Coast,Greater Western Sydney,8,4,16,15,52,111,12,31,0.6666666666666666,0.5161290322580645,-59,-19,False
37228,2025,17,Round 17,home_and_away,2025-07-05 12:35:00,Docklands,Essendon,Gold Coast,11,8,18,7,74,115,19,25,0.5789473684210527,0.72,-41,-6,False
37225,2025,17,Round 17,home_and_away,2025-07-05 16:15:00,Kardinia Park,Geelong,Richmond,18,16,7,10,124,52,34,17,0.5294117647058824,0.4117647058823529,72,17,False
37231,2025,17,Round 17,home_and_away,2025-07-05 19:35:00,Gabba,Brisbane Lions,Port Adelaide,18,12,14,8,120,92,30,22,0.6,0.6363636363636364,28,8,False
37226,2025,17,Round 17,home_and_away,2025-07-05 19:40:00,Docklands,St Kilda,Hawthorn,10,14,14,10,74,94,24,24,0.4166666666666667,0.5833333333333334,-20,0,False
37230,2025,17,Round 17,home_and_away,2025-07-06 13:10:00,S.C.G.,Sydney,Fremantle,14,10,12,11,94,83,24,23,0.5833333333333334,0.5217391304347826,11,1,False
37232,2025,17,Round 17,home_and_away,2025-07-06 15:15:00,Adelaide Oval,Adelaide,Melbourne,13,12,11,11,90,77,25,22,0.52,0.5,13,3,False
37237,2025,18,Round 18,home_and_away,2025-07-10 19:30:00,Docklands,Carlton,Brisbane Lions,9,12,15,13,66,103,21,28,0.42857142857142855,0.5357142857142857,-37,-7,False
37240,2025,18,Round 18,home_and_away,2025-07-11 19:40:00,Carrara,Gold Coast,Collingwood,10,9,8,15,69,63,19,23,0.5263157894736842,0.34782608695652173,6,-4,False
37235,2025,18,Round 18,home_and_away,2025-07-12 13:20:00,Docklands,Western Bulldogs,Adelaide,15,8,16,13,98,109,23,29,0.6521739130434783,0.5517241379310345,-11,-6,False
37234,2025,18,Round 18,home_and_away,2025-07-12 16:15:00,Sydney Showground,Greater Western Sydney,Geelong,17,9,13,7,111,85,26,20,0.6538461538461539,0.65,26,6,False
37239,2025,18,Round 18,home_and_away,2025-07-12 19:35:00,M.C.G.,Richmond,Essendon,6,10,4,13,46,37,16,17,0.375,0.23529411764705882,9,-1,False
37242,2025,18,Round 18,home_and_away,2025-07-12 20:10:00,Perth Stadium,Fremantle,Hawthorn,12,5,9,10,77,64,17,19,0.7058823529411765,0.47368421052631576,13,-2,False
37238,2025,18,Round 18,home_and_away,2025-07-13 13:10:00,M.C.G.,Melbourne,North Melbourne,18,11,12,11,119,83,29,23,0.6206896551724138,0.5217391304347826,36,6,False
37236,2025,18,Round 18,home_and_away,2025-07-13 15:15:00,Docklands,St Kilda,Sydney,13,9,14,8,87,92,22,22,0.5909090909090909,0.6363636363636364,-5,0,False
37241,2025,18,Round 18,home_and_away,2025-07-13 16:40:00,Adelaide Oval,Port Adelaide,West Coast,12,15,9,7,87,61,27,16,0.4444444444444444,0.5625,26,11,False
37244,2025,19,Round 19,home_and_away,2025-07-17 19:30:00,Docklands,Essendon,Greater Western Sydney,7,14,16,8,56,104,21,24,0.3333333333333333,0.6666666666666666,-48,-3,False
37248,2025,19,Round 19,home_and_away,2025-07-18 19:40:00,Gabba,Brisbane Lions,Western Bulldogs,12,14,12,4,86,76,26,16,0.46153846153846156,0.75,10,10,False
37249,2025,19,Round 19,home_and_away,2025-07-19 13:20:00,York Park,Hawthorn,Port Adelaide,13,9,7,7,87,49,22,14,0.5909090909090909,0.5,38,8,False
37247,2025,19,Round 19,home_and_away,2025-07-19 16:15:00,S.C.G.,Sydney,North Melbourne,12,12,7,11,84,53,24,18,0.5,0.3888888888888889,31,6,False
37245,2025,19,Round 19,home_and_away,2025-07-19 19:35:00,M.C.G.,Carlton,Melbourne,12,6,10,10,78,70,18,20,0.6666666666666666,0.5,8,-2,False
37251,2025,19,Round 19,home_and_away,2025-07-19 20:10:00,Perth Stadium,West Coast,Richmond,8,8,16,9,56,105,16,25,0.5,0.64,-49,-9,False
37243,2025,19,Round 19,home_and_away,2025-07-20 13:10:00,Kardinia Park,Geelong,St Kilda,17,11,12,10,113,82,28,22,0.6071428571428571,0.5454545454545454,31,6,False
37246,2025,19,Round 19,home_and_away,2025-07-20 15:15:00,M.C.G.,Collingwood,Fremantle,11,12,12,7,78,79,23,19,0.4782608695652174,0.631578947368421,-1,4,False
37250,2025,19,Round 19,home_and_away,2025-07-20 16:40:00,Adelaide Oval,Adelaide,Gold Coast,16,11,6,10,107,46,27,16,0.5925925925925926,0.375,61,11,False
37257,2025,20,Round 20,home_and_away,2025-07-24 19:30:00,M.C.G.,Hawthorn,Carlton,13,7,9,7,85,61,20,16,0.65,0.5625,24,4,False
37255,2025,20,Round 20,home_and_away,2025-07-25 19:20:00,Docklands,Essendon,Western Bulldogs,7,8,22,11,50,143,15,33,0.4666666666666667,0.6666666666666666,-93,-18,False
37252,2025,20,Round 20,home_and_away,2025-07-25 19:50:00,Sydney Showground,Greater Western Sydney,Sydney,15,12,8,10,102,58,27,18,0.5555555555555556,0.4444444444444444,44,9,False
37258,2025,20,Round 20,home_and_away,2025-07-26 13:20:00,Carrara,Gold Coast,Brisbane Lions,20,10,9,10,130,64,30,19,0.6666666666666666,0.47368421052631576,66,11,False
37260,2025,20,Round 20,home_and_away,2025-07-26 16:15:00,Perth Stadium,Fremantle,West Coast,18,18,12,5,126,77,36,17,0.5,0.7058823529411765,49,19,False
37253,2025,20,Round 20,home_and_away,2025-07-26 19:35:00,Docklands,North Melbourne,Geelong,7,7,22,18,49,150,14,40,0.5,0.55,-101,-26,False
37259,2025,20,Round 20,home_and_away,2025-07-26 20:10:00,Adelaide Oval,Adelaide,Port Adelaide,20,13,5,5,133,35,33,10,0.6060606060606061,0.5,98,23,False
37256,2025,20,Round 20,home_and_away,2025-07-27 14:10:00,M.C.G.,Richmond,Collingwood,8,9,13,15,57,93,17,28,0.47058823529411764,0.4642857142857143,-36,-11,False
37254,2025,20,Round 20,home_and_away,2025-07-27 15:15:00,Docklands,St Kilda,Melbourne,15,6,13,12,96,90,21,25,0.7142857142857143,0.52,6,-4,False
37264,2025,21,Round 21,home_and_away,2025-07-31 19:30:00,Docklands,Western Bulldogs,Greater Western Sydney,19,18,6,8,132,44,37,14,0.5135135135135135,0.42857142857142855,88,23,False
37268,2025,21,Round 21,home_and_away,2025-08-01 19:40:00,Adelaide Oval,Adelaide,Hawthorn,15,11,13,9,101,87,26,22,0.5769230769230769,0.5909090909090909,14,4,False
37263,2025,21,Round 21,home_and_away,2025-08-02 13:20:00,Docklands,Melbourne,West Coast,21,13,8,8,139,56,34,16,0.6176470588235294,0.5,83,18,False
37266,2025,21,Round 21,home_and_away,2025-08-02 16:10:00,Carrara,Gold Coast,Richmond,16,11,2,11,107,23,27,13,0.5925925925925926,0.15384615384615385,84,14,False
37267,2025,21,Round 21,home_and_away,2025-08-02 16:15:00,S.C.G.,Sydney,Essendon,9,14,7,12,68,54,23,19,0.391304347826087,0.3684210526315789,14,4,False
37265,2025,21,Round 21,home_and_away,2025-08-02 19:35:00,M.C.G.,Collingwood,Brisbane Lions,10,5,14,8,65,92,15,22,0.6666666666666666,0.6363636363636364,-27,-7,False
37262,2025,21,Round 21,home_and_away,2025-08-03 13:40:00,Docklands,St Kilda,North Melbourne,11,12,10,9,78,69,23,19,0.4782608695652174,0.5263157894736842,9,4,False
37261,2025,21,Round 21,home_and_away,2025-08-03 15:15:00,Kardinia Park,Geelong,Port Adelaide,23,15,9,11,153,65,38,20,0.6052631578947368,0.45,88,18,False
37269,2025,21,Round 21,home_and_away,2025-08-03 17:10:00,Perth Stadium,Fremantle,Carlton,15,4,10,7,94,67,19,17,0.7894736842105263,0.5882352941176471,27,2,False
37275,2025,22,Round 22,home_and_away,2025-08-07 19:30:00,M.C.G.,Hawthorn,Collingwood,17,8,6,10,110,46,25,16,0.68,0.375,64,9,False
37270,2025,22,Round 22,home_and_away,2025-08-08 19:40:00,Kardinia Park,Geelong,Essendon,15,19,10,5,109,65,34,15,0.4411764705882353,0.6666666666666666,44,19,False
37273,2025,22,Round 22,home_and_away,2025-08-09 13:20:00,M.C.G.,Richmond,St Kilda,7,10,8,8,52,56,17,16,0.4117647058823529,0.5,-4,1,False
37276,2025,22,Round 22,home_and_away,2025-08-09 16:15:00,Gabba,Brisbane Lions,Sydney,13,12,13,14,90,92,25,27,0.52,0.48148148148148145,-2,-2,False
37272,2025,22,Round 22,home_and_away,2025-08-09 19:35:00,Docklands,Carlton,Gold Coast,11,8,13,15,74,93,19,28,0.5789473684210527,0.4642857142857143,-19,-9,False
37277,2025,22,Round 22,home_and_away,2025-08-09 20:10:00,Adelaide Oval,Port Adelaide,Fremantle,13,8,13,14,86,92,21,27,0.6190476190476191,0.48148148148148145,-6,-6,False
37271,2025,22,Round 22,home_and_away,2025-08-10 13:40:00,Manuka Oval,Greater Western Sydney,North Melbourne,20,13,12,7,133,79,33,19,0.6060606060606061,0.631578947368421,54,14,False
37274,2025,22,Round 22,home_and_away,2025-08-10 15:15:00,M.C.G.,Melbourne,Western Bulldogs,15,9,15,15,99,105,24,30,0.625,0.5,-6,-6,False
37278,2025,22,Round 22,home_and_away,2025-08-10 17:10:00,Perth Stadium,West Coast,Adelaide,12,6,13,9,78,87,18,22,0.6666666666666666,0.5909090909090909,-9,-4,False
37280,2025,23,Round 23,home_and_away,2025-08-15 19:20:00,Docklands,Essendon,St Kilda,11,9,11,11,75,77,20,22,0.55,0.5,-2,-2,False
37287,2025,23,Round 23,home_and_away,2025-08-15 20:20:00,Perth Stadium,Fremantle,Brisbane Lions,5,14,15,11,44,101,19,26,0.2631578947368421,0.5769230769230769,-57,-7,False
37284,2025,23,Round 23,home_and_away,2025-08-16 12:35:00,Carrara,Gold Coast,Greater Western Sydney,11,10,17,9,76,111,21,26,0.5238095238095238,0.6538461538461539,-35,-5,False
37282,2025,23,Round 23,home_and_away,2025-08-16 13:20:00,Docklands,Carlton,Port Adelaide,18,10,9,10,118,64,28,19,0.6428571428571429,0.47368421052631576,54,9,False
37283,2025,23,Round 23,home_and_away,2025-08-16 16:15:00,M.C.G.,Hawthorn,Melbourne,13,14,8,8,92,56,27,16,0.48148148148148145,0.5,36,11,False
37286,2025,23,Round 23,home_and_away,2025-08-16 19:35:00,Adelaide Oval,Adelaide,Collingwood,9,5,8,8,59,56,14,16,0.6428571428571429,0.5,3,-2,False
37279,2025,23,Round 23,home_and_away,2025-08-17 13:10:00,Bellerive Oval,North Melbourne,Richmond,20,15,13,9,135,87,35,22,0.5714285714285714,0.5909090909090909,48,13,False
37285,2025,23,Round 23,home_and_away,2025-08-17 15:15:00,S.C.G.,Sydney,Geelong,10,8,16,15,68,111,18,31,0.5555555555555556,0.5161290322580645,-43,-13,False
37281,2025,23,Round 23,home_and_away,2025-08-17 16:40:00,Docklands,Western Bulldogs,West Coast,19,12,4,8,126,32,31,12,0.6129032258064516,0.3333333333333333,94,19,False
37293,2025,24,Round 24,home_and_away,2025-08-21 19:30:00,M.C.G.,Essendon,Carlton,8,8,13,12,56,90,16,25,0.5,0.52,-34,-9,False
37291,2025,24,Round 24,home_and_away,2025-08-22 19:10:00,M.C.G.,Collingwood,Melbourne,11,16,11,10,82,76,27,21,0.4074074074074074,0.5238095238095238,6,6,False
37295,2025,24,Round 24,home_and_away,2025-08-22 20:10:00,Adelaide Oval,Port Adelaide,Gold Coast,10,11,9,13,71,67,21,22,0.47619047619047616,0.4090909090909091,4,-1,False
37289,2025,24,Round 24,home_and_away,2025-08-23 13:20:00,Docklands,North Melbourne,Adelaide,15,10,17,11,100,113,25,28,0.6,0.6071428571428571,-13,-3,False
37292,2025,24,Round 24,home_and_away,2025-08-23 16:15:00,M.C.G.,Richmond,Geelong,9,10,14,19,64,103,19,33,0.47368421052631576,0.42424242424242425,-39,-14,False
37296,2025,24,Round 24,home_and_away,2025-08-23 19:35:00,Perth Stadium,West Coast,Sydney,7,9,18,10,51,118,16,28,0.4375,0.6428571428571429,-67,-12,False
37288,2025,24,Round 24,home_and_away,2025-08-24 12:20:00,Sydney Showground,Greater Western Sydney,St Kilda,15,14,14,9,104,93,29,23,0.5172413793103449,0.6086956521739131,11,6,False
37290,2025,24,Round 24,home_and_away,2025-08-24 15:15:00,Docklands,Western Bulldogs,Fremantle,14,13,17,10,97,112,27,27,0.5185185185185185,0.6296296296296297,-15,0,False
37294,2025,24,Round 24,home_and_away,2025-08-24 19:20:00,Gabba,Brisbane Lions,Hawthorn,11,23,11,13,89,79,34,24,0.3235294117647059,0.4583333333333333,10,10,False
37092,2025,24,Round 24,home_and_away,2025-08-27 19:20:00,Carrara,Gold Coast,Essendon,23,15,8,10,153,58,38,18,0.6052631578947368,0.4444444444444444,95,20,False
37317,2025,25,Finals Week 1,qualifying_final,2025-09-04 19:40:00,Adelaide Oval,Adelaide,Collingwood,8,7,11,13,55,79,15,24,0.5333333333333333,0.4583333333333333,-24,-9,False
37318,2025,25,Finals Week 1,qualifying_final,2025-09-05 19:40:00,M.C.G.,Geelong,Brisbane Lions,16,16,11,8,112,74,32,19,0.5,0.5789473684210527,38,13,False
37315,2025,25,Finals Week 1,elimination_final,2025-09-06 15:15:00,Sydney Showground,Greater Western Sydney,Hawthorn,13,10,16,11,88,107,23,27,0.5652173913043478,0.5925925925925926,-19,-4,False
37316,2025,25,Finals Week 1,elimination_final,2025-09-06 19:35:00,Perth Stadium,Fremantle,Gold Coast,12,7,11,14,79,80,19,25,0.631578947368421,0.44,-1,-6,False
37319,2025,26,Semi-Finals,semi_final,2025-09-12 19:40:00,Adelaide Oval,Adelaide,Hawthorn,10,7,14,17,67,101,17,31,0.5882352941176471,0.45161290322580644,-34,-14,False
37320,2025,26,Semi-Finals,semi_final,2025-09-13 19:35:00,Gabba,Brisbane Lions,Gold Coast,14,16,6,11,100,47,30,17,0.4666666666666667,0.35294117647058826,53,13,False
37862,2025,27,Preliminary Finals,preliminary_final,2025-09-19 19:40:00,M.C.G.,Geelong,Hawthorn,17,13,13,7,115,85,30,20,0.5666666666666667,0.65,30,10,False
37863,2025,27,Preliminary Finals,preliminary_final,2025-09-20 17:15:00,M.C.G.,Collingwood,Brisbane Lions,11,5,15,10,71,100,16,25,0.6875,0.6,-29,-9,False
37323,2025,28,Grand Final,grand_final,2025-09-27 14:30:00,M.C.G.,Geelong,Brisbane Lions,11,9,18,14,75,122,20,32,0.55,0.5625,-47,-12,False
38494,2026,0,Opening Round,home_and_away,2026-03-05 19:30:00,S.C.G.,Sydney,Carlton,20,12,10,9,132,69,32,19,0.625,0.5263157894736842,63,13,False
38495,2026,0,Opening Round,home_and_away,2026-03-06 20:05:00,Carrara,Gold Coast,Geelong,19,11,10,9,125,69,30,19,0.6333333333333333,0.5263157894736842,56,11,False
38496,2026,0,Opening Round,home_and_away,2026-03-07 16:15:00,Sydney Showground,Greater Western Sydney,Hawthorn,19,8,14,11,122,95,27,25,0.7037037037037037,0.56,27,2,False
38497,2026,0,Opening Round,home_and_away,2026-03-07 19:35:00,Gabba,Brisbane Lions,Western Bulldogs,15,16,16,15,106,111,31,31,0.4838709677419355,0.5161290322580645,-5,0,False
38498,2026,0,Opening Round,home_and_away,2026-03-08 19:20:00,M.C.G.,St Kilda,Collingwood,9,12,11,12,66,78,21,23,0.42857142857142855,0.4782608695652174,-12,-2,False
38499,2026,1,Round 1,home_and_away,2026-03-12 19:30:00,M.C.G.,Carlton,Richmond,10,15,9,17,75,71,25,26,0.4,0.34615384615384615,4,-1,False
38500,2026,1,Round 1,home_and_away,2026-03-13 19:40:00,M.C.G.,Essendon,Hawthorn,13,5,21,19,83,145,18,40,0.7222222222222222,0.525,-62,-22,False
38501,2026,1,Round 1,home_and_away,2026-03-14 13:15:00,Docklands,Western Bulldogs,Greater Western Sydney,21,8,7,11,134,53,29,18,0.7241379310344828,0.3888888888888889,81,11,False
38502,2026,1,Round 1,home_and_away,2026-03-14 16:15:00,Kardinia Park,Geelong,Fremantle,16,14,14,16,110,100,30,30,0.5333333333333333,0.4666666666666667,10,0,False
38503,2026,1,Round 1,home_and_away,2026-03-14 19:10:00,S.C.G.,Sydney,Brisbane Lions,15,14,8,12,104,60,29,20,0.5172413793103449,0.4,44,9,False
38504,2026,1,Round 1,home_and_away,2026-03-14 19:35:00,M.C.G.,Collingwood,Adelaide,11,13,13,15,79,93,24,28,0.4583333333333333,0.4642857142857143,-14,-4,False
38505,2026,1,Round 1,home_and_away,2026-03-15 13:10:00,Docklands,North Melbourne,Port Adelaide,17,11,9,13,113,67,28,22,0.6071428571428571,0.4090909090909091,46,6,False
38506,2026,1,Round 1,home_and_away,2026-03-15 15:15:00,M.C.G.,Melbourne,St Kilda,18,12,15,17,120,107,30,32,0.6,0.46875,13,-2,False
38507,2026,1,Round 1,home_and_away,2026-03-15 18:10:00,Carrara,Gold Coast,West Coast,20,11,10,12,131,72,31,22,0.6451612903225806,0.45454545454545453,59,9,False
38508,2026,2,Round 2,home_and_away,2026-03-19 19:30:00,M.C.G.,Hawthorn,Sydney,14,15,13,4,99,82,29,17,0.4827586206896552,0.7647058823529411,17,12,False
38509,2026,2,Round 2,home_and_away,2026-03-20 19:40:00,Adelaide Oval,Adelaide,Western Bulldogs,13,10,14,10,88,94,23,24,0.5652173913043478,0.5833333333333334,-6,-1,False
38510,2026,2,Round 2,home_and_away,2026-03-21 13:15:00,M.C.G.,Richmond,Gold Coast,9,6,19,14,60,128,15,33,0.6,0.5757575757575758,-68,-18,False
38511,2026,2,Round 2,home_and_away,2026-03-21 16:15:00,Sydney Showground,Greater Western Sydney,St Kilda,10,14,11,12,74,78,24,23,0.4166666666666667,0.4782608695652174,-4,1,False
38512,2026,2,Round 2,home_and_away,2026-03-21 19:35:00,Perth Stadium,Fremantle,Melbourne,17,16,10,10,118,70,33,20,0.5151515151515151,0.5,48,13,False
38513,2026,2,Round 2,home_and_away,2026-03-22 15:15:00,Adelaide Oval,Port Adelaide,Essendon,20,13,10,10,133,70,33,20,0.6060606060606061,0.5,63,13,False
38514,2026,2,Round 2,home_and_away,2026-03-22 18:10:00,Perth Stadium,West Coast,North Melbourne,17,9,15,4,111,94,26,19,0.6538461538461539,0.7894736842105263,17,7,False
38515,2026,3,Round 3,home_and_away,2026-03-26 19:30:00,Kardinia Park,Geelong,Adelaide,9,14,9,6,68,60,23,15,0.391304347826087,0.6,8,8,False
38516,2026,3,Round 3,home_and_away,2026-03-27 19:40:00,Docklands,Collingwood,Greater Western Sydney,13,9,7,12,87,54,22,19,0.5909090909090909,0.3684210526315789,33,3,False
38517,2026,3,Round 3,home_and_away,2026-03-28 12:35:00,Docklands,St Kilda,Brisbane Lions,11,14,17,11,80,113,25,28,0.44,0.6071428571428571,-33,-3,False
38518,2026,3,Round 3,home_and_away,2026-03-28 16:15:00,Perth Stadium,Fremantle,Richmond,13,25,6,7,103,43,38,13,0.34210526315789475,0.46153846153846156,60,25,False
38519,2026,3,Round 3,home_and_away,2026-03-28 19:35:00,Docklands,Essendon,North Melbourne,9,15,12,9,69,81,24,21,0.375,0.5714285714285714,-12,3,False
38520,2026,3,Round 3,home_and_away,2026-03-29 12:30:00,Adelaide Oval,Port Adelaide,West Coast,13,12,13,14,90,92,25,27,0.52,0.48148148148148145,-2,-2,False
38521,2026,3,Round 3,home_and_away,2026-03-29 15:15:00,M.C.G.,Carlton,Melbourne,11,11,15,10,77,100,22,25,0.5,0.6,-23,-3,False
38522,2026,4,Round 4,home_and_away,2026-04-02 19:30:00,Gabba,Brisbane Lions,Collingwood,17,17,10,5,119,65,34,15,0.5,0.6666666666666666,54,19,False
38523,2026,4,Round 4,home_and_away,2026-04-03 15:15:00,Docklands,North Melbourne,Carlton,14,12,13,8,96,86,26,21,0.5384615384615384,0.6190476190476191,10,5,False
38524,2026,4,Round 4,home_and_away,2026-04-03 19:15:00,Adelaide Oval,Adelaide,Fremantle,11,10,11,12,76,78,21,23,0.5238095238095238,0.4782608695652174,-2,-2,False
38525,2026,4,Round 4,home_and_away,2026-04-04 16:15:00,M.C.G.,Richmond,Port Adelaide,6,12,13,12,48,90,18,25,0.3333333333333333,0.52,-42,-7,False
38526,2026,4,Round 4,home_and_away,2026-04-04 19:35:00,Perth Stadium,West Coast,Sydney,4,11,24,19,35,163,15,43,0.26666666666666666,0.5581395348837209,-128,-28,False
38527,2026,4,Round 4,home_and_away,2026-04-05 15:15:00,M.C.G.,Melbourne,Gold Coast,16,13,14,5,109,89,29,19,0.5517241379310345,0.7368421052631579,20,10,False
38528,2026,4,Round 4,home_and_away,2026-04-05 19:20:00,Docklands,Western Bulldogs,Essendon,14,15,9,11,99,65,29,20,0.4827586206896552,0.45,34,9,False
38529,2026,4,Round 4,home_and_away,2026-04-06 15:15:00,M.C.G.,Hawthorn,Geelong,13,14,14,7,92,91,27,21,0.48148148148148145,0.6666666666666666,1,6,False
38530,2026,5,Round 5,home_and_away,2026-04-09 19:40:00,Adelaide Oval,Adelaide,Carlton,17,12,12,14,114,86,29,26,0.5862068965517241,0.46153846153846156,28,3,False
38531,2026,5,Round 5,home_and_away,2026-04-10 19:40:00,Adelaide Oval,Collingwood,Fremantle,5,9,7,3,39,45,14,10,0.35714285714285715,0.7,-6,4,False
38532,2026,5,Round 5,home_and_away,2026-04-11 12:35:00,Barossa Park,North Melbourne,Brisbane Lions,9,12,13,14,66,92,21,27,0.42857142857142855,0.48148148148148145,-26,-6,False
38533,2026,5,Round 5,home_and_away,2026-04-11 13:15:00,Adelaide Oval,Essendon,Melbourne,17,11,10,8,113,68,28,18,0.6071428571428571,0.5555555555555556,45,10,False
38534,2026,5,Round 5,home_and_away,2026-04-11 16:15:00,Norwood Oval,Sydney,Gold Coast,14,16,9,14,100,68,30,23,0.4666666666666667,0.391304347826087,32,7,False
38535,2026,5,Round 5,home_and_away,2026-04-11 19:35:00,Adelaide Oval,Hawthorn,Western Bulldogs,15,14,8,16,104,64,29,24,0.5172413793103449,0.3333333333333333,40,5,False
38536,2026,5,Round 5,home_and_away,2026-04-12 12:30:00,Norwood Oval,Geelong,West Coast,17,20,11,10,122,76,37,21,0.4594594594594595,0.5238095238095238,46,16,False
38537,2026,5,Round 5,home_and_away,2026-04-12 15:15:00,Barossa Park,Greater Western Sydney,Richmond,20,11,11,9,131,75,31,20,0.6451612903225806,0.55,56,11,False
38538,2026,5,Round 5,home_and_away,2026-04-12 19:15:00,Adelaide Oval,Port Adelaide,St Kilda,9,13,12,9,67,81,22,21,0.4090909090909091,0.5714285714285714,-14,1,False
38539,2026,6,Round 6,home_and_away,2026-04-16 19:30:00,M.C.G.,Carlton,Collingwood,12,11,13,10,83,88,23,23,0.5217391304347826,0.5652173913043478,-5,0,False
38540,2026,6,Round 6,home_and_away,2026-04-17 19:20:00,Kardinia Park,Geelong,Western Bulldogs,19,17,8,8,131,56,36,16,0.5277777777777778,0.5,75,20,False
38541,2026,6,Round 6,home_and_away,2026-04-17 19:50:00,S.C.G.,Sydney,Greater Western Sydney,17,5,8,18,107,66,22,26,0.7727272727272727,0.3076923076923077,41,-4,False
38542,2026,6,Round 6,home_and_away,2026-04-18 13:15:00,Carrara,Gold Coast,Essendon,17,17,17,8,119,110,34,25,0.5,0.68,9,9,False
38543,2026,6,Round 6,home_and_away,2026-04-18 16:15:00,Docklands,Hawthorn,Port Adelaide,13,11,13,8,89,86,24,21,0.5416666666666666,0.6190476190476191,3,3,False
38544,2026,6,Round 6,home_and_away,2026-04-18 19:35:00,Adelaide Oval,Adelaide,St Kilda,15,13,15,12,103,102,28,27,0.5357142857142857,0.5555555555555556,1,1,False
38545,2026,6,Round 6,home_and_away,2026-04-19 13:10:00,Docklands,North Melbourne,Richmond,20,10,7,13,130,55,30,20,0.6666666666666666,0.35,75,10,False
38546,2026,6,Round 6,home_and_away,2026-04-19 15:15:00,M.C.G.,Melbourne,Brisbane Lions,16,8,15,12,104,102,24,27,0.6666666666666666,0.5555555555555556,2,-3,False
38547,2026,6,Round 6,home_and_away,2026-04-19 17:10:00,Perth Stadium,West Coast,Fremantle,5,11,14,13,41,97,16,27,0.3125,0.5185185185185185,-56,-11,False
38548,2026,7,Round 7,home_and_away,2026-04-23 19:30:00,Docklands,Western Bulldogs,Sydney,9,6,18,18,60,126,15,36,0.6,0.5,-66,-21,False
38549,2026,7,Round 7,home_and_away,2026-04-24 19:40:00,M.C.G.,Richmond,Melbourne,11,6,19,12,72,126,17,31,0.6470588235294118,0.6129032258064516,-54,-14,False
38550,2026,7,Round 7,home_and_away,2026-04-25 12:30:00,York Park,Hawthorn,Gold Coast,16,16,9,9,112,63,32,18,0.5,0.5,49,14,False
38551,2026,7,Round 7,home_and_away,2026-04-25 15:20:00,M.C.G.,Essendon,Collingwood,9,6,20,17,60,137,15,37,0.6,0.5405405405405406,-77,-22,False
38552,2026,7,Round 7,home_and_away,2026-04-25 18:35:00,Adelaide Oval,Port Adelaide,Geelong,13,17,10,5,95,65,30,15,0.43333333333333335,0.6666666666666666,30,15,False
38553,2026,7,Round 7,home_and_away,2026-04-25 20:15:00,Perth Stadium,Fremantle,Carlton,16,7,13,11,103,89,23,24,0.6956521739130435,0.5416666666666666,14,-1,False
38554,2026,7,Round 7,home_and_away,2026-04-26 13:10:00,Docklands,St Kilda,West Coast,22,11,5,12,143,42,33,17,0.6666666666666666,0.29411764705882354,101,16,False
38555,2026,7,Round 7,home_and_away,2026-04-26 15:15:00,Gabba,Brisbane Lions,Adelaide,19,13,11,9,127,75,32,20,0.59375,0.55,52,12,False
38556,2026,7,Round 7,home_and_away,2026-04-26 16:40:00,Manuka Oval,Greater Western Sydney,North Melbourne,15,15,14,14,105,98,30,28,0.5,0.5,7,2,False
38557,2026,8,Round 8,home_and_away,2026-04-30 19:30:00,M.C.G.,Collingwood,Hawthorn,15,3,13,15,93,93,18,28,0.8333333333333334,0.4642857142857143,0,-10,True
38558,2026,8,Round 8,home_and_away,2026-05-01 19:30:00,Docklands,Western Bulldogs,Fremantle,15,12,17,12,102,114,27,29,0.5555555555555556,0.5862068965517241,-12,-2,False
38559,2026,8,Round 8,home_and_away,2026-05-01 20:10:00,Adelaide Oval,Adelaide,Port Adelaide,11,10,11,9,76,75,21,20,0.5238095238095238,0.55,1,1,False
38560,2026,8,Round 8,home_and_away,2026-05-02 12:35:00,Docklands,Essendon,Brisbane Lions,11,13,22,11,79,143,24,33,0.4583333333333333,0.6666666666666666,-64,-9,False
38561,2026,8,Round 8,home_and_away,2026-05-02 16:15:00,Perth Stadium,West Coast,Richmond,13,10,15,9,88,99,23,24,0.5652173913043478,0.625,-11,-1,False
38562,2026,8,Round 8,home_and_away,2026-05-02 16:35:00,Kardinia Park,Geelong,North Melbourne,21,9,13,8,135,86,30,21,0.7,0.6190476190476191,49,9,False
38563,2026,8,Round 8,home_and_away,2026-05-02 19:35:00,Docklands,Carlton,St Kilda,9,15,16,12,69,108,24,28,0.375,0.5714285714285714,-39,-4,False
38564,2026,8,Round 8,home_and_away,2026-05-03 15:15:00,S.C.G.,Sydney,Melbourne,19,17,17,12,131,114,36,29,0.5277777777777778,0.5862068965517241,17,7,False
38565,2026,8,Round 8,home_and_away,2026-05-03 19:20:00,Carrara,Gold Coast,Greater Western Sydney,11,17,8,15,83,63,28,23,0.39285714285714285,0.34782608695652173,20,5,False
38566,2026,9,Round 9,home_and_away,2026-05-07 20:10:00,Perth Stadium,Fremantle,Hawthorn,12,16,11,7,88,73,28,18,0.42857142857142855,0.6111111111111112,15,10,False
38567,2026,9,Round 9,home_and_away,2026-05-08 19:30:00,Gabba,Brisbane Lions,Carlton,14,16,13,11,100,89,30,24,0.4666666666666667,0.5416666666666666,11,6,False
38568,2026,9,Round 9,home_and_away,2026-05-08 20:10:00,Adelaide Oval,Port Adelaide,Western Bulldogs,10,12,10,14,72,74,22,24,0.45454545454545453,0.4166666666666667,-2,-2,False
38569,2026,9,Round 9,home_and_away,2026-05-09 13:15:00,Docklands,North Melbourne,Sydney,14,13,16,9,97,105,27,25,0.5185185185185185,0.64,-8,2,False
38570,2026,9,Round 9,home_and_away,2026-05-09 16:15:00,Sydney Showground,Greater Western Sydney,Essendon,16,7,13,11,103,89,23,24,0.6956521739130435,0.5416666666666666,14,-1,False
38571,2026,9,Round 9,home_and_away,2026-05-09 19:10:00,Marrara Oval,Gold Coast,St Kilda,13,11,8,12,89,60,24,20,0.5416666666666666,0.4,29,4,False
38572,2026,9,Round 9,home_and_away,2026-05-09 19:35:00,M.C.G.,Geelong,Collingwood,18,14,9,14,122,68,32,23,0.5625,0.391304347826087,54,9,False
38573,2026,9,Round 9,home_and_away,2026-05-10 13:10:00,Docklands,Melbourne,West Coast,15,9,9,13,99,67,24,22,0.625,0.4090909090909091,32,2,False
38574,2026,9,Round 9,home_and_away,2026-05-10 15:15:00,M.C.G.,Richmond,Adelaide,9,7,14,14,61,98,16,28,0.5625,0.5,-37,-12,False
38575,2026,10,Round 10,home_and_away,2026-05-14 19:30:00,Gabba,Brisbane Lions,Geelong,11,10,17,15,76,117,21,32,0.5238095238095238,0.53125,-41,-11,False
38576,2026,10,Round 10,home_and_away,2026-05-15 19:30:00,S.C.G.,Sydney,Collingwood,11,15,10,15,81,75,26,25,0.4230769230769231,0.4,6,1,False
38577,2026,10,Round 10,home_and_away,2026-05-15 20:10:00,Marrara Oval,Gold Coast,Port Adelaide,15,8,10,13,98,73,23,23,0.6521739130434783,0.43478260869565216,25,0,False
38578,2026,10,Round 10,home_and_away,2026-05-16 13:15:00,Adelaide Oval,Adelaide,North Melbourne,20,13,9,11,133,65,33,20,0.6060606060606061,0.45,68,13,False
38579,2026,10,Round 10,home_and_away,2026-05-16 16:15:00,M.C.G.,Melbourne,Hawthorn,18,12,12,9,120,81,30,21,0.6,0.5714285714285714,39,9,False
38580,2026,10,Round 10,home_and_away,2026-05-16 19:35:00,Docklands,Carlton,Western Bulldogs,10,14,9,8,74,62,24,17,0.4166666666666667,0.5294117647058824,12,7,False
38581,2026,10,Round 10,home_and_away,2026-05-17 13:10:00,M.C.G.,Essendon,Fremantle,8,13,16,8,61,104,21,24,0.38095238095238093,0.6666666666666666,-43,-3,False
38582,2026,10,Round 10,home_and_away,2026-05-17 15:15:00,Docklands,St Kilda,Richmond,16,13,11,7,109,73,29,18,0.5517241379310345,0.6111111111111112,36,11,False
38583,2026,10,Round 10,home_and_away,2026-05-17 18:15:00,Perth Stadium,West Coast,Greater Western Sydney,13,10,10,11,88,71,23,21,0.5652173913043478,0.47619047619047616,17,2,False
38584,2026,11,Round 11,home_and_away,2026-05-21 19:30:00,York Park,Hawthorn,Adelaide,10,15,9,12,75,66,25,21,0.4,0.42857142857142855,9,4,False
38585,2026,11,Round 11,home_and_away,2026-05-22 19:45:00,M.C.G.,Richmond,Essendon,10,14,7,14,74,56,24,21,0.4166666666666667,0.3333333333333333,18,3,False
38586,2026,11,Round 11,home_and_away,2026-05-22 20:30:00,Perth Stadium,Fremantle,St Kilda,16,8,11,8,104,74,24,19,0.6666666666666666,0.5789473684210527,30,5,False
38587,2026,11,Round 11,home_and_away,2026-05-23 13:15:00,Docklands,North Melbourne,Gold Coast,17,9,16,9,111,105,26,25,0.6538461538461539,0.64,6,1,False
38588,2026,11,Round 11,home_and_away,2026-05-23 16:15:00,Kardinia Park,Geelong,Sydney,15,17,12,8,107,80,32,20,0.46875,0.6,27,12,False
38589,2026,11,Round 11,home_and_away,2026-05-23 16:35:00,M.C.G.,Collingwood,West Coast,13,14,12,10,92,82,27,22,0.48148148148148145,0.5454545454545454,10,5,False
38590,2026,11,Round 11,home_and_away,2026-05-23 19:35:00,Adelaide Oval,Port Adelaide,Carlton,8,10,13,14,58,92,18,27,0.4444444444444444,0.48148148148148145,-34,-9,False
38591,2026,11,Round 11,home_and_away,2026-05-24 12:30:00,Sydney Showground,Greater Western Sydney,Brisbane Lions,26,10,13,10,166,88,36,23,0.7222222222222222,0.5652173913043478,78,13,False
38592,2026,11,Round 11,home_and_away,2026-05-24 15:15:00,Docklands,Western Bulldogs,Melbourne,14,9,13,12,93,90,23,25,0.6086956521739131,0.52,3,-2,False
38593,2026,12,Round 12,home_and_away,2026-05-28 19:30:00,Docklands,St Kilda,Hawthorn,9,13,18,11,67,119,22,29,0.4090909090909091,0.6206896551724138,-52,-7,False
38594,2026,12,Round 12,home_and_away,2026-05-29 19:40:00,M.C.G.,Carlton,Geelong,12,16,12,12,88,84,28,24,0.42857142857142855,0.5,4,4,False
38595,2026,12,Round 12,home_and_away,2026-05-30 13:15:00,S.C.G.,Sydney,Richmond,25,20,8,8,170,56,45,16,0.5555555555555556,0.5,114,29,False
38596,2026,12,Round 12,home_and_away,2026-05-30 16:15:00,Gabba,Brisbane Lions,Fremantle,10,18,15,13,78,103,28,28,0.35714285714285715,0.5357142857142857,-25,0,False
38597,2026,12,Round 12,home_and_away,2026-05-30 19:35:00,Docklands,Western Bulldogs,Collingwood,14,13,13,15,97,93,27,28,0.5185185185185185,0.4642857142857143,4,-1,False
38598,2026,12,Round 12,home_and_away,2026-05-31 15:15:00,Traeger Park,Melbourne,Greater Western Sydney,9,16,19,5,70,119,25,24,0.36,0.7916666666666666,-49,1,False
38599,2026,12,Round 12,home_and_away,2026-05-31 19:20:00,Perth Stadium,West Coast,Essendon,12,13,8,7,85,55,25,15,0.48,0.5333333333333333,30,10,False
38600,2026,13,Round 13,home_and_away,2026-06-04 19:30:00,Adelaide Oval,Adelaide,Geelong,11,9,10,14,75,74,20,24,0.55,0.4166666666666667,1,-4,False
38601,2026,13,Round 13,home_and_away,2026-06-05 19:40:00,M.C.G.,Hawthorn,Western Bulldogs,9,17,12,5,71,77,26,17,0.34615384615384615,0.7058823529411765,-6,9,False
38602,2026,13,Round 13,home_and_away,2026-06-06 14:15:00,Hands Oval,North Melbourne,Fremantle,4,7,24,11,31,155,11,35,0.36363636363636365,0.6857142857142857,-124,-24,False
38603,2026,13,Round 13,home_and_away,2026-06-06 17:15:00,Carrara,Gold Coast,Brisbane Lions,11,9,15,16,75,106,20,31,0.55,0.4838709677419355,-31,-11,False
38604,2026,13,Round 13,home_and_away,2026-06-06 20:15:00,Perth Stadium,West Coast,Port Adelaide,10,11,11,11,71,77,21,22,0.47619047619047616,0.5,-6,-1,False
38605,2026,13,Round 13,home_and_away,2026-06-07 15:15:00,S.C.G.,Sydney,St Kilda,15,14,15,12,104,102,29,27,0.5172413793103449,0.5555555555555556,2,2,False
38606,2026,13,Round 13,home_and_away,2026-06-07 19:20:00,M.C.G.,Essendon,Carlton,10,7,10,12,67,72,17,22,0.5882352941176471,0.45454545454545453,-5,-5,False
38607,2026,13,Round 13,home_and_away,2026-06-08 15:15:00,M.C.G.,Collingwood,Melbourne,11,9,12,11,75,83,20,23,0.55,0.5217391304347826,-8,-3,False
38608,2026,14,Round 14,home_and_away,2026-06-11 19:30:00,Docklands,Western Bulldogs,Adelaide,9,10,19,7,64,121,19,26,0.47368421052631576,0.7307692307692307,-57,-7,False
38609,2026,14,Round 14,home_and_away,2026-06-12 19:40:00,Kardinia Park,Geelong,Gold Coast,15,15,8,12,105,60,30,20,0.5,0.4,45,10,False
38610,2026,14,Round 14,home_and_away,2026-06-13 13:15:00,M.C.G.,Melbourne,Essendon,13,17,6,14,95,50,30,20,0.43333333333333335,0.3,45,10,False
38611,2026,14,Round 14,home_and_away,2026-06-13 16:15:00,Perth Stadium,North Melbourne,West Coast,10,14,10,13,74,73,24,23,0.4166666666666667,0.43478260869565216,1,1,False
38612,2026,14,Round 14,home_and_away,2026-06-13 19:35:00,Adelaide Oval,Port Adelaide,Sydney,13,12,14,9,90,93,25,23,0.52,0.6086956521739131,-3,2,False
38613,2026,14,Round 14,home_and_away,2026-06-14 13:10:00,Bellerive Oval,Richmond,Brisbane Lions,12,8,17,13,80,115,20,30,0.6,0.5666666666666667,-35,-10,False
38614,2026,14,Round 14,home_and_away,2026-06-14 15:15:00,Docklands,St Kilda,Greater Western Sydney,14,12,13,10,96,88,26,23,0.5384615384615384,0.5652173913043478,8,3,False
38615,2026,15,Round 15,home_and_away,2026-06-18 20:10:00,Perth Stadium,Fremantle,Geelong,14,15,14,6,99,90,29,20,0.4827586206896552,0.7,9,9,False
38616,2026,15,Round 15,home_and_away,2026-06-19 19:40:00,Carrara,Gold Coast,Hawthorn,14,13,17,11,97,113,27,28,0.5185185185185185,0.6071428571428571,-16,-1,False
38617,2026,15,Round 15,home_and_away,2026-06-20 13:15:00,Adelaide Oval,Adelaide,Melbourne,11,13,9,8,79,62,24,17,0.4583333333333333,0.5294117647058824,17,7,False
38618,2026,15,Round 15,home_and_away,2026-06-20 16:15:00,Sydney Showground,Greater Western Sydney,Carlton,9,11,12,16,65,88,20,28,0.45,0.42857142857142855,-23,-8,False
38619,2026,15,Round 15,home_and_away,2026-06-20 19:35:00,M.C.G.,Collingwood,Port Adelaide,11,12,6,16,78,52,23,22,0.4782608695652174,0.2727272727272727,26,1,False
38620,2026,15,Round 15,home_and_away,2026-06-21 13:10:00,M.C.G.,Richmond,North Melbourne,6,12,10,13,48,73,18,23,0.3333333333333333,0.43478260869565216,-25,-5,False
38621,2026,15,Round 15,home_and_away,2026-06-21 15:15:00,Docklands,St Kilda,Western Bulldogs,8,13,12,11,61,83,21,23,0.38095238095238093,0.5217391304347826,-22,-2,False
38622,2026,16,Round 16,home_and_away,2026-06-25 19:30:00,Gabba,Brisbane Lions,Sydney,19,12,12,11,126,83,31,23,0.6129032258064516,0.5217391304347826,43,8,False
38625,2026,16,Round 16,home_and_away,2026-06-26 19:40:00,M.C.G.,Hawthorn,Greater Western Sydney,14,12,12,10,96,82,26,22,0.5384615384615384,0.5454545454545454,14,4,False
38623,2026,16,Round 16,home_and_away,2026-06-27 13:15:00,Docklands,Carlton,West Coast,17,15,9,10,117,64,32,19,0.53125,0.47368421052631576,53,13,False
38624,2026,16,Round 16,home_and_away,2026-06-27 16:15:00,M.C.G.,Collingwood,Richmond,15,16,11,6,106,72,31,17,0.4838709677419355,0.6470588235294118,34,14,False
38627,2026,16,Round 16,home_and_away,2026-06-27 19:35:00,Adelaide Oval,Port Adelaide,Adelaide,13,19,11,5,97,71,32,16,0.40625,0.6875,26,16,False
38626,2026,16,Round 16,home_and_away,2026-06-28 15:15:00,Docklands,North Melbourne,Essendon,10,19,9,11,79,65,29,20,0.3448275862068966,0.45,14,9,False
38628,2026,16,Round 16,home_and_away,2026-06-28 17:10:00,Perth Stadium,Fremantle,Gold Coast,11,14,3,11,80,29,25,14,0.44,0.21428571428571427,51,11,False
38630,2026,17,Round 17,home_and_away,2026-07-02 19:30:00,Kardinia Park,Geelong,Brisbane Lions,14,17,19,9,101,123,31,28,0.45161290322580644,0.6785714285714286,-22,3,False
38635,2026,17,Round 17,home_and_away,2026-07-03 19:40:00,S.C.G.,Sydney,Western Bulldogs,13,12,7,13,90,55,25,20,0.52,0.35,35,5,False
38637,2026,17,Round 17,home_and_away,2026-07-03 20:10:00,Perth Stadium,West Coast,Adelaide,11,8,15,9,74,99,19,24,0.5789473684210527,0.625,-25,-5,False
38633,2026,17,Round 17,home_and_away,2026-07-04 13:15:00,York Park,Hawthorn,Melbourne,14,6,19,11,90,125,20,30,0.7,0.6333333333333333,-35,-10,False
38632,2026,17,Round 17,home_and_away,2026-07-04 13:35:00,Manuka Oval,Greater Western Sydney,Fremantle,16,13,13,10,109,88,29,23,0.5517241379310345,0.5652173913043478,21,6,False
38631,2026,17,Round 17,home_and_away,2026-07-04 16:15:00,Carrara,Gold Coast,Collingwood,15,8,15,14,98,104,23,29,0.6521739130434783,0.5172413793103449,-6,-6,False
38634,2026,17,Round 17,home_and_away,2026-07-04 19:35:00,M.C.G.,Richmond,Carlton,10,12,10,14,72,74,22,24,0.45454545454545453,0.4166666666666667,-2,-2,False
38629,2026,17,Round 17,home_and_away,2026-07-05 15:15:00,Docklands,Essendon,St Kilda,7,8,17,15,50,117,15,32,0.4666666666666667,0.53125,-67,-17,False
38636,2026,17,Round 17,home_and_away,2026-07-05 16:40:00,Adelaide Oval,Port Adelaide,North Melbourne,10,13,7,10,73,52,23,17,0.43478260869565216,0.4117647058823529,21,6,False
38646,2026,18,Round 18,home_and_away,2026-07-09 20:10:00,Perth Stadium,Fremantle,Sydney,15,21,10,13,111,73,36,23,0.4166666666666667,0.43478260869565216,38,13,False
38640,2026,18,Round 18,home_and_away,2026-07-10 19:40:00,Docklands,Collingwood,North Melbourne,13,11,12,13,89,85,24,25,0.5416666666666666,0.48,4,-1,False
38643,2026,18,Round 18,home_and_away,2026-07-11 13:15:00,Docklands,St Kilda,Port Adelaide,13,9,10,13,87,73,22,23,0.5909090909090909,0.43478260869565216,14,-1,False
38641,2026,18,Round 18,home_and_away,2026-07-11 16:15:00,Sydney Showground,Greater Western Sydney,Geelong,12,14,11,7,86,73,26,18,0.46153846153846156,0.6111111111111112,13,8,False
38639,2026,18,Round 18,home_and_away,2026-07-11 19:35:00,M.C.G.,Carlton,Hawthorn,6,3,15,13,39,103,9,28,0.6666666666666666,0.5357142857142857,-64,-19,False
38645,2026,18,Round 18,home_and_away,2026-07-11 20:10:00,Adelaide Oval,Adelaide,Gold Coast,19,14,7,7,128,49,33,14,0.5757575757575758,0.5,79,19,False
38644,2026,18,Round 18,home_and_away,2026-07-12 13:10:00,Docklands,Western Bulldogs,West Coast,13,8,9,16,86,70,21,25,0.6190476190476191,0.36,16,-4,False
38642,2026,18,Round 18,home_and_away,2026-07-12 15:15:00,M.C.G.,Melbourne,Richmond,16,15,9,11,111,65,31,20,0.5161290322580645,0.45,46,11,False
38638,2026,18,Round 18,home_and_away,2026-07-12 16:40:00,Gabba,Brisbane Lions,Essendon,22,17,8,11,149,59,39,19,0.5641025641025641,0.42105263157894735,90,20,False
38649,2026,19,Round 19,home_and_away,2026-07-16 19:30:00,Kardinia Park,Geelong,St Kilda,15,12,11,9,102,75,27,20,0.5555555555555556,0.55,27,7,False
38653,2026,19,Round 19,home_and_away,2026-07-17 19:40:00,S.C.G.,Sydney,Adelaide,10,11,13,9,71,87,21,22,0.47619047619047616,0.5909090909090909,-16,-1,False
38654,2026,19,Round 19,home_and_away,2026-07-18 13:15:00,Adelaide Oval,Port Adelaide,Fremantle,11,9,15,13,75,103,20,28,0.55,0.5357142857142857,-28,-8,False
38651,2026,19,Round 19,home_and_away,2026-07-18 16:15:00,Docklands,North Melbourne,Melbourne,11,10,13,14,76,92,21,27,0.5238095238095238,0.48148148148148145,-16,-6,False
38647,2026,19,Round 19,home_and_away,2026-07-18 19:35:00,M.C.G.,Collingwood,Carlton,14,6,10,9,90,69,20,19,0.7,0.5263157894736842,21,1,False
38655,2026,19,Round 19,home_and_away,2026-07-18 20:10:00,Perth Stadium,West Coast,Brisbane Lions,10,9,13,15,69,93,19,28,0.5263157894736842,0.4642857142857143,-24,-9,False
38652,2026,19,Round 19,home_and_away,2026-07-19 13:10:00,M.C.G.,Richmond,Hawthorn,6,16,18,14,52,122,22,32,0.2727272727272727,0.5625,-70,-10,False
38650,2026,19,Round 19,home_and_away,2026-07-19 15:15:00,Carrara,Gold Coast,Western Bulldogs,9,14,11,11,68,77,23,22,0.391304347826087,0.5,-9,1,False
38648,2026,19,Round 19,home_and_away,2026-07-19 16:40:00,Docklands,Essendon,Greater Western Sydney,10,7,8,16,67,64,17,24,0.5882352941176471,0.3333333333333333,3,-7,False
38663,2026,20,Round 20,home_and_away,2026-07-23 19:30:00,Adelaide Oval,Adelaide,Collingwood,11,8,16,12,74,108,19,28,0.5789473684210527,0.5714285714285714,-34,-9,False
38661,2026,20,Round 20,home_and_away,2026-07-24 19:40:00,M.C.G.,Melbourne,Geelong,14,13,18,9,97,117,27,27,0.5185185185185185,0.6666666666666666,-20,0,False
38664,2026,20,Round 20,home_and_away,2026-07-24 20:10:00,Perth Stadium,Fremantle,West Coast,16,16,6,6,112,42,32,12,0.5,0.5,70,20,False
38657,2026,20,Round 20,home_and_away,2026-07-25 13:05:00,Docklands,Carlton,Gold Coast,16,14,15,7,110,97,30,22,0.5333333333333333,0.6818181818181818,13,8,False
38659,2026,20,Round 20,home_and_away,2026-07-25 16:15:00,M.C.G.,Hawthorn,Essendon,19,18,5,9,132,39,37,14,0.5135135135135135,0.35714285714285715,93,23,False
38658,2026,20,Round 20,home_and_away,2026-07-25 16:35:00,Sydney Showground,Greater Western Sydney,Sydney,13,10,21,13,88,139,23,34,0.5652173913043478,0.6176470588235294,-51,-11,False
38662,2026,20,Round 20,home_and_away,2026-07-25 19:40:00,Docklands,Western Bulldogs,Richmond,15,15,7,6,105,48,30,13,0.5,0.5384615384615384,57,17,False
38656,2026,20,Round 20,home_and_away,2026-07-26 13:10:00,Gabba,Brisbane Lions,Port Adelaide,19,12,9,13,126,67,31,22,0.6129032258064516,0.4090909090909091,59,9,False
38660,2026,20,Round 20,home_and_away,2026-07-26 15:15:00,Docklands,North Melbourne,St Kilda,8,14,13,15,62,93,22,28,0.36363636363636365,0.4642857142857143,-31,-6,False
38666,2026,21,Round 21,home_and_away,2026-07-30 19:30:00,M.C.G.,Collingwood,Geelong,10,12,15,7,72,97,22,22,0.45454545454545453,0.6818181818181818,-25,0,False
38673,2026,21,Round 21,home_and_away,2026-07-31 20:10:00,Perth Stadium,Fremantle,Western Bulldogs,11,12,5,11,78,41,23,16,0.4782608695652174,0.3125,37,7,False
38671,2026,21,Round 21,home_and_away,2026-08-01 13:05:00,Docklands,St Kilda,Sydney,13,10,16,11,88,107,23,27,0.5652173913043478,0.5925925925925926,-19,-4,False
38669,2026,21,Round 21,home_and_away,2026-08-01 13:35:00,York Park,Hawthorn,North Melbourne,14,15,12,11,99,83,29,23,0.4827586206896552,0.5217391304347826,16,6,False
38672,2026,21,Round 21,home_and_away,2026-08-01 18:35:00,Adelaide Oval,Port Adelaide,Greater Western Sydney,9,9,10,15,63,75,18,25,0.5,0.4,-12,-7,False
38665,2026,21,Round 21,home_and_away,2026-08-01 19:40:00,Docklands,Carlton,Brisbane Lions,24,10,11,12,154,78,34,23,0.7058823529411765,0.4782608695652174,76,11,False
38670,2026,21,Round 21,home_and_away,2026-08-02 13:10:00,M.C.G.,Richmond,West Coast,12,12,9,19,84,73,24,28,0.5,0.32142857142857145,11,-4,False
38668,2026,21,Round 21,home_and_away,2026-08-02 15:15:00,Carrara,Gold Coast,Melbourne,16,9,18,6,105,114,25,24,0.64,0.75,-9,1,False
38667,2026,21,Round 21,home_and_away,2026-08-02 16:40:00,Docklands,Essendon,Adelaide,11,7,23,7,73,145,18,30,0.6111111111111112,0.7666666666666667,-72,-12,False
38680,2026,22,Round 22,home_and_away,2026-08-06 19:30:00,Docklands,Western Bulldogs,North Melbourne,11,11,15,10,77,100,22,25,0.5,0.6,-23,-3,False
38674,2026,22,Round 22,home_and_away,2026-08-07 19:40:00,Gabba,Brisbane Lions,Hawthorn,18,17,8,10,125,58,35,18,0.5142857142857142,0.4444444444444444,67,17,False
38677,2026,22,Round 22,home_and_away,2026-08-08 13:15:00,M.C.G.,Melbourne,Fremantle,17,11,17,7,113,109,28,24,0.6071428571428571,0.7083333333333334,4,4,False
38679,2026,22,Round 22,home_and_away,2026-08-08 16:15:00,S.C.G.,Sydney,Port Adelaide,26,11,10,10,167,70,37,20,0.7027027027027027,0.5,97,17,False
38675,2026,22,Round 22,home_and_away,2026-08-08 16:35:00,Kardinia Park,Geelong,Essendon,17,15,7,8,117,50,32,15,0.53125,0.4666666666666667,67,17,False
38681,2026,22,Round 22,home_and_away,2026-08-08 19:35:00,Adelaide Oval,Adelaide,Richmond,9,9,7,12,63,54,18,19,0.5,0.3684210526315789,9,-1,False
38676,2026,22,Round 22,home_and_away,2026-08-09 13:10:00,Manuka Oval,Greater Western Sydney,Gold Coast,11,11,11,13,77,79,22,24,0.5,0.4583333333333333,-2,-2,False
38682,2026,22,Round 22,home_and_away,2026-08-09 16:10:00,Perth Stadium,West Coast,Collingwood,15,8,17,15,98,117,23,32,0.6521739130434783,0.53125,-19,-9,False
38678,2026,22,Round 22,home_and_away,2026-08-09 19:20:00,Docklands,St Kilda,Carlton,8,14,16,10,62,106,22,26,0.36363636363636365,0.6153846153846154,-44,-4,False
38691,2026,23,Round 23,home_and_away,2026-08-14 20:10:00,Perth Stadium,Fremantle,Adelaide,16,16,13,10,112,88,32,23,0.5,0.5652173913043478,24,9,False
38688,2026,23,Round 23,home_and_away,2026-08-15 12:35:00,M.C.G.,Richmond,St Kilda,6,9,14,10,45,94,15,24,0.4,0.5833333333333334,-49,-9,False
38687,2026,23,Round 23,home_and_away,2026-08-15 15:45:00,Docklands,North Melbourne,Geelong,17,8,19,11,110,125,25,30,0.68,0.6333333333333333,-15,-5,False
38683,2026,23,Round 23,home_and_away,2026-08-15 16:15:00,Gabba,Brisbane Lions,Gold Coast,14,11,6,17,95,53,25,23,0.56,0.2608695652173913,42,2,False
38686,2026,23,Round 23,home_and_away,2026-08-15 19:40:00,M.C.G.,Hawthorn,Collingwood,13,14,13,14,92,92,27,27,0.48148148148148145,0.48148148148148145,0,0,True
38690,2026,23,Round 23,home_and_away,2026-08-15 20:10:00,Adelaide Oval,Port Adelaide,Melbourne,8,8,20,12,56,132,16,32,0.5,0.625,-76,-16,False
38685,2026,23,Round 23,home_and_away,2026-08-16 13:40:00,Sydney Showground,Greater Western Sydney,West Coast,16,15,7,15,111,57,31,22,0.5161290322580645,0.3181818181818182,54,9,False
38689,2026,23,Round 23,home_and_away,2026-08-16 15:15:00,Docklands,Western Bulldogs,Carlton,12,10,12,10,82,82,22,22,0.5454545454545454,0.5454545454545454,0,0,True
38684,2026,23,Round 23,home_and_away,2026-08-16 16:40:00,M.C.G.,Essendon,Sydney,11,10,17,10,76,112,21,27,0.5238095238095238,0.6296296296296297,-36,-6,False
38697,2026,24,Round 24,home_and_away,2026-08-20 19:30:00,Docklands,St Kilda,Gold Coast,12,8,14,19,80,103,20,33,0.6,0.42424242424242425,-23,-13,False
38692,2026,24,Round 24,home_and_away,2026-08-21 19:40:00,M.C.G.,Collingwood,Brisbane Lions,15,6,25,9,96,159,21,34,0.7142857142857143,0.7352941176470589,-63,-13,False
38693,2026,24,Round 24,home_and_away,2026-08-22 13:15:00,Docklands,Carlton,Fremantle,18,11,12,10,119,82,29,22,0.6206896551724138,0.5454545454545454,37,7,False
38696,2026,24,Round 24,home_and_away,2026-08-22 16:15:00,M.C.G.,Melbourne,Western Bulldogs,12,15,16,12,87,108,27,28,0.4444444444444444,0.5714285714285714,-21,-1,False
38695,2026,24,Round 24,home_and_away,2026-08-22 19:45:00,Kardinia Park,Geelong,Richmond,20,13,11,10,133,76,33,21,0.6060606060606061,0.5238095238095238,57,12,False
38699,2026,24,Round 24,home_and_away,2026-08-22 20:10:00,Adelaide Oval,Adelaide,Greater Western Sydney,24,13,15,11,157,101,37,26,0.6486486486486487,0.5769230769230769,56,11,False
38694,2026,24,Round 24,home_and_away,2026-08-23 12:20:00,Docklands,Essendon,Port Adelaide,14,11,16,8,95,104,25,24,0.56,0.6666666666666666,-9,1,False
38698,2026,24,Round 24,home_and_away,2026-08-23 15:20:00,S.C.G.,Sydney,North Melbourne,17,21,10,10,123,70,38,20,0.4473684210526316,0.5,53,18,False
38700,2026,24,Round 24,home_and_away,2026-08-23 19:20:00,Perth Stadium,West Coast,Hawthorn,6,9,16,11,45,107,15,27,0.4,0.5925925925925926,-62,-12,False
38720,2026,25,Wildcard Finals,wildcard_final,2026-08-28 19:40:00,M.C.G.,Western Bulldogs,Collingwood,14,12,14,9,96,93,26,23,0.5384615384615384,0.6086956521739131,3,3,False
38719,2026,25,Wildcard Finals,wildcard_final,2026-08-29 19:35:00,M.C.G.,Melbourne,Carlton,7,13,10,14,55,74,20,24,0.35,0.4166666666666667,-19,-4,False
38723,2026,26,Finals Week 1,qualifying_final,2026-09-03 20:10:00,Perth Stadium,Fremantle,Hawthorn,5,10,10,12,40,72,15,22,0.3333333333333333,0.45454545454545453,-32,-7,False
38721,2026,26,Finals Week 1,elimination_final,2026-09-04 19:40:00,M.C.G.,Geelong,Carlton,14,23,11,8,107,74,37,19,0.3783783783783784,0.5789473684210527,33,18,False
38724,2026,26,Finals Week 1,qualifying_final,2026-09-05 15:15:00,S.C.G.,Sydney,Brisbane Lions,21,15,13,10,141,88,36,23,0.5833333333333334,0.5652173913043478,53,13,False
38722,2026,26,Finals Week 1,elimination_final,2026-09-05 19:35:00,Adelaide Oval,Adelaide,Western Bulldogs,14,6,9,14,90,68,20,23,0.7,0.391304347826087,22,-3,False
38725,2026,27,Semi-Finals,semi_final,2026-09-11 20:10:00,Perth Stadium,Fremantle,Geelong,18,12,16,10,120,106,30,26,0.6,0.6153846153846154,14,4,False
38726,2026,27,Semi-Finals,semi_final,2026-09-12 19:35:00,Gabba,Brisbane Lions,Adelaide,21,18,13,13,144,91,39,26,0.5384615384615384,0.5,53,13,False
38728,2026,28,Preliminary Finals,preliminary_final,2026-09-18 19:40:00,S.C.G.,Sydney,Fremantle,10,11,12,11,71,83,21,23,0.47619047619047616,0.5217391304347826,-12,-2,False
38727,2026,28,Preliminary Finals,preliminary_final,2026-09-19 17:15:00,M.C.G.,Hawthorn,Brisbane Lions,19,8,20,11,122,131,27,31,0.7037037037037037,0.6451612903225806,-9,-4,False
